{
  "type": "FeatureCollection",
  "features": [
    {
      "type": "Feature",
      "geometry": {
        "type": "Point",
        "coordinates": [
          -73.92705,
          40.80007
        ]
      },
      "properties": {
        "id": "nyc-osm-5669174",
        "temperatureF": 104,
        "temperatureC": 40,
        "baselineRuralF": 75,
        "deltaF": 29,
        "severity": "Critical",
        "surfaceType": "asphalt",
        "areaName": "Robert F. Kennedy Bridge",
        "censusTract": "OSM Way #5669174 • 3 impervious ways/450m"
      }
    },
    {
      "type": "Feature",
      "geometry": {
        "type": "Point",
        "coordinates": [
          -74.00714,
          40.72269
        ]
      },
      "properties": {
        "id": "nyc-osm-5669279",
        "temperatureF": 103.8,
        "temperatureC": 39.9,
        "baselineRuralF": 75,
        "deltaF": 28.8,
        "severity": "Critical",
        "surfaceType": "asphalt",
        "areaName": "Holland Tunnel Rotary",
        "censusTract": "OSM Way #5669279 • 4 impervious ways/450m"
      }
    },
    {
      "type": "Feature",
      "geometry": {
        "type": "Point",
        "coordinates": [
          -74.01466,
          40.76502
        ]
      },
      "properties": {
        "id": "nyc-osm-5669566",
        "temperatureF": 103.5,
        "temperatureC": 39.7,
        "baselineRuralF": 75,
        "deltaF": 28.5,
        "severity": "Critical",
        "surfaceType": "asphalt",
        "areaName": "Lincoln Tunnel",
        "censusTract": "OSM Way #5669566 • 2 impervious ways/450m"
      }
    },
    {
      "type": "Feature",
      "geometry": {
        "type": "Point",
        "coordinates": [
          -73.94391,
          40.78079
        ]
      },
      "properties": {
        "id": "nyc-osm-5670186",
        "temperatureF": 105.1,
        "temperatureC": 40.6,
        "baselineRuralF": 75,
        "deltaF": 30.1,
        "severity": "Critical",
        "surfaceType": "asphalt",
        "areaName": "FDR Drive",
        "censusTract": "OSM Way #5670186 • 5 impervious ways/450m"
      }
    },
    {
      "type": "Feature",
      "geometry": {
        "type": "Point",
        "coordinates": [
          -73.97206,
          40.7288
        ]
      },
      "properties": {
        "id": "nyc-osm-5671887",
        "temperatureF": 102.4,
        "temperatureC": 39.1,
        "baselineRuralF": 75,
        "deltaF": 27.4,
        "severity": "Critical",
        "surfaceType": "asphalt",
        "areaName": "FDR Drive",
        "censusTract": "OSM Way #5671887 • 0 impervious ways/450m"
      }
    },
    {
      "type": "Feature",
      "geometry": {
        "type": "Point",
        "coordinates": [
          -73.9431,
          40.77807
        ]
      },
      "properties": {
        "id": "nyc-osm-5671901",
        "temperatureF": 103.8,
        "temperatureC": 39.9,
        "baselineRuralF": 75,
        "deltaF": 28.8,
        "severity": "Critical",
        "surfaceType": "asphalt",
        "areaName": "FDR Drive",
        "censusTract": "OSM Way #5671901 • 4 impervious ways/450m"
      }
    },
    {
      "type": "Feature",
      "geometry": {
        "type": "Point",
        "coordinates": [
          -73.99936,
          40.75224
        ]
      },
      "properties": {
        "id": "nyc-osm-5672730",
        "temperatureF": 103.8,
        "temperatureC": 39.9,
        "baselineRuralF": 75,
        "deltaF": 28.8,
        "severity": "Critical",
        "surfaceType": "asphalt",
        "areaName": "Lincoln Tunnel Expressway",
        "censusTract": "OSM Way #5672730 • 4 impervious ways/450m"
      }
    },
    {
      "type": "Feature",
      "geometry": {
        "type": "Point",
        "coordinates": [
          -74.00096,
          40.76206
        ]
      },
      "properties": {
        "id": "nyc-osm-5673276",
        "temperatureF": 103.3,
        "temperatureC": 39.6,
        "baselineRuralF": 75,
        "deltaF": 28.3,
        "severity": "Critical",
        "surfaceType": "asphalt",
        "areaName": "12th Avenue",
        "censusTract": "OSM Way #5673276 • 3 impervious ways/450m"
      }
    },
    {
      "type": "Feature",
      "geometry": {
        "type": "Point",
        "coordinates": [
          -73.91677,
          40.80174
        ]
      },
      "properties": {
        "id": "nyc-osm-5699045",
        "temperatureF": 109,
        "temperatureC": 42.8,
        "baselineRuralF": 75,
        "deltaF": 34,
        "severity": "Critical",
        "surfaceType": "asphalt",
        "areaName": "Bruckner Expressway",
        "censusTract": "OSM Way #5699045 • 12 impervious ways/450m"
      }
    },
    {
      "type": "Feature",
      "geometry": {
        "type": "Point",
        "coordinates": [
          -73.91771,
          40.8008
        ]
      },
      "properties": {
        "id": "nyc-osm-5699313",
        "temperatureF": 108.4,
        "temperatureC": 42.4,
        "baselineRuralF": 75,
        "deltaF": 33.4,
        "severity": "Critical",
        "surfaceType": "asphalt",
        "areaName": "Robert F. Kennedy Bridge",
        "censusTract": "OSM Way #5699313 • 11 impervious ways/450m"
      }
    },
    {
      "type": "Feature",
      "geometry": {
        "type": "Point",
        "coordinates": [
          -73.94189,
          40.74861
        ]
      },
      "properties": {
        "id": "nyc-osm-5700571",
        "temperatureF": 106.8,
        "temperatureC": 41.6,
        "baselineRuralF": 75,
        "deltaF": 31.8,
        "severity": "Critical",
        "surfaceType": "asphalt",
        "areaName": "Ed Koch Queensboro Bridge Upper Level",
        "censusTract": "OSM Way #5700571 • 8 impervious ways/450m"
      }
    },
    {
      "type": "Feature",
      "geometry": {
        "type": "Point",
        "coordinates": [
          -73.94712,
          40.7537
        ]
      },
      "properties": {
        "id": "nyc-osm-5706587",
        "temperatureF": 102.2,
        "temperatureC": 39,
        "baselineRuralF": 75,
        "deltaF": 27.2,
        "severity": "Critical",
        "surfaceType": "asphalt",
        "areaName": "Queensboro Bridge (Upper Level)",
        "censusTract": "OSM Way #5706587 • 1 impervious ways/450m"
      }
    },
    {
      "type": "Feature",
      "geometry": {
        "type": "Point",
        "coordinates": [
          -73.93765,
          40.74927
        ]
      },
      "properties": {
        "id": "nyc-osm-5706588",
        "temperatureF": 106.8,
        "temperatureC": 41.6,
        "baselineRuralF": 75,
        "deltaF": 31.8,
        "severity": "Critical",
        "surfaceType": "asphalt",
        "areaName": "Queensboro Plaza",
        "censusTract": "OSM Way #5706588 • 8 impervious ways/450m"
      }
    },
    {
      "type": "Feature",
      "geometry": {
        "type": "Point",
        "coordinates": [
          -74.02341,
          40.76584
        ]
      },
      "properties": {
        "id": "nyc-osm-8028094",
        "temperatureF": 108.4,
        "temperatureC": 42.4,
        "baselineRuralF": 75,
        "deltaF": 33.4,
        "severity": "Critical",
        "surfaceType": "asphalt",
        "areaName": "Lincoln Tunnel",
        "censusTract": "OSM Way #8028094 • 11 impervious ways/450m"
      }
    },
    {
      "type": "Feature",
      "geometry": {
        "type": "Point",
        "coordinates": [
          -74.01493,
          40.76455
        ]
      },
      "properties": {
        "id": "nyc-osm-8028096",
        "temperatureF": 103.5,
        "temperatureC": 39.7,
        "baselineRuralF": 75,
        "deltaF": 28.5,
        "severity": "Critical",
        "surfaceType": "asphalt",
        "areaName": "Lincoln Tunnel",
        "censusTract": "OSM Way #8028096 • 2 impervious ways/450m"
      }
    },
    {
      "type": "Feature",
      "geometry": {
        "type": "Point",
        "coordinates": [
          -74.02416,
          40.76408
        ]
      },
      "properties": {
        "id": "nyc-osm-8028102",
        "temperatureF": 107.3,
        "temperatureC": 41.8,
        "baselineRuralF": 75,
        "deltaF": 32.3,
        "severity": "Critical",
        "surfaceType": "asphalt",
        "areaName": "Lincoln Tunnel Helix",
        "censusTract": "OSM Way #8028102 • 9 impervious ways/450m"
      }
    },
    {
      "type": "Feature",
      "geometry": {
        "type": "Point",
        "coordinates": [
          -74.02281,
          40.76631
        ]
      },
      "properties": {
        "id": "nyc-osm-8028103",
        "temperatureF": 108.4,
        "temperatureC": 42.4,
        "baselineRuralF": 75,
        "deltaF": 33.4,
        "severity": "Critical",
        "surfaceType": "asphalt",
        "areaName": "Lincoln Tunnel",
        "censusTract": "OSM Way #8028103 • 11 impervious ways/450m"
      }
    },
    {
      "type": "Feature",
      "geometry": {
        "type": "Point",
        "coordinates": [
          -74.02115,
          40.76701
        ]
      },
      "properties": {
        "id": "nyc-osm-8028104",
        "temperatureF": 107.9,
        "temperatureC": 42.2,
        "baselineRuralF": 75,
        "deltaF": 32.9,
        "severity": "Critical",
        "surfaceType": "asphalt",
        "areaName": "Lincoln Tunnel",
        "censusTract": "OSM Way #8028104 • 10 impervious ways/450m"
      }
    },
    {
      "type": "Feature",
      "geometry": {
        "type": "Point",
        "coordinates": [
          -73.96767,
          40.80986
        ]
      },
      "properties": {
        "id": "nyc-osm-8608691",
        "temperatureF": 102.9,
        "temperatureC": 39.4,
        "baselineRuralF": 75,
        "deltaF": 27.9,
        "severity": "Critical",
        "surfaceType": "asphalt",
        "areaName": "Henry Hudson Parkway",
        "censusTract": "OSM Way #8608691 • 1 impervious ways/450m"
      }
    },
    {
      "type": "Feature",
      "geometry": {
        "type": "Point",
        "coordinates": [
          -73.92011,
          40.77256
        ]
      },
      "properties": {
        "id": "nyc-osm-11316055",
        "temperatureF": 104.6,
        "temperatureC": 40.3,
        "baselineRuralF": 75,
        "deltaF": 29.6,
        "severity": "Critical",
        "surfaceType": "asphalt",
        "areaName": "Robert F. Kennedy Bridge",
        "censusTract": "OSM Way #11316055 • 4 impervious ways/450m"
      }
    },
    {
      "type": "Feature",
      "geometry": {
        "type": "Point",
        "coordinates": [
          -73.96259,
          40.74485
        ]
      },
      "properties": {
        "id": "nyc-osm-11878036",
        "temperatureF": 101.6,
        "temperatureC": 38.7,
        "baselineRuralF": 75,
        "deltaF": 26.6,
        "severity": "Critical",
        "surfaceType": "asphalt",
        "areaName": "Queens-Midtown Tunnel",
        "censusTract": "OSM Way #11878036 • 0 impervious ways/450m"
      }
    },
    {
      "type": "Feature",
      "geometry": {
        "type": "Point",
        "coordinates": [
          -74.02116,
          40.76655
        ]
      },
      "properties": {
        "id": "nyc-osm-22701977",
        "temperatureF": 107.9,
        "temperatureC": 42.2,
        "baselineRuralF": 75,
        "deltaF": 32.9,
        "severity": "Critical",
        "surfaceType": "asphalt",
        "areaName": "Lincoln Tunnel",
        "censusTract": "OSM Way #22701977 • 10 impervious ways/450m"
      }
    },
    {
      "type": "Feature",
      "geometry": {
        "type": "Point",
        "coordinates": [
          -73.98354,
          40.75375
        ]
      },
      "properties": {
        "id": "nyc-osm-22727025",
        "temperatureF": 76.7,
        "temperatureC": 24.8,
        "baselineRuralF": 75,
        "deltaF": 1.7,
        "severity": "Low",
        "surfaceType": "canopy",
        "areaName": "Bryant Park",
        "censusTract": "OSM Way #22727025 • 3 impervious ways/450m"
      }
    },
    {
      "type": "Feature",
      "geometry": {
        "type": "Point",
        "coordinates": [
          -73.98787,
          40.74219
        ]
      },
      "properties": {
        "id": "nyc-osm-22899286",
        "temperatureF": 75.8,
        "temperatureC": 24.3,
        "baselineRuralF": 75,
        "deltaF": 0.8,
        "severity": "Low",
        "surfaceType": "canopy",
        "areaName": "Madison Square Park",
        "censusTract": "OSM Way #22899286 • 0 impervious ways/450m"
      }
    },
    {
      "type": "Feature",
      "geometry": {
        "type": "Point",
        "coordinates": [
          -73.99759,
          40.73089
        ]
      },
      "properties": {
        "id": "nyc-osm-22899302",
        "temperatureF": 75.8,
        "temperatureC": 24.3,
        "baselineRuralF": 75,
        "deltaF": 0.8,
        "severity": "Low",
        "surfaceType": "canopy",
        "areaName": "Washington Square Park",
        "censusTract": "OSM Way #22899302 • 0 impervious ways/450m"
      }
    },
    {
      "type": "Feature",
      "geometry": {
        "type": "Point",
        "coordinates": [
          -74.00201,
          40.74166
        ]
      },
      "properties": {
        "id": "nyc-osm-22900913",
        "temperatureF": 75.8,
        "temperatureC": 24.3,
        "baselineRuralF": 75,
        "deltaF": 0.8,
        "severity": "Low",
        "surfaceType": "canopy",
        "areaName": "Dr. Gertrude B. Kelly Playground",
        "censusTract": "OSM Way #22900913 • 0 impervious ways/450m"
      }
    },
    {
      "type": "Feature",
      "geometry": {
        "type": "Point",
        "coordinates": [
          -74.00067,
          40.74992
        ]
      },
      "properties": {
        "id": "nyc-osm-22900959",
        "temperatureF": 76.9,
        "temperatureC": 24.9,
        "baselineRuralF": 75,
        "deltaF": 1.9,
        "severity": "Low",
        "surfaceType": "canopy",
        "areaName": "Chelsea Park",
        "censusTract": "OSM Way #22900959 • 2 impervious ways/450m"
      }
    },
    {
      "type": "Feature",
      "geometry": {
        "type": "Point",
        "coordinates": [
          -73.98591,
          40.73794
        ]
      },
      "properties": {
        "id": "nyc-osm-22901074",
        "temperatureF": 75.8,
        "temperatureC": 24.3,
        "baselineRuralF": 75,
        "deltaF": 0.8,
        "severity": "Low",
        "surfaceType": "canopy",
        "areaName": "Gramercy Park",
        "censusTract": "OSM Way #22901074 • 0 impervious ways/450m"
      }
    },
    {
      "type": "Feature",
      "geometry": {
        "type": "Point",
        "coordinates": [
          -74.00907,
          40.74099
        ]
      },
      "properties": {
        "id": "nyc-osm-22903923",
        "temperatureF": 102,
        "temperatureC": 38.9,
        "baselineRuralF": 75,
        "deltaF": 27,
        "severity": "Critical",
        "surfaceType": "asphalt",
        "areaName": "West Street",
        "censusTract": "OSM Way #22903923 • 2 impervious ways/450m"
      }
    },
    {
      "type": "Feature",
      "geometry": {
        "type": "Point",
        "coordinates": [
          -74.00746,
          40.74926
        ]
      },
      "properties": {
        "id": "nyc-osm-22903972",
        "temperatureF": 76.2,
        "temperatureC": 24.6,
        "baselineRuralF": 75,
        "deltaF": 1.2,
        "severity": "Low",
        "surfaceType": "canopy",
        "areaName": "Chelsea Waterside Park",
        "censusTract": "OSM Way #22903972 • 2 impervious ways/450m"
      }
    },
    {
      "type": "Feature",
      "geometry": {
        "type": "Point",
        "coordinates": [
          -74.00825,
          40.74272
        ]
      },
      "properties": {
        "id": "nyc-osm-22904239",
        "temperatureF": 77.5,
        "temperatureC": 25.3,
        "baselineRuralF": 75,
        "deltaF": 2.5,
        "severity": "Low",
        "surfaceType": "canopy",
        "areaName": "14th Street Park",
        "censusTract": "OSM Way #22904239 • 3 impervious ways/450m"
      }
    },
    {
      "type": "Feature",
      "geometry": {
        "type": "Point",
        "coordinates": [
          -74.00969,
          40.72487
        ]
      },
      "properties": {
        "id": "nyc-osm-22927463",
        "temperatureF": 103.3,
        "temperatureC": 39.6,
        "baselineRuralF": 75,
        "deltaF": 28.3,
        "severity": "Critical",
        "surfaceType": "asphalt",
        "areaName": "Canal Street",
        "censusTract": "OSM Way #22927463 • 3 impervious ways/450m"
      }
    },
    {
      "type": "Feature",
      "geometry": {
        "type": "Point",
        "coordinates": [
          -73.96961,
          40.80735
        ]
      },
      "properties": {
        "id": "nyc-osm-22941409",
        "temperatureF": 103.5,
        "temperatureC": 39.7,
        "baselineRuralF": 75,
        "deltaF": 28.5,
        "severity": "Critical",
        "surfaceType": "asphalt",
        "areaName": "Henry Hudson Parkway",
        "censusTract": "OSM Way #22941409 • 2 impervious ways/450m"
      }
    },
    {
      "type": "Feature",
      "geometry": {
        "type": "Point",
        "coordinates": [
          -73.99427,
          40.7682
        ]
      },
      "properties": {
        "id": "nyc-osm-22941918",
        "temperatureF": 79.1,
        "temperatureC": 26.2,
        "baselineRuralF": 75,
        "deltaF": 4.1,
        "severity": "Low",
        "surfaceType": "canopy",
        "areaName": "DeWitt Clinton Park",
        "censusTract": "OSM Way #22941918 • 6 impervious ways/450m"
      }
    },
    {
      "type": "Feature",
      "geometry": {
        "type": "Point",
        "coordinates": [
          -73.99411,
          40.7721
        ]
      },
      "properties": {
        "id": "nyc-osm-22941939",
        "temperatureF": 104.4,
        "temperatureC": 40.2,
        "baselineRuralF": 75,
        "deltaF": 29.4,
        "severity": "Critical",
        "surfaceType": "asphalt",
        "areaName": "West Side Highway",
        "censusTract": "OSM Way #22941939 • 5 impervious ways/450m"
      }
    },
    {
      "type": "Feature",
      "geometry": {
        "type": "Point",
        "coordinates": [
          -73.99352,
          40.77256
        ]
      },
      "properties": {
        "id": "nyc-osm-22942162",
        "temperatureF": 104.4,
        "temperatureC": 40.2,
        "baselineRuralF": 75,
        "deltaF": 29.4,
        "severity": "Critical",
        "surfaceType": "asphalt",
        "areaName": "West Side Highway",
        "censusTract": "OSM Way #22942162 • 5 impervious ways/450m"
      }
    },
    {
      "type": "Feature",
      "geometry": {
        "type": "Point",
        "coordinates": [
          -74.007,
          40.72476
        ]
      },
      "properties": {
        "id": "nyc-osm-22946628",
        "temperatureF": 103.3,
        "temperatureC": 39.6,
        "baselineRuralF": 75,
        "deltaF": 28.3,
        "severity": "Critical",
        "surfaceType": "asphalt",
        "areaName": "Holland Tunnel",
        "censusTract": "OSM Way #22946628 • 3 impervious ways/450m"
      }
    },
    {
      "type": "Feature",
      "geometry": {
        "type": "Point",
        "coordinates": [
          -74.00288,
          40.739
        ]
      },
      "properties": {
        "id": "nyc-osm-22961817",
        "temperatureF": 75.8,
        "temperatureC": 24.3,
        "baselineRuralF": 75,
        "deltaF": 0.8,
        "severity": "Low",
        "surfaceType": "canopy",
        "areaName": "Jackson Square Park",
        "censusTract": "OSM Way #22961817 • 0 impervious ways/450m"
      }
    },
    {
      "type": "Feature",
      "geometry": {
        "type": "Point",
        "coordinates": [
          -74.00482,
          40.73908
        ]
      },
      "properties": {
        "id": "nyc-osm-22961821",
        "temperatureF": 75.8,
        "temperatureC": 24.3,
        "baselineRuralF": 75,
        "deltaF": 0.8,
        "severity": "Low",
        "surfaceType": "canopy",
        "areaName": "Corporal John A. Seravalli Playground",
        "censusTract": "OSM Way #22961821 • 2 impervious ways/450m"
      }
    },
    {
      "type": "Feature",
      "geometry": {
        "type": "Point",
        "coordinates": [
          -74.0043,
          40.74663
        ]
      },
      "properties": {
        "id": "nyc-osm-22961904",
        "temperatureF": 76.2,
        "temperatureC": 24.6,
        "baselineRuralF": 75,
        "deltaF": 1.2,
        "severity": "Low",
        "surfaceType": "canopy",
        "areaName": "Clement Clarke Moore Park",
        "censusTract": "OSM Way #22961904 • 2 impervious ways/450m"
      }
    },
    {
      "type": "Feature",
      "geometry": {
        "type": "Point",
        "coordinates": [
          -73.97051,
          40.74956
        ]
      },
      "properties": {
        "id": "nyc-osm-23048485",
        "temperatureF": 77.3,
        "temperatureC": 25.2,
        "baselineRuralF": 75,
        "deltaF": 2.3,
        "severity": "Low",
        "surfaceType": "canopy",
        "areaName": "Tudor City Greens - North Park",
        "censusTract": "OSM Way #23048485 • 4 impervious ways/450m"
      }
    },
    {
      "type": "Feature",
      "geometry": {
        "type": "Point",
        "coordinates": [
          -73.97102,
          40.74885
        ]
      },
      "properties": {
        "id": "nyc-osm-23048493",
        "temperatureF": 77.1,
        "temperatureC": 25.1,
        "baselineRuralF": 75,
        "deltaF": 2.1,
        "severity": "Low",
        "surfaceType": "canopy",
        "areaName": "Tudor City Greens - South Park",
        "censusTract": "OSM Way #23048493 • 5 impervious ways/450m"
      }
    },
    {
      "type": "Feature",
      "geometry": {
        "type": "Point",
        "coordinates": [
          -74.03228,
          40.74221
        ]
      },
      "properties": {
        "id": "nyc-osm-24404158",
        "temperatureF": 75.8,
        "temperatureC": 24.3,
        "baselineRuralF": 75,
        "deltaF": 0.8,
        "severity": "Low",
        "surfaceType": "canopy",
        "areaName": "Church Square Park",
        "censusTract": "OSM Way #24404158 • 2 impervious ways/450m"
      }
    },
    {
      "type": "Feature",
      "geometry": {
        "type": "Point",
        "coordinates": [
          -74.02802,
          40.74146
        ]
      },
      "properties": {
        "id": "nyc-osm-24404209",
        "temperatureF": 75.8,
        "temperatureC": 24.3,
        "baselineRuralF": 75,
        "deltaF": 0.8,
        "severity": "Low",
        "surfaceType": "canopy",
        "areaName": "Stevens Park",
        "censusTract": "OSM Way #24404209 • 3 impervious ways/450m"
      }
    },
    {
      "type": "Feature",
      "geometry": {
        "type": "Point",
        "coordinates": [
          -74.02711,
          40.74136
        ]
      },
      "properties": {
        "id": "nyc-osm-24404232",
        "temperatureF": 75.8,
        "temperatureC": 24.3,
        "baselineRuralF": 75,
        "deltaF": 0.8,
        "severity": "Low",
        "surfaceType": "canopy",
        "areaName": "Hudson Park",
        "censusTract": "OSM Way #24404232 • 4 impervious ways/450m"
      }
    },
    {
      "type": "Feature",
      "geometry": {
        "type": "Point",
        "coordinates": [
          -74.02626,
          40.73691
        ]
      },
      "properties": {
        "id": "nyc-osm-24404263",
        "temperatureF": 78,
        "temperatureC": 25.6,
        "baselineRuralF": 75,
        "deltaF": 3,
        "severity": "Low",
        "surfaceType": "canopy",
        "areaName": "Pier A Park",
        "censusTract": "OSM Way #24404263 • 4 impervious ways/450m"
      }
    },
    {
      "type": "Feature",
      "geometry": {
        "type": "Point",
        "coordinates": [
          -74.0254,
          40.74863
        ]
      },
      "properties": {
        "id": "nyc-osm-24404317",
        "temperatureF": 75.8,
        "temperatureC": 24.3,
        "baselineRuralF": 75,
        "deltaF": 0.8,
        "severity": "Low",
        "surfaceType": "canopy",
        "areaName": "Elysian Park",
        "censusTract": "OSM Way #24404317 • 1 impervious ways/450m"
      }
    },
    {
      "type": "Feature",
      "geometry": {
        "type": "Point",
        "coordinates": [
          -74.02604,
          40.74124
        ]
      },
      "properties": {
        "id": "nyc-osm-24404351",
        "temperatureF": 76,
        "temperatureC": 24.4,
        "baselineRuralF": 75,
        "deltaF": 1,
        "severity": "Low",
        "surfaceType": "canopy",
        "areaName": "Sinatra Park",
        "censusTract": "OSM Way #24404351 • 3 impervious ways/450m"
      }
    },
    {
      "type": "Feature",
      "geometry": {
        "type": "Point",
        "coordinates": [
          -74.0328,
          40.74883
        ]
      },
      "properties": {
        "id": "nyc-osm-24404437",
        "temperatureF": 77.8,
        "temperatureC": 25.4,
        "baselineRuralF": 75,
        "deltaF": 2.8,
        "severity": "Low",
        "surfaceType": "canopy",
        "areaName": "Columbus Park",
        "censusTract": "OSM Way #24404437 • 5 impervious ways/450m"
      }
    },
    {
      "type": "Feature",
      "geometry": {
        "type": "Point",
        "coordinates": [
          -73.98169,
          40.72647
        ]
      },
      "properties": {
        "id": "nyc-osm-25162896",
        "temperatureF": 75.8,
        "temperatureC": 24.3,
        "baselineRuralF": 75,
        "deltaF": 0.8,
        "severity": "Low",
        "surfaceType": "canopy",
        "areaName": "Tompkins Square Park",
        "censusTract": "OSM Way #25162896 • 0 impervious ways/450m"
      }
    },
    {
      "type": "Feature",
      "geometry": {
        "type": "Point",
        "coordinates": [
          -73.99833,
          40.74824
        ]
      },
      "properties": {
        "id": "nyc-osm-25165681",
        "temperatureF": 101.6,
        "temperatureC": 38.7,
        "baselineRuralF": 75,
        "deltaF": 26.6,
        "severity": "Critical",
        "surfaceType": "asphalt",
        "areaName": "Surface Asphalt Parking Expanse (OSM #5681)",
        "censusTract": "OSM Way #25165681 • 0 impervious ways/450m"
      }
    },
    {
      "type": "Feature",
      "geometry": {
        "type": "Point",
        "coordinates": [
          -73.9407,
          40.75082
        ]
      },
      "properties": {
        "id": "nyc-osm-25345586",
        "temperatureF": 106.2,
        "temperatureC": 41.2,
        "baselineRuralF": 75,
        "deltaF": 31.2,
        "severity": "Critical",
        "surfaceType": "asphalt",
        "areaName": "NY 25 Highway Corridor (OSM #5586)",
        "censusTract": "OSM Way #25345586 • 7 impervious ways/450m"
      }
    },
    {
      "type": "Feature",
      "geometry": {
        "type": "Point",
        "coordinates": [
          -73.94052,
          40.75067
        ]
      },
      "properties": {
        "id": "nyc-osm-25345605",
        "temperatureF": 106.2,
        "temperatureC": 41.2,
        "baselineRuralF": 75,
        "deltaF": 31.2,
        "severity": "Critical",
        "surfaceType": "asphalt",
        "areaName": "Queensboro Plaza",
        "censusTract": "OSM Way #25345605 • 7 impervious ways/450m"
      }
    },
    {
      "type": "Feature",
      "geometry": {
        "type": "Point",
        "coordinates": [
          -73.92022,
          40.77248
        ]
      },
      "properties": {
        "id": "nyc-osm-25346051",
        "temperatureF": 104.6,
        "temperatureC": 40.3,
        "baselineRuralF": 75,
        "deltaF": 29.6,
        "severity": "Critical",
        "surfaceType": "asphalt",
        "areaName": "Grand Central Parkway",
        "censusTract": "OSM Way #25346051 • 4 impervious ways/450m"
      }
    },
    {
      "type": "Feature",
      "geometry": {
        "type": "Point",
        "coordinates": [
          -73.90997,
          40.76914
        ]
      },
      "properties": {
        "id": "nyc-osm-25346083",
        "temperatureF": 102.4,
        "temperatureC": 39.1,
        "baselineRuralF": 75,
        "deltaF": 27.4,
        "severity": "Critical",
        "surfaceType": "asphalt",
        "areaName": "Grand Central Parkway",
        "censusTract": "OSM Way #25346083 • 0 impervious ways/450m"
      }
    },
    {
      "type": "Feature",
      "geometry": {
        "type": "Point",
        "coordinates": [
          -73.90459,
          40.76804
        ]
      },
      "properties": {
        "id": "nyc-osm-25347739",
        "temperatureF": 104,
        "temperatureC": 40,
        "baselineRuralF": 75,
        "deltaF": 29,
        "severity": "Critical",
        "surfaceType": "asphalt",
        "areaName": "Brooklyn-Queens Expressway West",
        "censusTract": "OSM Way #25347739 • 3 impervious ways/450m"
      }
    },
    {
      "type": "Feature",
      "geometry": {
        "type": "Point",
        "coordinates": [
          -73.9042,
          40.76741
        ]
      },
      "properties": {
        "id": "nyc-osm-25347740",
        "temperatureF": 104,
        "temperatureC": 40,
        "baselineRuralF": 75,
        "deltaF": 29,
        "severity": "Critical",
        "surfaceType": "asphalt",
        "areaName": "Brooklyn-Queens Expressway West",
        "censusTract": "OSM Way #25347740 • 3 impervious ways/450m"
      }
    },
    {
      "type": "Feature",
      "geometry": {
        "type": "Point",
        "coordinates": [
          -73.90634,
          40.73724
        ]
      },
      "properties": {
        "id": "nyc-osm-25355690",
        "temperatureF": 104,
        "temperatureC": 40,
        "baselineRuralF": 75,
        "deltaF": 29,
        "severity": "Critical",
        "surfaceType": "asphalt",
        "areaName": "Brooklyn-Queens Expressway",
        "censusTract": "OSM Way #25355690 • 3 impervious ways/450m"
      }
    },
    {
      "type": "Feature",
      "geometry": {
        "type": "Point",
        "coordinates": [
          -73.95489,
          40.74408
        ]
      },
      "properties": {
        "id": "nyc-osm-25355873",
        "temperatureF": 75.8,
        "temperatureC": 24.3,
        "baselineRuralF": 75,
        "deltaF": 0.8,
        "severity": "Low",
        "surfaceType": "canopy",
        "areaName": "Gantry Plaza State Park",
        "censusTract": "OSM Way #25355873 • 1 impervious ways/450m"
      }
    },
    {
      "type": "Feature",
      "geometry": {
        "type": "Point",
        "coordinates": [
          -73.94882,
          40.74722
        ]
      },
      "properties": {
        "id": "nyc-osm-25355909",
        "temperatureF": 75.8,
        "temperatureC": 24.3,
        "baselineRuralF": 75,
        "deltaF": 0.8,
        "severity": "Low",
        "surfaceType": "canopy",
        "areaName": "Murray Playground",
        "censusTract": "OSM Way #25355909 • 0 impervious ways/450m"
      }
    },
    {
      "type": "Feature",
      "geometry": {
        "type": "Point",
        "coordinates": [
          -73.90496,
          40.76637
        ]
      },
      "properties": {
        "id": "nyc-osm-25419441",
        "temperatureF": 104.6,
        "temperatureC": 40.3,
        "baselineRuralF": 75,
        "deltaF": 29.6,
        "severity": "Critical",
        "surfaceType": "asphalt",
        "areaName": "Brooklyn-Queens Expressway West",
        "censusTract": "OSM Way #25419441 • 4 impervious ways/450m"
      }
    },
    {
      "type": "Feature",
      "geometry": {
        "type": "Point",
        "coordinates": [
          -73.94058,
          40.76626
        ]
      },
      "properties": {
        "id": "nyc-osm-25419495",
        "temperatureF": 75.8,
        "temperatureC": 24.3,
        "baselineRuralF": 75,
        "deltaF": 0.8,
        "severity": "Low",
        "surfaceType": "canopy",
        "areaName": "Rainey Park",
        "censusTract": "OSM Way #25419495 • 0 impervious ways/450m"
      }
    },
    {
      "type": "Feature",
      "geometry": {
        "type": "Point",
        "coordinates": [
          -73.91579,
          40.74286
        ]
      },
      "properties": {
        "id": "nyc-osm-25420828",
        "temperatureF": 75.8,
        "temperatureC": 24.3,
        "baselineRuralF": 75,
        "deltaF": 0.8,
        "severity": "Low",
        "surfaceType": "canopy",
        "areaName": "Joe Sabba Park",
        "censusTract": "OSM Way #25420828 • 0 impervious ways/450m"
      }
    },
    {
      "type": "Feature",
      "geometry": {
        "type": "Point",
        "coordinates": [
          -73.95129,
          40.74158
        ]
      },
      "properties": {
        "id": "nyc-osm-25428263",
        "temperatureF": 100.9,
        "temperatureC": 38.3,
        "baselineRuralF": 75,
        "deltaF": 25.9,
        "severity": "Critical",
        "surfaceType": "asphalt",
        "areaName": "Long Island Expressway",
        "censusTract": "OSM Way #25428263 • 0 impervious ways/450m"
      }
    },
    {
      "type": "Feature",
      "geometry": {
        "type": "Point",
        "coordinates": [
          -73.95775,
          40.74637
        ]
      },
      "properties": {
        "id": "nyc-osm-25428484",
        "temperatureF": 75.8,
        "temperatureC": 24.3,
        "baselineRuralF": 75,
        "deltaF": 0.8,
        "severity": "Low",
        "surfaceType": "canopy",
        "areaName": "Gantry Plaza State Park",
        "censusTract": "OSM Way #25428484 • 1 impervious ways/450m"
      }
    },
    {
      "type": "Feature",
      "geometry": {
        "type": "Point",
        "coordinates": [
          -73.92888,
          40.80073
        ]
      },
      "properties": {
        "id": "nyc-osm-25464382",
        "temperatureF": 104,
        "temperatureC": 40,
        "baselineRuralF": 75,
        "deltaF": 29,
        "severity": "Critical",
        "surfaceType": "asphalt",
        "areaName": "Robert F. Kennedy Bridge",
        "censusTract": "OSM Way #25464382 • 3 impervious ways/450m"
      }
    },
    {
      "type": "Feature",
      "geometry": {
        "type": "Point",
        "coordinates": [
          -73.89191,
          40.7665
        ]
      },
      "properties": {
        "id": "nyc-osm-25649986",
        "temperatureF": 104,
        "temperatureC": 40,
        "baselineRuralF": 75,
        "deltaF": 29,
        "severity": "Critical",
        "surfaceType": "asphalt",
        "areaName": "Brooklyn-Queens Expressway East",
        "censusTract": "OSM Way #25649986 • 3 impervious ways/450m"
      }
    },
    {
      "type": "Feature",
      "geometry": {
        "type": "Point",
        "coordinates": [
          -73.89397,
          40.76631
        ]
      },
      "properties": {
        "id": "nyc-osm-25649992",
        "temperatureF": 104,
        "temperatureC": 40,
        "baselineRuralF": 75,
        "deltaF": 29,
        "severity": "Critical",
        "surfaceType": "asphalt",
        "areaName": "Brooklyn-Queens Expressway East",
        "censusTract": "OSM Way #25649992 • 3 impervious ways/450m"
      }
    },
    {
      "type": "Feature",
      "geometry": {
        "type": "Point",
        "coordinates": [
          -74.03596,
          40.75104
        ]
      },
      "properties": {
        "id": "nyc-osm-26806351",
        "temperatureF": 76.7,
        "temperatureC": 24.8,
        "baselineRuralF": 75,
        "deltaF": 1.7,
        "severity": "Low",
        "surfaceType": "canopy",
        "areaName": "ShopRite Park",
        "censusTract": "OSM Way #26806351 • 3 impervious ways/450m"
      }
    },
    {
      "type": "Feature",
      "geometry": {
        "type": "Point",
        "coordinates": [
          -74.02321,
          40.76558
        ]
      },
      "properties": {
        "id": "nyc-osm-26944451",
        "temperatureF": 107.9,
        "temperatureC": 42.2,
        "baselineRuralF": 75,
        "deltaF": 32.9,
        "severity": "Critical",
        "surfaceType": "asphalt",
        "areaName": "Lincoln Tunnel",
        "censusTract": "OSM Way #26944451 • 10 impervious ways/450m"
      }
    },
    {
      "type": "Feature",
      "geometry": {
        "type": "Point",
        "coordinates": [
          -74.02323,
          40.76589
        ]
      },
      "properties": {
        "id": "nyc-osm-26944453",
        "temperatureF": 108.4,
        "temperatureC": 42.4,
        "baselineRuralF": 75,
        "deltaF": 33.4,
        "severity": "Critical",
        "surfaceType": "asphalt",
        "areaName": "Lincoln Tunnel",
        "censusTract": "OSM Way #26944453 • 11 impervious ways/450m"
      }
    },
    {
      "type": "Feature",
      "geometry": {
        "type": "Point",
        "coordinates": [
          -74.02535,
          40.76954
        ]
      },
      "properties": {
        "id": "nyc-osm-26944647",
        "temperatureF": 105.1,
        "temperatureC": 40.6,
        "baselineRuralF": 75,
        "deltaF": 30.1,
        "severity": "Critical",
        "surfaceType": "asphalt",
        "areaName": "NJ 495 Highway Corridor (OSM #4647)",
        "censusTract": "OSM Way #26944647 • 5 impervious ways/450m"
      }
    },
    {
      "type": "Feature",
      "geometry": {
        "type": "Point",
        "coordinates": [
          -74.02311,
          40.76836
        ]
      },
      "properties": {
        "id": "nyc-osm-26944671",
        "temperatureF": 107.9,
        "temperatureC": 42.2,
        "baselineRuralF": 75,
        "deltaF": 32.9,
        "severity": "Critical",
        "surfaceType": "asphalt",
        "areaName": "NJ 495 Highway Corridor (OSM #4671)",
        "censusTract": "OSM Way #26944671 • 10 impervious ways/450m"
      }
    },
    {
      "type": "Feature",
      "geometry": {
        "type": "Point",
        "coordinates": [
          -74.02152,
          40.76572
        ]
      },
      "properties": {
        "id": "nyc-osm-27054843",
        "temperatureF": 107.9,
        "temperatureC": 42.2,
        "baselineRuralF": 75,
        "deltaF": 32.9,
        "severity": "Critical",
        "surfaceType": "asphalt",
        "areaName": "NJ 495 Highway Corridor (OSM #4843)",
        "censusTract": "OSM Way #27054843 • 10 impervious ways/450m"
      }
    },
    {
      "type": "Feature",
      "geometry": {
        "type": "Point",
        "coordinates": [
          -74.02145,
          40.7675
        ]
      },
      "properties": {
        "id": "nyc-osm-27054844",
        "temperatureF": 108.4,
        "temperatureC": 42.4,
        "baselineRuralF": 75,
        "deltaF": 33.4,
        "severity": "Critical",
        "surfaceType": "asphalt",
        "areaName": "NJ 495 Highway Corridor (OSM #4844)",
        "censusTract": "OSM Way #27054844 • 11 impervious ways/450m"
      }
    },
    {
      "type": "Feature",
      "geometry": {
        "type": "Point",
        "coordinates": [
          -74.02166,
          40.766
        ]
      },
      "properties": {
        "id": "nyc-osm-27054845",
        "temperatureF": 107.9,
        "temperatureC": 42.2,
        "baselineRuralF": 75,
        "deltaF": 32.9,
        "severity": "Critical",
        "surfaceType": "asphalt",
        "areaName": "NJ 495 Highway Corridor (OSM #4845)",
        "censusTract": "OSM Way #27054845 • 10 impervious ways/450m"
      }
    },
    {
      "type": "Feature",
      "geometry": {
        "type": "Point",
        "coordinates": [
          -74.04125,
          40.77601
        ]
      },
      "properties": {
        "id": "nyc-osm-27055967",
        "temperatureF": 103.8,
        "temperatureC": 39.9,
        "baselineRuralF": 75,
        "deltaF": 28.8,
        "severity": "Critical",
        "surfaceType": "asphalt",
        "areaName": "NJ 495 Highway Corridor (OSM #5967)",
        "censusTract": "OSM Way #27055967 • 4 impervious ways/450m"
      }
    },
    {
      "type": "Feature",
      "geometry": {
        "type": "Point",
        "coordinates": [
          -74.02922,
          40.73748
        ]
      },
      "properties": {
        "id": "nyc-osm-27080290",
        "temperatureF": 101.8,
        "temperatureC": 38.8,
        "baselineRuralF": 75,
        "deltaF": 26.8,
        "severity": "Critical",
        "surfaceType": "commercial_roof",
        "areaName": "Five Marine View Plaza",
        "censusTract": "OSM Way #27080290 • 3 impervious ways/450m"
      }
    },
    {
      "type": "Feature",
      "geometry": {
        "type": "Point",
        "coordinates": [
          -74.02904,
          40.73808
        ]
      },
      "properties": {
        "id": "nyc-osm-27080292",
        "temperatureF": 101,
        "temperatureC": 38.3,
        "baselineRuralF": 75,
        "deltaF": 26,
        "severity": "Critical",
        "surfaceType": "asphalt",
        "areaName": "Municipal Parking Garage B",
        "censusTract": "OSM Way #27080292 • 3 impervious ways/450m"
      }
    },
    {
      "type": "Feature",
      "geometry": {
        "type": "Point",
        "coordinates": [
          -74.02834,
          40.74036
        ]
      },
      "properties": {
        "id": "nyc-osm-27080293",
        "temperatureF": 100.3,
        "temperatureC": 37.9,
        "baselineRuralF": 75,
        "deltaF": 25.3,
        "severity": "Critical",
        "surfaceType": "asphalt",
        "areaName": "Municipal Lot G",
        "censusTract": "OSM Way #27080293 • 3 impervious ways/450m"
      }
    },
    {
      "type": "Feature",
      "geometry": {
        "type": "Point",
        "coordinates": [
          -74.02873,
          40.73909
        ]
      },
      "properties": {
        "id": "nyc-osm-27080295",
        "temperatureF": 101,
        "temperatureC": 38.3,
        "baselineRuralF": 75,
        "deltaF": 26,
        "severity": "Critical",
        "surfaceType": "asphalt",
        "areaName": "Municipal Lot D",
        "censusTract": "OSM Way #27080295 • 3 impervious ways/450m"
      }
    },
    {
      "type": "Feature",
      "geometry": {
        "type": "Point",
        "coordinates": [
          -74.02643,
          40.74535
        ]
      },
      "properties": {
        "id": "nyc-osm-27080464",
        "temperatureF": 100.9,
        "temperatureC": 38.3,
        "baselineRuralF": 75,
        "deltaF": 25.9,
        "severity": "Critical",
        "surfaceType": "asphalt",
        "areaName": "Eighth Street Parking Lot",
        "censusTract": "OSM Way #27080464 • 0 impervious ways/450m"
      }
    },
    {
      "type": "Feature",
      "geometry": {
        "type": "Point",
        "coordinates": [
          -74.03381,
          40.74519
        ]
      },
      "properties": {
        "id": "nyc-osm-27080470",
        "temperatureF": 101.4,
        "temperatureC": 38.6,
        "baselineRuralF": 75,
        "deltaF": 26.4,
        "severity": "Critical",
        "surfaceType": "asphalt",
        "areaName": "Surface Asphalt Parking Expanse (OSM #0470)",
        "censusTract": "OSM Way #27080470 • 1 impervious ways/450m"
      }
    },
    {
      "type": "Feature",
      "geometry": {
        "type": "Point",
        "coordinates": [
          -74.0321,
          40.74763
        ]
      },
      "properties": {
        "id": "nyc-osm-27080911",
        "temperatureF": 102.7,
        "temperatureC": 39.3,
        "baselineRuralF": 75,
        "deltaF": 27.7,
        "severity": "Critical",
        "surfaceType": "asphalt",
        "areaName": "Surface Asphalt Parking Expanse (OSM #0911)",
        "censusTract": "OSM Way #27080911 • 2 impervious ways/450m"
      }
    },
    {
      "type": "Feature",
      "geometry": {
        "type": "Point",
        "coordinates": [
          -74.03614,
          40.75045
        ]
      },
      "properties": {
        "id": "nyc-osm-27081356",
        "temperatureF": 102,
        "temperatureC": 38.9,
        "baselineRuralF": 75,
        "deltaF": 27,
        "severity": "Critical",
        "surfaceType": "asphalt",
        "areaName": "ShopRite — Surface Asphalt Parking Expanse",
        "censusTract": "OSM Way #27081356 • 2 impervious ways/450m"
      }
    },
    {
      "type": "Feature",
      "geometry": {
        "type": "Point",
        "coordinates": [
          -74.03646,
          40.74939
        ]
      },
      "properties": {
        "id": "nyc-osm-27081357",
        "temperatureF": 101,
        "temperatureC": 38.3,
        "baselineRuralF": 75,
        "deltaF": 26,
        "severity": "Critical",
        "surfaceType": "commercial_roof",
        "areaName": "ShopRite",
        "censusTract": "OSM Way #27081357 • 3 impervious ways/450m"
      }
    },
    {
      "type": "Feature",
      "geometry": {
        "type": "Point",
        "coordinates": [
          -74.03045,
          40.75292
        ]
      },
      "properties": {
        "id": "nyc-osm-27081362",
        "temperatureF": 102,
        "temperatureC": 38.9,
        "baselineRuralF": 75,
        "deltaF": 27,
        "severity": "Critical",
        "surfaceType": "commercial_roof",
        "areaName": "1300 Willow Avenue (Commercial Retail Complex)",
        "censusTract": "OSM Way #27081362 • 2 impervious ways/450m"
      }
    },
    {
      "type": "Feature",
      "geometry": {
        "type": "Point",
        "coordinates": [
          -74.03284,
          40.78784
        ]
      },
      "properties": {
        "id": "nyc-osm-27105705",
        "temperatureF": 102.9,
        "temperatureC": 39.4,
        "baselineRuralF": 75,
        "deltaF": 27.9,
        "severity": "Critical",
        "surfaceType": "asphalt",
        "areaName": "Tonnelle Avenue Parking",
        "censusTract": "OSM Way #27105705 • 1 impervious ways/450m"
      }
    },
    {
      "type": "Feature",
      "geometry": {
        "type": "Point",
        "coordinates": [
          -74.04006,
          40.7757
        ]
      },
      "properties": {
        "id": "nyc-osm-27154321",
        "temperatureF": 104.9,
        "temperatureC": 40.5,
        "baselineRuralF": 75,
        "deltaF": 29.9,
        "severity": "Critical",
        "surfaceType": "asphalt",
        "areaName": "NJ 495 Highway Corridor (OSM #4321)",
        "censusTract": "OSM Way #27154321 • 6 impervious ways/450m"
      }
    },
    {
      "type": "Feature",
      "geometry": {
        "type": "Point",
        "coordinates": [
          -74.04131,
          40.75287
        ]
      },
      "properties": {
        "id": "nyc-osm-27458948",
        "temperatureF": 75.8,
        "temperatureC": 24.3,
        "baselineRuralF": 75,
        "deltaF": 0.8,
        "severity": "Low",
        "surfaceType": "canopy",
        "areaName": "Washington Park",
        "censusTract": "OSM Way #27458948 • 0 impervious ways/450m"
      }
    },
    {
      "type": "Feature",
      "geometry": {
        "type": "Point",
        "coordinates": [
          -74.03074,
          40.7666
        ]
      },
      "properties": {
        "id": "nyc-osm-27459148",
        "temperatureF": 75.8,
        "temperatureC": 24.3,
        "baselineRuralF": 75,
        "deltaF": 0.8,
        "severity": "Low",
        "surfaceType": "canopy",
        "areaName": "Elsworth Park",
        "censusTract": "OSM Way #27459148 • 0 impervious ways/450m"
      }
    },
    {
      "type": "Feature",
      "geometry": {
        "type": "Point",
        "coordinates": [
          -74.00139,
          40.80368
        ]
      },
      "properties": {
        "id": "nyc-osm-27459755",
        "temperatureF": 76.9,
        "temperatureC": 24.9,
        "baselineRuralF": 75,
        "deltaF": 1.9,
        "severity": "Low",
        "surfaceType": "canopy",
        "areaName": "North Hudson Park",
        "censusTract": "OSM Way #27459755 • 2 impervious ways/450m"
      }
    },
    {
      "type": "Feature",
      "geometry": {
        "type": "Point",
        "coordinates": [
          -74.00255,
          40.8045
        ]
      },
      "properties": {
        "id": "nyc-osm-27531458",
        "temperatureF": 102.2,
        "temperatureC": 39,
        "baselineRuralF": 75,
        "deltaF": 27.2,
        "severity": "Critical",
        "surfaceType": "asphalt",
        "areaName": "Surface Asphalt Parking Expanse (OSM #1458)",
        "censusTract": "OSM Way #27531458 • 1 impervious ways/450m"
      }
    },
    {
      "type": "Feature",
      "geometry": {
        "type": "Point",
        "coordinates": [
          -74.00101,
          40.80549
        ]
      },
      "properties": {
        "id": "nyc-osm-27531459",
        "temperatureF": 102.2,
        "temperatureC": 39,
        "baselineRuralF": 75,
        "deltaF": 27.2,
        "severity": "Critical",
        "surfaceType": "asphalt",
        "areaName": "Surface Asphalt Parking Expanse (OSM #1459)",
        "censusTract": "OSM Way #27531459 • 1 impervious ways/450m"
      }
    },
    {
      "type": "Feature",
      "geometry": {
        "type": "Point",
        "coordinates": [
          -74.01117,
          40.78045
        ]
      },
      "properties": {
        "id": "nyc-osm-28090168",
        "temperatureF": 75.8,
        "temperatureC": 24.3,
        "baselineRuralF": 75,
        "deltaF": 0.8,
        "severity": "Low",
        "surfaceType": "canopy",
        "areaName": "Urban Park Canopy Buffer (OSM #0168)",
        "censusTract": "OSM Way #28090168 • 0 impervious ways/450m"
      }
    },
    {
      "type": "Feature",
      "geometry": {
        "type": "Point",
        "coordinates": [
          -74.00225,
          40.73358
        ]
      },
      "properties": {
        "id": "nyc-osm-30657456",
        "temperatureF": 75.8,
        "temperatureC": 24.3,
        "baselineRuralF": 75,
        "deltaF": 0.8,
        "severity": "Low",
        "surfaceType": "canopy",
        "areaName": "Christopher Park",
        "censusTract": "OSM Way #30657456 • 0 impervious ways/450m"
      }
    },
    {
      "type": "Feature",
      "geometry": {
        "type": "Point",
        "coordinates": [
          -74.00213,
          40.73303
        ]
      },
      "properties": {
        "id": "nyc-osm-30657462",
        "temperatureF": 75.8,
        "temperatureC": 24.3,
        "baselineRuralF": 75,
        "deltaF": 0.8,
        "severity": "Low",
        "surfaceType": "canopy",
        "areaName": "Sheridan Square Garden",
        "censusTract": "OSM Way #30657462 • 0 impervious ways/450m"
      }
    },
    {
      "type": "Feature",
      "geometry": {
        "type": "Point",
        "coordinates": [
          -73.97399,
          40.73314
        ]
      },
      "properties": {
        "id": "nyc-osm-31009822",
        "temperatureF": 76.2,
        "temperatureC": 24.6,
        "baselineRuralF": 75,
        "deltaF": 1.2,
        "severity": "Low",
        "surfaceType": "canopy",
        "areaName": "Stuyvesant Cove Park",
        "censusTract": "OSM Way #31009822 • 2 impervious ways/450m"
      }
    },
    {
      "type": "Feature",
      "geometry": {
        "type": "Point",
        "coordinates": [
          -73.97487,
          40.71886
        ]
      },
      "properties": {
        "id": "nyc-osm-32936735",
        "temperatureF": 103.8,
        "temperatureC": 39.9,
        "baselineRuralF": 75,
        "deltaF": 28.8,
        "severity": "Critical",
        "surfaceType": "asphalt",
        "areaName": "FDR Drive",
        "censusTract": "OSM Way #32936735 • 4 impervious ways/450m"
      }
    },
    {
      "type": "Feature",
      "geometry": {
        "type": "Point",
        "coordinates": [
          -73.9747,
          40.72018
        ]
      },
      "properties": {
        "id": "nyc-osm-32936736",
        "temperatureF": 103.8,
        "temperatureC": 39.9,
        "baselineRuralF": 75,
        "deltaF": 28.8,
        "severity": "Critical",
        "surfaceType": "asphalt",
        "areaName": "FDR Drive",
        "censusTract": "OSM Way #32936736 • 4 impervious ways/450m"
      }
    },
    {
      "type": "Feature",
      "geometry": {
        "type": "Point",
        "coordinates": [
          -73.97499,
          40.71887
        ]
      },
      "properties": {
        "id": "nyc-osm-32936738",
        "temperatureF": 103.8,
        "temperatureC": 39.9,
        "baselineRuralF": 75,
        "deltaF": 28.8,
        "severity": "Critical",
        "surfaceType": "asphalt",
        "areaName": "FDR Drive",
        "censusTract": "OSM Way #32936738 • 4 impervious ways/450m"
      }
    },
    {
      "type": "Feature",
      "geometry": {
        "type": "Point",
        "coordinates": [
          -73.97538,
          40.71753
        ]
      },
      "properties": {
        "id": "nyc-osm-32936739",
        "temperatureF": 103.8,
        "temperatureC": 39.9,
        "baselineRuralF": 75,
        "deltaF": 28.8,
        "severity": "Critical",
        "surfaceType": "asphalt",
        "areaName": "FDR Drive",
        "censusTract": "OSM Way #32936739 • 4 impervious ways/450m"
      }
    },
    {
      "type": "Feature",
      "geometry": {
        "type": "Point",
        "coordinates": [
          -73.97555,
          40.71695
        ]
      },
      "properties": {
        "id": "nyc-osm-32936740",
        "temperatureF": 103.8,
        "temperatureC": 39.9,
        "baselineRuralF": 75,
        "deltaF": 28.8,
        "severity": "Critical",
        "surfaceType": "asphalt",
        "areaName": "FDR Drive",
        "censusTract": "OSM Way #32936740 • 4 impervious ways/450m"
      }
    },
    {
      "type": "Feature",
      "geometry": {
        "type": "Point",
        "coordinates": [
          -73.97312,
          40.72465
        ]
      },
      "properties": {
        "id": "nyc-osm-32936741",
        "temperatureF": 102.4,
        "temperatureC": 39.1,
        "baselineRuralF": 75,
        "deltaF": 27.4,
        "severity": "Critical",
        "surfaceType": "asphalt",
        "areaName": "FDR Drive",
        "censusTract": "OSM Way #32936741 • 0 impervious ways/450m"
      }
    },
    {
      "type": "Feature",
      "geometry": {
        "type": "Point",
        "coordinates": [
          -73.97168,
          40.74313
        ]
      },
      "properties": {
        "id": "nyc-osm-32937063",
        "temperatureF": 103.3,
        "temperatureC": 39.6,
        "baselineRuralF": 75,
        "deltaF": 28.3,
        "severity": "Critical",
        "surfaceType": "asphalt",
        "areaName": "FDR Drive",
        "censusTract": "OSM Way #32937063 • 3 impervious ways/450m"
      }
    },
    {
      "type": "Feature",
      "geometry": {
        "type": "Point",
        "coordinates": [
          -73.9683,
          40.74788
        ]
      },
      "properties": {
        "id": "nyc-osm-32939007",
        "temperatureF": 101.8,
        "temperatureC": 38.8,
        "baselineRuralF": 75,
        "deltaF": 26.8,
        "severity": "Critical",
        "surfaceType": "asphalt",
        "areaName": "FDR Drive",
        "censusTract": "OSM Way #32939007 • 3 impervious ways/450m"
      }
    },
    {
      "type": "Feature",
      "geometry": {
        "type": "Point",
        "coordinates": [
          -73.97395,
          40.73337
        ]
      },
      "properties": {
        "id": "nyc-osm-32939209",
        "temperatureF": 101.4,
        "temperatureC": 38.6,
        "baselineRuralF": 75,
        "deltaF": 26.4,
        "severity": "Critical",
        "surfaceType": "asphalt",
        "areaName": "FDR Drive",
        "censusTract": "OSM Way #32939209 • 1 impervious ways/450m"
      }
    },
    {
      "type": "Feature",
      "geometry": {
        "type": "Point",
        "coordinates": [
          -73.96673,
          40.7498
        ]
      },
      "properties": {
        "id": "nyc-osm-32939511",
        "temperatureF": 102,
        "temperatureC": 38.9,
        "baselineRuralF": 75,
        "deltaF": 27,
        "severity": "Critical",
        "surfaceType": "asphalt",
        "areaName": "FDR Drive",
        "censusTract": "OSM Way #32939511 • 2 impervious ways/450m"
      }
    },
    {
      "type": "Feature",
      "geometry": {
        "type": "Point",
        "coordinates": [
          -73.97,
          40.74587
        ]
      },
      "properties": {
        "id": "nyc-osm-32939512",
        "temperatureF": 102.3,
        "temperatureC": 39.1,
        "baselineRuralF": 75,
        "deltaF": 27.3,
        "severity": "Critical",
        "surfaceType": "asphalt",
        "areaName": "FDR Drive",
        "censusTract": "OSM Way #32939512 • 4 impervious ways/450m"
      }
    },
    {
      "type": "Feature",
      "geometry": {
        "type": "Point",
        "coordinates": [
          -73.96644,
          40.74986
        ]
      },
      "properties": {
        "id": "nyc-osm-32939513",
        "temperatureF": 102,
        "temperatureC": 38.9,
        "baselineRuralF": 75,
        "deltaF": 27,
        "severity": "Critical",
        "surfaceType": "asphalt",
        "areaName": "FDR Drive",
        "censusTract": "OSM Way #32939513 • 2 impervious ways/450m"
      }
    },
    {
      "type": "Feature",
      "geometry": {
        "type": "Point",
        "coordinates": [
          -73.96244,
          40.75436
        ]
      },
      "properties": {
        "id": "nyc-osm-32939514",
        "temperatureF": 103.8,
        "temperatureC": 39.9,
        "baselineRuralF": 75,
        "deltaF": 28.8,
        "severity": "Critical",
        "surfaceType": "asphalt",
        "areaName": "FDR Drive",
        "censusTract": "OSM Way #32939514 • 4 impervious ways/450m"
      }
    },
    {
      "type": "Feature",
      "geometry": {
        "type": "Point",
        "coordinates": [
          -73.96306,
          40.75394
        ]
      },
      "properties": {
        "id": "nyc-osm-32939517",
        "temperatureF": 103.8,
        "temperatureC": 39.9,
        "baselineRuralF": 75,
        "deltaF": 28.8,
        "severity": "Critical",
        "surfaceType": "asphalt",
        "areaName": "FDR Drive",
        "censusTract": "OSM Way #32939517 • 4 impervious ways/450m"
      }
    },
    {
      "type": "Feature",
      "geometry": {
        "type": "Point",
        "coordinates": [
          -73.96126,
          40.75975
        ]
      },
      "properties": {
        "id": "nyc-osm-32947289",
        "temperatureF": 108.4,
        "temperatureC": 42.4,
        "baselineRuralF": 75,
        "deltaF": 33.4,
        "severity": "Critical",
        "surfaceType": "asphalt",
        "areaName": "Ed Koch Queensboro Bridge Lower Roadway",
        "censusTract": "OSM Way #32947289 • 11 impervious ways/450m"
      }
    },
    {
      "type": "Feature",
      "geometry": {
        "type": "Point",
        "coordinates": [
          -73.94538,
          40.75296
        ]
      },
      "properties": {
        "id": "nyc-osm-32947290",
        "temperatureF": 104,
        "temperatureC": 40,
        "baselineRuralF": 75,
        "deltaF": 29,
        "severity": "Critical",
        "surfaceType": "asphalt",
        "areaName": "Queensboro Bridge (Lower Level)",
        "censusTract": "OSM Way #32947290 • 3 impervious ways/450m"
      }
    },
    {
      "type": "Feature",
      "geometry": {
        "type": "Point",
        "coordinates": [
          -73.96425,
          40.75931
        ]
      },
      "properties": {
        "id": "nyc-osm-32947291",
        "temperatureF": 106.2,
        "temperatureC": 41.2,
        "baselineRuralF": 75,
        "deltaF": 31.2,
        "severity": "Critical",
        "surfaceType": "asphalt",
        "areaName": "Queensboro Bridge Approach",
        "censusTract": "OSM Way #32947291 • 7 impervious ways/450m"
      }
    },
    {
      "type": "Feature",
      "geometry": {
        "type": "Point",
        "coordinates": [
          -73.96279,
          40.76023
        ]
      },
      "properties": {
        "id": "nyc-osm-32947293",
        "temperatureF": 107.9,
        "temperatureC": 42.2,
        "baselineRuralF": 75,
        "deltaF": 32.9,
        "severity": "Critical",
        "surfaceType": "asphalt",
        "areaName": "Ed Koch Queensboro Bridge Upper Level",
        "censusTract": "OSM Way #32947293 • 10 impervious ways/450m"
      }
    },
    {
      "type": "Feature",
      "geometry": {
        "type": "Point",
        "coordinates": [
          -73.96209,
          40.76194
        ]
      },
      "properties": {
        "id": "nyc-osm-32947297",
        "temperatureF": 106.2,
        "temperatureC": 41.2,
        "baselineRuralF": 75,
        "deltaF": 31.2,
        "severity": "Critical",
        "surfaceType": "asphalt",
        "areaName": "Queensboro Bridge Exit",
        "censusTract": "OSM Way #32947297 • 7 impervious ways/450m"
      }
    },
    {
      "type": "Feature",
      "geometry": {
        "type": "Point",
        "coordinates": [
          -73.95287,
          40.76432
        ]
      },
      "properties": {
        "id": "nyc-osm-32959299",
        "temperatureF": 102,
        "temperatureC": 38.9,
        "baselineRuralF": 75,
        "deltaF": 27,
        "severity": "Critical",
        "surfaceType": "asphalt",
        "areaName": "FDR Drive",
        "censusTract": "OSM Way #32959299 • 2 impervious ways/450m"
      }
    },
    {
      "type": "Feature",
      "geometry": {
        "type": "Point",
        "coordinates": [
          -73.95468,
          40.7623
        ]
      },
      "properties": {
        "id": "nyc-osm-32959795",
        "temperatureF": 103.3,
        "temperatureC": 39.6,
        "baselineRuralF": 75,
        "deltaF": 28.3,
        "severity": "Critical",
        "surfaceType": "asphalt",
        "areaName": "FDR Drive",
        "censusTract": "OSM Way #32959795 • 3 impervious ways/450m"
      }
    },
    {
      "type": "Feature",
      "geometry": {
        "type": "Point",
        "coordinates": [
          -73.94952,
          40.76804
        ]
      },
      "properties": {
        "id": "nyc-osm-32959885",
        "temperatureF": 100.7,
        "temperatureC": 38.2,
        "baselineRuralF": 75,
        "deltaF": 25.7,
        "severity": "Critical",
        "surfaceType": "asphalt",
        "areaName": "FDR Drive",
        "censusTract": "OSM Way #32959885 • 1 impervious ways/450m"
      }
    },
    {
      "type": "Feature",
      "geometry": {
        "type": "Point",
        "coordinates": [
          -73.94327,
          40.77892
        ]
      },
      "properties": {
        "id": "nyc-osm-32959993",
        "temperatureF": 103.8,
        "temperatureC": 39.9,
        "baselineRuralF": 75,
        "deltaF": 28.8,
        "severity": "Critical",
        "surfaceType": "asphalt",
        "areaName": "FDR Drive",
        "censusTract": "OSM Way #32959993 • 4 impervious ways/450m"
      }
    },
    {
      "type": "Feature",
      "geometry": {
        "type": "Point",
        "coordinates": [
          -73.94417,
          40.77438
        ]
      },
      "properties": {
        "id": "nyc-osm-32959995",
        "temperatureF": 102.7,
        "temperatureC": 39.3,
        "baselineRuralF": 75,
        "deltaF": 27.7,
        "severity": "Critical",
        "surfaceType": "asphalt",
        "areaName": "FDR Drive",
        "censusTract": "OSM Way #32959995 • 2 impervious ways/450m"
      }
    },
    {
      "type": "Feature",
      "geometry": {
        "type": "Point",
        "coordinates": [
          -73.95049,
          40.76706
        ]
      },
      "properties": {
        "id": "nyc-osm-32960689",
        "temperatureF": 101.2,
        "temperatureC": 38.4,
        "baselineRuralF": 75,
        "deltaF": 26.2,
        "severity": "Critical",
        "surfaceType": "asphalt",
        "areaName": "FDR Drive",
        "censusTract": "OSM Way #32960689 • 2 impervious ways/450m"
      }
    },
    {
      "type": "Feature",
      "geometry": {
        "type": "Point",
        "coordinates": [
          -73.94452,
          40.77421
        ]
      },
      "properties": {
        "id": "nyc-osm-32960691",
        "temperatureF": 102.7,
        "temperatureC": 39.3,
        "baselineRuralF": 75,
        "deltaF": 27.7,
        "severity": "Critical",
        "surfaceType": "asphalt",
        "areaName": "FDR Drive",
        "censusTract": "OSM Way #32960691 • 2 impervious ways/450m"
      }
    },
    {
      "type": "Feature",
      "geometry": {
        "type": "Point",
        "coordinates": [
          -73.94376,
          40.78286
        ]
      },
      "properties": {
        "id": "nyc-osm-32961934",
        "temperatureF": 104.6,
        "temperatureC": 40.3,
        "baselineRuralF": 75,
        "deltaF": 29.6,
        "severity": "Critical",
        "surfaceType": "asphalt",
        "areaName": "FDR Drive",
        "censusTract": "OSM Way #32961934 • 4 impervious ways/450m"
      }
    },
    {
      "type": "Feature",
      "geometry": {
        "type": "Point",
        "coordinates": [
          -73.94267,
          40.78388
        ]
      },
      "properties": {
        "id": "nyc-osm-32961935",
        "temperatureF": 104,
        "temperatureC": 40,
        "baselineRuralF": 75,
        "deltaF": 29,
        "severity": "Critical",
        "surfaceType": "asphalt",
        "areaName": "FDR Drive",
        "censusTract": "OSM Way #32961935 • 3 impervious ways/450m"
      }
    },
    {
      "type": "Feature",
      "geometry": {
        "type": "Point",
        "coordinates": [
          -73.94392,
          40.78286
        ]
      },
      "properties": {
        "id": "nyc-osm-32961937",
        "temperatureF": 104.6,
        "temperatureC": 40.3,
        "baselineRuralF": 75,
        "deltaF": 29.6,
        "severity": "Critical",
        "surfaceType": "asphalt",
        "areaName": "FDR Drive",
        "censusTract": "OSM Way #32961937 • 4 impervious ways/450m"
      }
    },
    {
      "type": "Feature",
      "geometry": {
        "type": "Point",
        "coordinates": [
          -73.9295,
          40.79647
        ]
      },
      "properties": {
        "id": "nyc-osm-32963302",
        "temperatureF": 102.9,
        "temperatureC": 39.4,
        "baselineRuralF": 75,
        "deltaF": 27.9,
        "severity": "Critical",
        "surfaceType": "asphalt",
        "areaName": "FDR Drive",
        "censusTract": "OSM Way #32963302 • 1 impervious ways/450m"
      }
    },
    {
      "type": "Feature",
      "geometry": {
        "type": "Point",
        "coordinates": [
          -73.92911,
          40.79829
        ]
      },
      "properties": {
        "id": "nyc-osm-33114684",
        "temperatureF": 104,
        "temperatureC": 40,
        "baselineRuralF": 75,
        "deltaF": 29,
        "severity": "Critical",
        "surfaceType": "asphalt",
        "areaName": "FDR Drive",
        "censusTract": "OSM Way #33114684 • 3 impervious ways/450m"
      }
    },
    {
      "type": "Feature",
      "geometry": {
        "type": "Point",
        "coordinates": [
          -73.93479,
          40.8116
        ]
      },
      "properties": {
        "id": "nyc-osm-33117603",
        "temperatureF": 102.9,
        "temperatureC": 39.4,
        "baselineRuralF": 75,
        "deltaF": 27.9,
        "severity": "Critical",
        "surfaceType": "asphalt",
        "areaName": "Harlem River Drive",
        "censusTract": "OSM Way #33117603 • 1 impervious ways/450m"
      }
    },
    {
      "type": "Feature",
      "geometry": {
        "type": "Point",
        "coordinates": [
          -73.93378,
          40.80708
        ]
      },
      "properties": {
        "id": "nyc-osm-33117604",
        "temperatureF": 103.3,
        "temperatureC": 39.6,
        "baselineRuralF": 75,
        "deltaF": 28.3,
        "severity": "Critical",
        "surfaceType": "asphalt",
        "areaName": "Harlem River Drive",
        "censusTract": "OSM Way #33117604 • 3 impervious ways/450m"
      }
    },
    {
      "type": "Feature",
      "geometry": {
        "type": "Point",
        "coordinates": [
          -73.97357,
          40.73864
        ]
      },
      "properties": {
        "id": "nyc-osm-33117932",
        "temperatureF": 101.4,
        "temperatureC": 38.6,
        "baselineRuralF": 75,
        "deltaF": 26.4,
        "severity": "Critical",
        "surfaceType": "asphalt",
        "areaName": "FDR Drive",
        "censusTract": "OSM Way #33117932 • 1 impervious ways/450m"
      }
    },
    {
      "type": "Feature",
      "geometry": {
        "type": "Point",
        "coordinates": [
          -73.97346,
          40.73903
        ]
      },
      "properties": {
        "id": "nyc-osm-33117933",
        "temperatureF": 102,
        "temperatureC": 38.9,
        "baselineRuralF": 75,
        "deltaF": 27,
        "severity": "Critical",
        "surfaceType": "asphalt",
        "areaName": "FDR Drive",
        "censusTract": "OSM Way #33117933 • 2 impervious ways/450m"
      }
    },
    {
      "type": "Feature",
      "geometry": {
        "type": "Point",
        "coordinates": [
          -73.97047,
          40.74498
        ]
      },
      "properties": {
        "id": "nyc-osm-33804388",
        "temperatureF": 77.8,
        "temperatureC": 25.4,
        "baselineRuralF": 75,
        "deltaF": 2.8,
        "severity": "Low",
        "surfaceType": "canopy",
        "areaName": "East River Esplanade",
        "censusTract": "OSM Way #33804388 • 5 impervious ways/450m"
      }
    },
    {
      "type": "Feature",
      "geometry": {
        "type": "Point",
        "coordinates": [
          -73.97565,
          40.73643
        ]
      },
      "properties": {
        "id": "nyc-osm-33804405",
        "temperatureF": 76.5,
        "temperatureC": 24.7,
        "baselineRuralF": 75,
        "deltaF": 1.5,
        "severity": "Low",
        "surfaceType": "canopy",
        "areaName": "Asser Levy Playground",
        "censusTract": "OSM Way #33804405 • 4 impervious ways/450m"
      }
    },
    {
      "type": "Feature",
      "geometry": {
        "type": "Point",
        "coordinates": [
          -73.96207,
          40.72159
        ]
      },
      "properties": {
        "id": "nyc-osm-33819583",
        "temperatureF": 75.8,
        "temperatureC": 24.3,
        "baselineRuralF": 75,
        "deltaF": 0.8,
        "severity": "Low",
        "surfaceType": "canopy",
        "areaName": "Marsha P. Johnson State Park",
        "censusTract": "OSM Way #33819583 • 0 impervious ways/450m"
      }
    },
    {
      "type": "Feature",
      "geometry": {
        "type": "Point",
        "coordinates": [
          -73.96688,
          40.71665
        ]
      },
      "properties": {
        "id": "nyc-osm-33819586",
        "temperatureF": 75.8,
        "temperatureC": 24.3,
        "baselineRuralF": 75,
        "deltaF": 0.8,
        "severity": "Low",
        "surfaceType": "canopy",
        "areaName": "Grand Ferry Park",
        "censusTract": "OSM Way #33819586 • 0 impervious ways/450m"
      }
    },
    {
      "type": "Feature",
      "geometry": {
        "type": "Point",
        "coordinates": [
          -73.94336,
          40.72445
        ]
      },
      "properties": {
        "id": "nyc-osm-33819642",
        "temperatureF": 77.5,
        "temperatureC": 25.3,
        "baselineRuralF": 75,
        "deltaF": 2.5,
        "severity": "Low",
        "surfaceType": "canopy",
        "areaName": "Monsignor McGolrick Park",
        "censusTract": "OSM Way #33819642 • 3 impervious ways/450m"
      }
    },
    {
      "type": "Feature",
      "geometry": {
        "type": "Point",
        "coordinates": [
          -74.00866,
          40.74259
        ]
      },
      "properties": {
        "id": "nyc-osm-34625442",
        "temperatureF": 102.7,
        "temperatureC": 39.3,
        "baselineRuralF": 75,
        "deltaF": 27.7,
        "severity": "Critical",
        "surfaceType": "asphalt",
        "areaName": "11th Avenue",
        "censusTract": "OSM Way #34625442 • 2 impervious ways/450m"
      }
    },
    {
      "type": "Feature",
      "geometry": {
        "type": "Point",
        "coordinates": [
          -74.00924,
          40.74092
        ]
      },
      "properties": {
        "id": "nyc-osm-34625443",
        "temperatureF": 102,
        "temperatureC": 38.9,
        "baselineRuralF": 75,
        "deltaF": 27,
        "severity": "Critical",
        "surfaceType": "asphalt",
        "areaName": "West Street",
        "censusTract": "OSM Way #34625443 • 2 impervious ways/450m"
      }
    },
    {
      "type": "Feature",
      "geometry": {
        "type": "Point",
        "coordinates": [
          -74.00799,
          40.74948
        ]
      },
      "properties": {
        "id": "nyc-osm-34625463",
        "temperatureF": 101.4,
        "temperatureC": 38.6,
        "baselineRuralF": 75,
        "deltaF": 26.4,
        "severity": "Critical",
        "surfaceType": "asphalt",
        "areaName": "12th Avenue",
        "censusTract": "OSM Way #34625463 • 1 impervious ways/450m"
      }
    },
    {
      "type": "Feature",
      "geometry": {
        "type": "Point",
        "coordinates": [
          -74.00793,
          40.74754
        ]
      },
      "properties": {
        "id": "nyc-osm-34625464",
        "temperatureF": 101.4,
        "temperatureC": 38.6,
        "baselineRuralF": 75,
        "deltaF": 26.4,
        "severity": "Critical",
        "surfaceType": "asphalt",
        "areaName": "11th Avenue",
        "censusTract": "OSM Way #34625464 • 1 impervious ways/450m"
      }
    },
    {
      "type": "Feature",
      "geometry": {
        "type": "Point",
        "coordinates": [
          -73.96171,
          40.75533
        ]
      },
      "properties": {
        "id": "nyc-osm-34768995",
        "temperatureF": 105.1,
        "temperatureC": 40.6,
        "baselineRuralF": 75,
        "deltaF": 30.1,
        "severity": "Critical",
        "surfaceType": "asphalt",
        "areaName": "FDR Drive",
        "censusTract": "OSM Way #34768995 • 5 impervious ways/450m"
      }
    },
    {
      "type": "Feature",
      "geometry": {
        "type": "Point",
        "coordinates": [
          -73.96041,
          40.7567
        ]
      },
      "properties": {
        "id": "nyc-osm-34769004",
        "temperatureF": 107.9,
        "temperatureC": 42.2,
        "baselineRuralF": 75,
        "deltaF": 32.9,
        "severity": "Critical",
        "surfaceType": "asphalt",
        "areaName": "FDR Drive",
        "censusTract": "OSM Way #34769004 • 10 impervious ways/450m"
      }
    },
    {
      "type": "Feature",
      "geometry": {
        "type": "Point",
        "coordinates": [
          -73.96032,
          40.75667
        ]
      },
      "properties": {
        "id": "nyc-osm-34769017",
        "temperatureF": 107.9,
        "temperatureC": 42.2,
        "baselineRuralF": 75,
        "deltaF": 32.9,
        "severity": "Critical",
        "surfaceType": "asphalt",
        "areaName": "FDR Drive",
        "censusTract": "OSM Way #34769017 • 10 impervious ways/450m"
      }
    },
    {
      "type": "Feature",
      "geometry": {
        "type": "Point",
        "coordinates": [
          -73.95874,
          40.75852
        ]
      },
      "properties": {
        "id": "nyc-osm-34769021",
        "temperatureF": 106.8,
        "temperatureC": 41.6,
        "baselineRuralF": 75,
        "deltaF": 31.8,
        "severity": "Critical",
        "surfaceType": "asphalt",
        "areaName": "FDR Drive",
        "censusTract": "OSM Way #34769021 • 8 impervious ways/450m"
      }
    },
    {
      "type": "Feature",
      "geometry": {
        "type": "Point",
        "coordinates": [
          -73.9745,
          40.73809
        ]
      },
      "properties": {
        "id": "nyc-osm-36185652",
        "temperatureF": 76.2,
        "temperatureC": 24.6,
        "baselineRuralF": 75,
        "deltaF": 1.2,
        "severity": "Low",
        "surfaceType": "canopy",
        "areaName": "Bellevue Sobriety Garden",
        "censusTract": "OSM Way #36185652 • 2 impervious ways/450m"
      }
    },
    {
      "type": "Feature",
      "geometry": {
        "type": "Point",
        "coordinates": [
          -73.99653,
          40.75503
        ]
      },
      "properties": {
        "id": "nyc-osm-36806670",
        "temperatureF": 110.1,
        "temperatureC": 43.4,
        "baselineRuralF": 75,
        "deltaF": 35.1,
        "severity": "Critical",
        "surfaceType": "asphalt",
        "areaName": "Lincoln Tunnel Expressway",
        "censusTract": "OSM Way #36806670 • 14 impervious ways/450m"
      }
    },
    {
      "type": "Feature",
      "geometry": {
        "type": "Point",
        "coordinates": [
          -73.99744,
          40.75484
        ]
      },
      "properties": {
        "id": "nyc-osm-36806671",
        "temperatureF": 110.1,
        "temperatureC": 43.4,
        "baselineRuralF": 75,
        "deltaF": 35.1,
        "severity": "Critical",
        "surfaceType": "asphalt",
        "areaName": "Lincoln Tunnel Expressway",
        "censusTract": "OSM Way #36806671 • 14 impervious ways/450m"
      }
    },
    {
      "type": "Feature",
      "geometry": {
        "type": "Point",
        "coordinates": [
          -73.99666,
          40.75516
        ]
      },
      "properties": {
        "id": "nyc-osm-36806673",
        "temperatureF": 110.1,
        "temperatureC": 43.4,
        "baselineRuralF": 75,
        "deltaF": 35.1,
        "severity": "Critical",
        "surfaceType": "asphalt",
        "areaName": "Lincoln Tunnel Expressway",
        "censusTract": "OSM Way #36806673 • 14 impervious ways/450m"
      }
    },
    {
      "type": "Feature",
      "geometry": {
        "type": "Point",
        "coordinates": [
          -73.99617,
          40.75725
        ]
      },
      "properties": {
        "id": "nyc-osm-36806907",
        "temperatureF": 109.5,
        "temperatureC": 43.1,
        "baselineRuralF": 75,
        "deltaF": 34.5,
        "severity": "Critical",
        "surfaceType": "asphalt",
        "areaName": "Lincoln Tunnel Expressway",
        "censusTract": "OSM Way #36806907 • 13 impervious ways/450m"
      }
    },
    {
      "type": "Feature",
      "geometry": {
        "type": "Point",
        "coordinates": [
          -73.99504,
          40.75614
        ]
      },
      "properties": {
        "id": "nyc-osm-36806908",
        "temperatureF": 109.5,
        "temperatureC": 43.1,
        "baselineRuralF": 75,
        "deltaF": 34.5,
        "severity": "Critical",
        "surfaceType": "asphalt",
        "areaName": "Lincoln Tunnel Expressway",
        "censusTract": "OSM Way #36806908 • 13 impervious ways/450m"
      }
    },
    {
      "type": "Feature",
      "geometry": {
        "type": "Point",
        "coordinates": [
          -73.99736,
          40.75817
        ]
      },
      "properties": {
        "id": "nyc-osm-36806909",
        "temperatureF": 109,
        "temperatureC": 42.8,
        "baselineRuralF": 75,
        "deltaF": 34,
        "severity": "Critical",
        "surfaceType": "asphalt",
        "areaName": "Lincoln Tunnel Expressway",
        "censusTract": "OSM Way #36806909 • 12 impervious ways/450m"
      }
    },
    {
      "type": "Feature",
      "geometry": {
        "type": "Point",
        "coordinates": [
          -73.99611,
          40.72164
        ]
      },
      "properties": {
        "id": "nyc-osm-36865288",
        "temperatureF": 75.8,
        "temperatureC": 24.3,
        "baselineRuralF": 75,
        "deltaF": 0.8,
        "severity": "Low",
        "surfaceType": "canopy",
        "areaName": "Desalvio Playground",
        "censusTract": "OSM Way #36865288 • 0 impervious ways/450m"
      }
    },
    {
      "type": "Feature",
      "geometry": {
        "type": "Point",
        "coordinates": [
          -73.95806,
          40.80605
        ]
      },
      "properties": {
        "id": "nyc-osm-39243853",
        "temperatureF": 75.8,
        "temperatureC": 24.3,
        "baselineRuralF": 75,
        "deltaF": 0.8,
        "severity": "Low",
        "surfaceType": "canopy",
        "areaName": "Morningside Park",
        "censusTract": "OSM Way #39243853 • 0 impervious ways/450m"
      }
    },
    {
      "type": "Feature",
      "geometry": {
        "type": "Point",
        "coordinates": [
          -73.90974,
          40.8056
        ]
      },
      "properties": {
        "id": "nyc-osm-39334103",
        "temperatureF": 102.9,
        "temperatureC": 39.4,
        "baselineRuralF": 75,
        "deltaF": 27.9,
        "severity": "Critical",
        "surfaceType": "asphalt",
        "areaName": "Bruckner Expressway",
        "censusTract": "OSM Way #39334103 • 1 impervious ways/450m"
      }
    },
    {
      "type": "Feature",
      "geometry": {
        "type": "Point",
        "coordinates": [
          -73.91306,
          40.80428
        ]
      },
      "properties": {
        "id": "nyc-osm-39334251",
        "temperatureF": 107.3,
        "temperatureC": 41.8,
        "baselineRuralF": 75,
        "deltaF": 32.3,
        "severity": "Critical",
        "surfaceType": "asphalt",
        "areaName": "Bruckner Expressway",
        "censusTract": "OSM Way #39334251 • 9 impervious ways/450m"
      }
    },
    {
      "type": "Feature",
      "geometry": {
        "type": "Point",
        "coordinates": [
          -74.03991,
          40.77243
        ]
      },
      "properties": {
        "id": "nyc-osm-39641862",
        "temperatureF": 78.9,
        "temperatureC": 26.1,
        "baselineRuralF": 75,
        "deltaF": 3.9,
        "severity": "Low",
        "surfaceType": "canopy",
        "areaName": "Urban Park Canopy Buffer (OSM #1862)",
        "censusTract": "OSM Way #39641862 • 7 impervious ways/450m"
      }
    },
    {
      "type": "Feature",
      "geometry": {
        "type": "Point",
        "coordinates": [
          -74.04188,
          40.76951
        ]
      },
      "properties": {
        "id": "nyc-osm-39641901",
        "temperatureF": 75.8,
        "temperatureC": 24.3,
        "baselineRuralF": 75,
        "deltaF": 0.8,
        "severity": "Low",
        "surfaceType": "canopy",
        "areaName": "Urban Park Canopy Buffer (OSM #1901)",
        "censusTract": "OSM Way #39641901 • 1 impervious ways/450m"
      }
    },
    {
      "type": "Feature",
      "geometry": {
        "type": "Point",
        "coordinates": [
          -73.99904,
          40.79279
        ]
      },
      "properties": {
        "id": "nyc-osm-39642166",
        "temperatureF": 75.8,
        "temperatureC": 24.3,
        "baselineRuralF": 75,
        "deltaF": 0.8,
        "severity": "Low",
        "surfaceType": "canopy",
        "areaName": "Urban Park Canopy Buffer (OSM #2166)",
        "censusTract": "OSM Way #39642166 • 0 impervious ways/450m"
      }
    },
    {
      "type": "Feature",
      "geometry": {
        "type": "Point",
        "coordinates": [
          -74.00392,
          40.7869
        ]
      },
      "properties": {
        "id": "nyc-osm-39680302",
        "temperatureF": 75.8,
        "temperatureC": 24.3,
        "baselineRuralF": 75,
        "deltaF": 0.8,
        "severity": "Low",
        "surfaceType": "canopy",
        "areaName": "Donnelly Memorial Park",
        "censusTract": "OSM Way #39680302 • 0 impervious ways/450m"
      }
    },
    {
      "type": "Feature",
      "geometry": {
        "type": "Point",
        "coordinates": [
          -74.02018,
          40.78891
        ]
      },
      "properties": {
        "id": "nyc-osm-39681042",
        "temperatureF": 76.4,
        "temperatureC": 24.7,
        "baselineRuralF": 75,
        "deltaF": 1.4,
        "severity": "Low",
        "surfaceType": "canopy",
        "areaName": "Miller Park",
        "censusTract": "OSM Way #39681042 • 1 impervious ways/450m"
      }
    },
    {
      "type": "Feature",
      "geometry": {
        "type": "Point",
        "coordinates": [
          -73.95299,
          40.71407
        ]
      },
      "properties": {
        "id": "nyc-osm-39702921",
        "temperatureF": 103.1,
        "temperatureC": 39.5,
        "baselineRuralF": 75,
        "deltaF": 28.1,
        "severity": "Critical",
        "surfaceType": "asphalt",
        "areaName": "Brooklyn-Queens Expressway",
        "censusTract": "OSM Way #39702921 • 4 impervious ways/450m"
      }
    },
    {
      "type": "Feature",
      "geometry": {
        "type": "Point",
        "coordinates": [
          -73.93397,
          40.72504
        ]
      },
      "properties": {
        "id": "nyc-osm-39703058",
        "temperatureF": 106.2,
        "temperatureC": 41.2,
        "baselineRuralF": 75,
        "deltaF": 31.2,
        "severity": "Critical",
        "surfaceType": "asphalt",
        "areaName": "Brooklyn-Queens Expressway",
        "censusTract": "OSM Way #39703058 • 7 impervious ways/450m"
      }
    },
    {
      "type": "Feature",
      "geometry": {
        "type": "Point",
        "coordinates": [
          -73.98979,
          40.81129
        ]
      },
      "properties": {
        "id": "nyc-osm-39829721",
        "temperatureF": 75.8,
        "temperatureC": 24.3,
        "baselineRuralF": 75,
        "deltaF": 0.8,
        "severity": "Low",
        "surfaceType": "canopy",
        "areaName": "Urban Park Canopy Buffer (OSM #9721)",
        "censusTract": "OSM Way #39829721 • 0 impervious ways/450m"
      }
    },
    {
      "type": "Feature",
      "geometry": {
        "type": "Point",
        "coordinates": [
          -73.99284,
          40.80651
        ]
      },
      "properties": {
        "id": "nyc-osm-39830605",
        "temperatureF": 100.1,
        "temperatureC": 37.8,
        "baselineRuralF": 75,
        "deltaF": 25.1,
        "severity": "Critical",
        "surfaceType": "commercial_roof",
        "areaName": "Industrial Logistics Zone (OSM #0605)",
        "censusTract": "OSM Way #39830605 • 0 impervious ways/450m"
      }
    },
    {
      "type": "Feature",
      "geometry": {
        "type": "Point",
        "coordinates": [
          -74.0363,
          40.78054
        ]
      },
      "properties": {
        "id": "nyc-osm-39831160",
        "temperatureF": 100.9,
        "temperatureC": 38.3,
        "baselineRuralF": 75,
        "deltaF": 25.9,
        "severity": "Critical",
        "surfaceType": "commercial_roof",
        "areaName": "Industrial Logistics Zone (OSM #1160)",
        "censusTract": "OSM Way #39831160 • 0 impervious ways/450m"
      }
    },
    {
      "type": "Feature",
      "geometry": {
        "type": "Point",
        "coordinates": [
          -74.02293,
          40.789
        ]
      },
      "properties": {
        "id": "nyc-osm-39831186",
        "temperatureF": 100.1,
        "temperatureC": 37.8,
        "baselineRuralF": 75,
        "deltaF": 25.1,
        "severity": "Critical",
        "surfaceType": "commercial_roof",
        "areaName": "Industrial Logistics Zone (OSM #1186)",
        "censusTract": "OSM Way #39831186 • 0 impervious ways/450m"
      }
    },
    {
      "type": "Feature",
      "geometry": {
        "type": "Point",
        "coordinates": [
          -73.98387,
          40.81851
        ]
      },
      "properties": {
        "id": "nyc-osm-39831269",
        "temperatureF": 75.8,
        "temperatureC": 24.3,
        "baselineRuralF": 75,
        "deltaF": 0.8,
        "severity": "Low",
        "surfaceType": "canopy",
        "areaName": "Urban Park Canopy Buffer (OSM #1269)",
        "censusTract": "OSM Way #39831269 • 0 impervious ways/450m"
      }
    },
    {
      "type": "Feature",
      "geometry": {
        "type": "Point",
        "coordinates": [
          -73.99432,
          40.80425
        ]
      },
      "properties": {
        "id": "nyc-osm-39831420",
        "temperatureF": 76.4,
        "temperatureC": 24.7,
        "baselineRuralF": 75,
        "deltaF": 1.4,
        "severity": "Low",
        "surfaceType": "canopy",
        "areaName": "Urban Park Canopy Buffer (OSM #1420)",
        "censusTract": "OSM Way #39831420 • 1 impervious ways/450m"
      }
    },
    {
      "type": "Feature",
      "geometry": {
        "type": "Point",
        "coordinates": [
          -74.03334,
          40.75582
        ]
      },
      "properties": {
        "id": "nyc-osm-39836099",
        "temperatureF": 102,
        "temperatureC": 38.9,
        "baselineRuralF": 75,
        "deltaF": 27,
        "severity": "Critical",
        "surfaceType": "commercial_roof",
        "areaName": "Industrial Logistics Zone (OSM #6099)",
        "censusTract": "OSM Way #39836099 • 2 impervious ways/450m"
      }
    },
    {
      "type": "Feature",
      "geometry": {
        "type": "Point",
        "coordinates": [
          -73.97628,
          40.82813
        ]
      },
      "properties": {
        "id": "nyc-osm-39873379",
        "temperatureF": 75.8,
        "temperatureC": 24.3,
        "baselineRuralF": 75,
        "deltaF": 0.8,
        "severity": "Low",
        "surfaceType": "canopy",
        "areaName": "Urban Park Canopy Buffer (OSM #3379)",
        "censusTract": "OSM Way #39873379 • 0 impervious ways/450m"
      }
    },
    {
      "type": "Feature",
      "geometry": {
        "type": "Point",
        "coordinates": [
          -73.92196,
          40.73402
        ]
      },
      "properties": {
        "id": "nyc-osm-39909514",
        "temperatureF": 112.3,
        "temperatureC": 44.6,
        "baselineRuralF": 75,
        "deltaF": 37.3,
        "severity": "Critical",
        "surfaceType": "asphalt",
        "areaName": "Long Island Expressway",
        "censusTract": "OSM Way #39909514 • 18 impervious ways/450m"
      }
    },
    {
      "type": "Feature",
      "geometry": {
        "type": "Point",
        "coordinates": [
          -73.94267,
          40.72119
        ]
      },
      "properties": {
        "id": "nyc-osm-39946147",
        "temperatureF": 101.6,
        "temperatureC": 38.7,
        "baselineRuralF": 75,
        "deltaF": 26.6,
        "severity": "Critical",
        "surfaceType": "asphalt",
        "areaName": "Brooklyn-Queens Expressway",
        "censusTract": "OSM Way #39946147 • 0 impervious ways/450m"
      }
    },
    {
      "type": "Feature",
      "geometry": {
        "type": "Point",
        "coordinates": [
          -73.95945,
          40.71011
        ]
      },
      "properties": {
        "id": "nyc-osm-39946612",
        "temperatureF": 105.7,
        "temperatureC": 40.9,
        "baselineRuralF": 75,
        "deltaF": 30.7,
        "severity": "Critical",
        "surfaceType": "asphalt",
        "areaName": "Williamsburg Bridge",
        "censusTract": "OSM Way #39946612 • 6 impervious ways/450m"
      }
    },
    {
      "type": "Feature",
      "geometry": {
        "type": "Point",
        "coordinates": [
          -73.9548,
          40.7123
        ]
      },
      "properties": {
        "id": "nyc-osm-39972648",
        "temperatureF": 104.4,
        "temperatureC": 40.2,
        "baselineRuralF": 75,
        "deltaF": 29.4,
        "severity": "Critical",
        "surfaceType": "asphalt",
        "areaName": "Williamsburg Bridge",
        "censusTract": "OSM Way #39972648 • 5 impervious ways/450m"
      }
    },
    {
      "type": "Feature",
      "geometry": {
        "type": "Point",
        "coordinates": [
          -73.95434,
          40.71268
        ]
      },
      "properties": {
        "id": "nyc-osm-39972954",
        "temperatureF": 103.6,
        "temperatureC": 39.8,
        "baselineRuralF": 75,
        "deltaF": 28.6,
        "severity": "Critical",
        "surfaceType": "asphalt",
        "areaName": "Williamsburg Bridge",
        "censusTract": "OSM Way #39972954 • 5 impervious ways/450m"
      }
    },
    {
      "type": "Feature",
      "geometry": {
        "type": "Point",
        "coordinates": [
          -73.95707,
          40.71098
        ]
      },
      "properties": {
        "id": "nyc-osm-39972957",
        "temperatureF": 106.2,
        "temperatureC": 41.2,
        "baselineRuralF": 75,
        "deltaF": 31.2,
        "severity": "Critical",
        "surfaceType": "asphalt",
        "areaName": "Williamsburg Bridge",
        "censusTract": "OSM Way #39972957 • 7 impervious ways/450m"
      }
    },
    {
      "type": "Feature",
      "geometry": {
        "type": "Point",
        "coordinates": [
          -73.89931,
          40.75595
        ]
      },
      "properties": {
        "id": "nyc-osm-40097832",
        "temperatureF": 104,
        "temperatureC": 40,
        "baselineRuralF": 75,
        "deltaF": 29,
        "severity": "Critical",
        "surfaceType": "asphalt",
        "areaName": "Brooklyn-Queens Expressway East",
        "censusTract": "OSM Way #40097832 • 3 impervious ways/450m"
      }
    },
    {
      "type": "Feature",
      "geometry": {
        "type": "Point",
        "coordinates": [
          -73.89672,
          40.74968
        ]
      },
      "properties": {
        "id": "nyc-osm-40098045",
        "temperatureF": 104.6,
        "temperatureC": 40.3,
        "baselineRuralF": 75,
        "deltaF": 29.6,
        "severity": "Critical",
        "surfaceType": "asphalt",
        "areaName": "Brooklyn-Queens Expressway",
        "censusTract": "OSM Way #40098045 • 4 impervious ways/450m"
      }
    },
    {
      "type": "Feature",
      "geometry": {
        "type": "Point",
        "coordinates": [
          -73.89511,
          40.76489
        ]
      },
      "properties": {
        "id": "nyc-osm-40099336",
        "temperatureF": 104.6,
        "temperatureC": 40.3,
        "baselineRuralF": 75,
        "deltaF": 29.6,
        "severity": "Critical",
        "surfaceType": "asphalt",
        "areaName": "Brooklyn-Queens Expressway East",
        "censusTract": "OSM Way #40099336 • 4 impervious ways/450m"
      }
    },
    {
      "type": "Feature",
      "geometry": {
        "type": "Point",
        "coordinates": [
          -74.03532,
          40.75207
        ]
      },
      "properties": {
        "id": "nyc-osm-40136586",
        "temperatureF": 101.6,
        "temperatureC": 38.7,
        "baselineRuralF": 75,
        "deltaF": 26.6,
        "severity": "Critical",
        "surfaceType": "commercial_roof",
        "areaName": "Industrial Logistics Zone (OSM #6586)",
        "censusTract": "OSM Way #40136586 • 4 impervious ways/450m"
      }
    },
    {
      "type": "Feature",
      "geometry": {
        "type": "Point",
        "coordinates": [
          -74.04157,
          40.77227
        ]
      },
      "properties": {
        "id": "nyc-osm-40136602",
        "temperatureF": 102.1,
        "temperatureC": 38.9,
        "baselineRuralF": 75,
        "deltaF": 27.1,
        "severity": "Critical",
        "surfaceType": "commercial_roof",
        "areaName": "Industrial Logistics Zone (OSM #6602)",
        "censusTract": "OSM Way #40136602 • 5 impervious ways/450m"
      }
    },
    {
      "type": "Feature",
      "geometry": {
        "type": "Point",
        "coordinates": [
          -74.03211,
          40.79569
        ]
      },
      "properties": {
        "id": "nyc-osm-40136768",
        "temperatureF": 100.9,
        "temperatureC": 38.3,
        "baselineRuralF": 75,
        "deltaF": 25.9,
        "severity": "Critical",
        "surfaceType": "commercial_roof",
        "areaName": "Industrial Logistics Zone (OSM #6768)",
        "censusTract": "OSM Way #40136768 • 0 impervious ways/450m"
      }
    },
    {
      "type": "Feature",
      "geometry": {
        "type": "Point",
        "coordinates": [
          -74.027,
          40.8049
        ]
      },
      "properties": {
        "id": "nyc-osm-40136769",
        "temperatureF": 100.9,
        "temperatureC": 38.3,
        "baselineRuralF": 75,
        "deltaF": 25.9,
        "severity": "Critical",
        "surfaceType": "commercial_roof",
        "areaName": "Industrial Logistics Zone (OSM #6769)",
        "censusTract": "OSM Way #40136769 • 0 impervious ways/450m"
      }
    },
    {
      "type": "Feature",
      "geometry": {
        "type": "Point",
        "coordinates": [
          -74.02744,
          40.78503
        ]
      },
      "properties": {
        "id": "nyc-osm-40165242",
        "temperatureF": 75.8,
        "temperatureC": 24.3,
        "baselineRuralF": 75,
        "deltaF": 0.8,
        "severity": "Low",
        "surfaceType": "canopy",
        "areaName": "Urban Park Canopy Buffer (OSM #5242)",
        "censusTract": "OSM Way #40165242 • 0 impervious ways/450m"
      }
    },
    {
      "type": "Feature",
      "geometry": {
        "type": "Point",
        "coordinates": [
          -74.02524,
          40.79401
        ]
      },
      "properties": {
        "id": "nyc-osm-40165247",
        "temperatureF": 75.8,
        "temperatureC": 24.3,
        "baselineRuralF": 75,
        "deltaF": 0.8,
        "severity": "Low",
        "surfaceType": "canopy",
        "areaName": "Urban Park Canopy Buffer (OSM #5247)",
        "censusTract": "OSM Way #40165247 • 0 impervious ways/450m"
      }
    },
    {
      "type": "Feature",
      "geometry": {
        "type": "Point",
        "coordinates": [
          -73.90201,
          40.76768
        ]
      },
      "properties": {
        "id": "nyc-osm-40222186",
        "temperatureF": 104,
        "temperatureC": 40,
        "baselineRuralF": 75,
        "deltaF": 29,
        "severity": "Critical",
        "surfaceType": "asphalt",
        "areaName": "Grand Central Parkway",
        "censusTract": "OSM Way #40222186 • 3 impervious ways/450m"
      }
    },
    {
      "type": "Feature",
      "geometry": {
        "type": "Point",
        "coordinates": [
          -73.91263,
          40.81151
        ]
      },
      "properties": {
        "id": "nyc-osm-40336208",
        "temperatureF": 75.8,
        "temperatureC": 24.3,
        "baselineRuralF": 75,
        "deltaF": 0.8,
        "severity": "Low",
        "surfaceType": "canopy",
        "areaName": "Saint Mary's Park",
        "censusTract": "OSM Way #40336208 • 0 impervious ways/450m"
      }
    },
    {
      "type": "Feature",
      "geometry": {
        "type": "Point",
        "coordinates": [
          -73.9717,
          40.71357
        ]
      },
      "properties": {
        "id": "nyc-osm-40337615",
        "temperatureF": 102.9,
        "temperatureC": 39.4,
        "baselineRuralF": 75,
        "deltaF": 27.9,
        "severity": "Critical",
        "surfaceType": "asphalt",
        "areaName": "Williamsburg Bridge",
        "censusTract": "OSM Way #40337615 • 1 impervious ways/450m"
      }
    },
    {
      "type": "Feature",
      "geometry": {
        "type": "Point",
        "coordinates": [
          -73.98158,
          40.71634
        ]
      },
      "properties": {
        "id": "nyc-osm-40337665",
        "temperatureF": 103.5,
        "temperatureC": 39.7,
        "baselineRuralF": 75,
        "deltaF": 28.5,
        "severity": "Critical",
        "surfaceType": "asphalt",
        "areaName": "Williamsburg Bridge",
        "censusTract": "OSM Way #40337665 • 2 impervious ways/450m"
      }
    },
    {
      "type": "Feature",
      "geometry": {
        "type": "Point",
        "coordinates": [
          -73.98483,
          40.71755
        ]
      },
      "properties": {
        "id": "nyc-osm-40337691",
        "temperatureF": 103.5,
        "temperatureC": 39.7,
        "baselineRuralF": 75,
        "deltaF": 28.5,
        "severity": "Critical",
        "surfaceType": "asphalt",
        "areaName": "Williamsburg Bridge",
        "censusTract": "OSM Way #40337691 • 2 impervious ways/450m"
      }
    },
    {
      "type": "Feature",
      "geometry": {
        "type": "Point",
        "coordinates": [
          -73.96059,
          40.71025
        ]
      },
      "properties": {
        "id": "nyc-osm-40337706",
        "temperatureF": 105.7,
        "temperatureC": 40.9,
        "baselineRuralF": 75,
        "deltaF": 30.7,
        "severity": "Critical",
        "surfaceType": "asphalt",
        "areaName": "Williamsburg Bridge",
        "censusTract": "OSM Way #40337706 • 6 impervious ways/450m"
      }
    },
    {
      "type": "Feature",
      "geometry": {
        "type": "Point",
        "coordinates": [
          -73.96063,
          40.71013
        ]
      },
      "properties": {
        "id": "nyc-osm-40337716",
        "temperatureF": 105.7,
        "temperatureC": 40.9,
        "baselineRuralF": 75,
        "deltaF": 30.7,
        "severity": "Critical",
        "surfaceType": "asphalt",
        "areaName": "Williamsburg Bridge",
        "censusTract": "OSM Way #40337716 • 6 impervious ways/450m"
      }
    },
    {
      "type": "Feature",
      "geometry": {
        "type": "Point",
        "coordinates": [
          -73.92242,
          40.73454
        ]
      },
      "properties": {
        "id": "nyc-osm-40350730",
        "temperatureF": 112.3,
        "temperatureC": 44.6,
        "baselineRuralF": 75,
        "deltaF": 37.3,
        "severity": "Critical",
        "surfaceType": "asphalt",
        "areaName": "Long Island Expressway",
        "censusTract": "OSM Way #40350730 • 18 impervious ways/450m"
      }
    },
    {
      "type": "Feature",
      "geometry": {
        "type": "Point",
        "coordinates": [
          -73.89631,
          40.7487
        ]
      },
      "properties": {
        "id": "nyc-osm-40388644",
        "temperatureF": 104.6,
        "temperatureC": 40.3,
        "baselineRuralF": 75,
        "deltaF": 29.6,
        "severity": "Critical",
        "surfaceType": "asphalt",
        "areaName": "Brooklyn-Queens Expressway",
        "censusTract": "OSM Way #40388644 • 4 impervious ways/450m"
      }
    },
    {
      "type": "Feature",
      "geometry": {
        "type": "Point",
        "coordinates": [
          -73.93176,
          40.7254
        ]
      },
      "properties": {
        "id": "nyc-osm-40389023",
        "temperatureF": 104,
        "temperatureC": 40,
        "baselineRuralF": 75,
        "deltaF": 29,
        "severity": "Critical",
        "surfaceType": "asphalt",
        "areaName": "Brooklyn-Queens Expressway",
        "censusTract": "OSM Way #40389023 • 3 impervious ways/450m"
      }
    },
    {
      "type": "Feature",
      "geometry": {
        "type": "Point",
        "coordinates": [
          -74.00391,
          40.81791
        ]
      },
      "properties": {
        "id": "nyc-osm-41915236",
        "temperatureF": 76.4,
        "temperatureC": 24.7,
        "baselineRuralF": 75,
        "deltaF": 1.4,
        "severity": "Low",
        "surfaceType": "canopy",
        "areaName": "Urban Park Canopy Buffer (OSM #5236)",
        "censusTract": "OSM Way #41915236 • 1 impervious ways/450m"
      }
    },
    {
      "type": "Feature",
      "geometry": {
        "type": "Point",
        "coordinates": [
          -74.00296,
          40.81808
        ]
      },
      "properties": {
        "id": "nyc-osm-41915481",
        "temperatureF": 100.1,
        "temperatureC": 37.8,
        "baselineRuralF": 75,
        "deltaF": 25.1,
        "severity": "Critical",
        "surfaceType": "commercial_roof",
        "areaName": "Industrial Logistics Zone (OSM #5481)",
        "censusTract": "OSM Way #41915481 • 0 impervious ways/450m"
      }
    },
    {
      "type": "Feature",
      "geometry": {
        "type": "Point",
        "coordinates": [
          -73.91908,
          40.80469
        ]
      },
      "properties": {
        "id": "nyc-osm-42380724",
        "temperatureF": 109.5,
        "temperatureC": 43.1,
        "baselineRuralF": 75,
        "deltaF": 34.5,
        "severity": "Critical",
        "surfaceType": "asphalt",
        "areaName": "Major Deegan Expressway",
        "censusTract": "OSM Way #42380724 • 13 impervious ways/450m"
      }
    },
    {
      "type": "Feature",
      "geometry": {
        "type": "Point",
        "coordinates": [
          -73.98553,
          40.75999
        ]
      },
      "properties": {
        "id": "nyc-osm-42496284",
        "temperatureF": 102.5,
        "temperatureC": 39.2,
        "baselineRuralF": 75,
        "deltaF": 27.5,
        "severity": "Critical",
        "surfaceType": "commercial_roof",
        "areaName": "Morgan Stanley Building",
        "censusTract": "OSM Way #42496284 • 3 impervious ways/450m"
      }
    },
    {
      "type": "Feature",
      "geometry": {
        "type": "Point",
        "coordinates": [
          -73.98227,
          40.75948
        ]
      },
      "properties": {
        "id": "nyc-osm-42496314",
        "temperatureF": 104.5,
        "temperatureC": 40.3,
        "baselineRuralF": 75,
        "deltaF": 29.5,
        "severity": "Critical",
        "surfaceType": "commercial_roof",
        "areaName": "1221 6th Avenue (Commercial Retail Complex)",
        "censusTract": "OSM Way #42496314 • 8 impervious ways/450m"
      }
    },
    {
      "type": "Feature",
      "geometry": {
        "type": "Point",
        "coordinates": [
          -73.97891,
          40.75799
        ]
      },
      "properties": {
        "id": "nyc-osm-42500728",
        "temperatureF": 105.1,
        "temperatureC": 40.6,
        "baselineRuralF": 75,
        "deltaF": 30.1,
        "severity": "Critical",
        "surfaceType": "commercial_roof",
        "areaName": "One Rockefeller Plaza",
        "censusTract": "OSM Way #42500728 • 9 impervious ways/450m"
      }
    },
    {
      "type": "Feature",
      "geometry": {
        "type": "Point",
        "coordinates": [
          -73.99747,
          40.72178
        ]
      },
      "properties": {
        "id": "nyc-osm-44225581",
        "temperatureF": 75.8,
        "temperatureC": 24.3,
        "baselineRuralF": 75,
        "deltaF": 0.8,
        "severity": "Low",
        "surfaceType": "canopy",
        "areaName": "Petrosino Square",
        "censusTract": "OSM Way #44225581 • 0 impervious ways/450m"
      }
    },
    {
      "type": "Feature",
      "geometry": {
        "type": "Point",
        "coordinates": [
          -74.00536,
          40.7205
        ]
      },
      "properties": {
        "id": "nyc-osm-46139035",
        "temperatureF": 102.7,
        "temperatureC": 39.3,
        "baselineRuralF": 75,
        "deltaF": 27.7,
        "severity": "Critical",
        "surfaceType": "asphalt",
        "areaName": "West Broadway",
        "censusTract": "OSM Way #46139035 • 2 impervious ways/450m"
      }
    },
    {
      "type": "Feature",
      "geometry": {
        "type": "Point",
        "coordinates": [
          -74.00525,
          40.72107
        ]
      },
      "properties": {
        "id": "nyc-osm-46139046",
        "temperatureF": 103.3,
        "temperatureC": 39.6,
        "baselineRuralF": 75,
        "deltaF": 28.3,
        "severity": "Critical",
        "surfaceType": "asphalt",
        "areaName": "6th Avenue",
        "censusTract": "OSM Way #46139046 • 3 impervious ways/450m"
      }
    },
    {
      "type": "Feature",
      "geometry": {
        "type": "Point",
        "coordinates": [
          -73.97196,
          40.74256
        ]
      },
      "properties": {
        "id": "nyc-osm-46201646",
        "temperatureF": 103.8,
        "temperatureC": 39.9,
        "baselineRuralF": 75,
        "deltaF": 28.8,
        "severity": "Critical",
        "surfaceType": "asphalt",
        "areaName": "FDR Drive",
        "censusTract": "OSM Way #46201646 • 4 impervious ways/450m"
      }
    },
    {
      "type": "Feature",
      "geometry": {
        "type": "Point",
        "coordinates": [
          -73.97408,
          40.73334
        ]
      },
      "properties": {
        "id": "nyc-osm-46201653",
        "temperatureF": 101.4,
        "temperatureC": 38.6,
        "baselineRuralF": 75,
        "deltaF": 26.4,
        "severity": "Critical",
        "surfaceType": "asphalt",
        "areaName": "FDR Drive",
        "censusTract": "OSM Way #46201653 • 1 impervious ways/450m"
      }
    },
    {
      "type": "Feature",
      "geometry": {
        "type": "Point",
        "coordinates": [
          -73.95867,
          40.75869
        ]
      },
      "properties": {
        "id": "nyc-osm-46211847",
        "temperatureF": 106.2,
        "temperatureC": 41.2,
        "baselineRuralF": 75,
        "deltaF": 31.2,
        "severity": "Critical",
        "surfaceType": "asphalt",
        "areaName": "FDR Drive",
        "censusTract": "OSM Way #46211847 • 7 impervious ways/450m"
      }
    },
    {
      "type": "Feature",
      "geometry": {
        "type": "Point",
        "coordinates": [
          -73.9574,
          40.7602
        ]
      },
      "properties": {
        "id": "nyc-osm-46211848",
        "temperatureF": 106.2,
        "temperatureC": 41.2,
        "baselineRuralF": 75,
        "deltaF": 31.2,
        "severity": "Critical",
        "surfaceType": "asphalt",
        "areaName": "FDR Drive",
        "censusTract": "OSM Way #46211848 • 7 impervious ways/450m"
      }
    },
    {
      "type": "Feature",
      "geometry": {
        "type": "Point",
        "coordinates": [
          -73.95778,
          40.75987
        ]
      },
      "properties": {
        "id": "nyc-osm-46211849",
        "temperatureF": 107.9,
        "temperatureC": 42.2,
        "baselineRuralF": 75,
        "deltaF": 32.9,
        "severity": "Critical",
        "surfaceType": "asphalt",
        "areaName": "FDR Drive",
        "censusTract": "OSM Way #46211849 • 10 impervious ways/450m"
      }
    },
    {
      "type": "Feature",
      "geometry": {
        "type": "Point",
        "coordinates": [
          -73.93459,
          40.82369
        ]
      },
      "properties": {
        "id": "nyc-osm-46240091",
        "temperatureF": 102.9,
        "temperatureC": 39.4,
        "baselineRuralF": 75,
        "deltaF": 27.9,
        "severity": "Critical",
        "surfaceType": "asphalt",
        "areaName": "Harlem River Drive",
        "censusTract": "OSM Way #46240091 • 1 impervious ways/450m"
      }
    },
    {
      "type": "Feature",
      "geometry": {
        "type": "Point",
        "coordinates": [
          -73.93445,
          40.8237
        ]
      },
      "properties": {
        "id": "nyc-osm-46240112",
        "temperatureF": 102.9,
        "temperatureC": 39.4,
        "baselineRuralF": 75,
        "deltaF": 27.9,
        "severity": "Critical",
        "surfaceType": "asphalt",
        "areaName": "Harlem River Drive",
        "censusTract": "OSM Way #46240112 • 1 impervious ways/450m"
      }
    },
    {
      "type": "Feature",
      "geometry": {
        "type": "Point",
        "coordinates": [
          -73.93425,
          40.81682
        ]
      },
      "properties": {
        "id": "nyc-osm-46240115",
        "temperatureF": 103.5,
        "temperatureC": 39.7,
        "baselineRuralF": 75,
        "deltaF": 28.5,
        "severity": "Critical",
        "surfaceType": "asphalt",
        "areaName": "Harlem River Drive",
        "censusTract": "OSM Way #46240115 • 2 impervious ways/450m"
      }
    },
    {
      "type": "Feature",
      "geometry": {
        "type": "Point",
        "coordinates": [
          -73.9317,
          40.80465
        ]
      },
      "properties": {
        "id": "nyc-osm-46240246",
        "temperatureF": 103.8,
        "temperatureC": 39.9,
        "baselineRuralF": 75,
        "deltaF": 28.8,
        "severity": "Critical",
        "surfaceType": "asphalt",
        "areaName": "Harlem River Drive",
        "censusTract": "OSM Way #46240246 • 4 impervious ways/450m"
      }
    },
    {
      "type": "Feature",
      "geometry": {
        "type": "Point",
        "coordinates": [
          -73.93054,
          40.803
        ]
      },
      "properties": {
        "id": "nyc-osm-46240250",
        "temperatureF": 104.6,
        "temperatureC": 40.3,
        "baselineRuralF": 75,
        "deltaF": 29.6,
        "severity": "Critical",
        "surfaceType": "asphalt",
        "areaName": "Harlem River Drive",
        "censusTract": "OSM Way #46240250 • 4 impervious ways/450m"
      }
    },
    {
      "type": "Feature",
      "geometry": {
        "type": "Point",
        "coordinates": [
          -73.93305,
          40.80658
        ]
      },
      "properties": {
        "id": "nyc-osm-46240259",
        "temperatureF": 103.8,
        "temperatureC": 39.9,
        "baselineRuralF": 75,
        "deltaF": 28.8,
        "severity": "Critical",
        "surfaceType": "asphalt",
        "areaName": "Harlem River Drive",
        "censusTract": "OSM Way #46240259 • 4 impervious ways/450m"
      }
    },
    {
      "type": "Feature",
      "geometry": {
        "type": "Point",
        "coordinates": [
          -73.9315,
          40.80475
        ]
      },
      "properties": {
        "id": "nyc-osm-46240260",
        "temperatureF": 103.8,
        "temperatureC": 39.9,
        "baselineRuralF": 75,
        "deltaF": 28.8,
        "severity": "Critical",
        "surfaceType": "asphalt",
        "areaName": "Harlem River Drive",
        "censusTract": "OSM Way #46240260 • 4 impervious ways/450m"
      }
    },
    {
      "type": "Feature",
      "geometry": {
        "type": "Point",
        "coordinates": [
          -73.95628,
          40.71099
        ]
      },
      "properties": {
        "id": "nyc-osm-46359910",
        "temperatureF": 107.3,
        "temperatureC": 41.8,
        "baselineRuralF": 75,
        "deltaF": 32.3,
        "severity": "Critical",
        "surfaceType": "asphalt",
        "areaName": "Williamsburg Bridge",
        "censusTract": "OSM Way #46359910 • 9 impervious ways/450m"
      }
    },
    {
      "type": "Feature",
      "geometry": {
        "type": "Point",
        "coordinates": [
          -73.9717,
          40.71357
        ]
      },
      "properties": {
        "id": "nyc-osm-46359922",
        "temperatureF": 102.9,
        "temperatureC": 39.4,
        "baselineRuralF": 75,
        "deltaF": 27.9,
        "severity": "Critical",
        "surfaceType": "asphalt",
        "areaName": "Williamsburg Bridge",
        "censusTract": "OSM Way #46359922 • 1 impervious ways/450m"
      }
    },
    {
      "type": "Feature",
      "geometry": {
        "type": "Point",
        "coordinates": [
          -73.96314,
          40.71096
        ]
      },
      "properties": {
        "id": "nyc-osm-46359926",
        "temperatureF": 104.6,
        "temperatureC": 40.3,
        "baselineRuralF": 75,
        "deltaF": 29.6,
        "severity": "Critical",
        "surfaceType": "asphalt",
        "areaName": "Williamsburg Bridge",
        "censusTract": "OSM Way #46359926 • 4 impervious ways/450m"
      }
    },
    {
      "type": "Feature",
      "geometry": {
        "type": "Point",
        "coordinates": [
          -73.96152,
          40.71028
        ]
      },
      "properties": {
        "id": "nyc-osm-46359931",
        "temperatureF": 105.7,
        "temperatureC": 40.9,
        "baselineRuralF": 75,
        "deltaF": 30.7,
        "severity": "Critical",
        "surfaceType": "asphalt",
        "areaName": "Williamsburg Bridge",
        "censusTract": "OSM Way #46359931 • 6 impervious ways/450m"
      }
    },
    {
      "type": "Feature",
      "geometry": {
        "type": "Point",
        "coordinates": [
          -73.98481,
          40.71731
        ]
      },
      "properties": {
        "id": "nyc-osm-46361719",
        "temperatureF": 103.5,
        "temperatureC": 39.7,
        "baselineRuralF": 75,
        "deltaF": 28.5,
        "severity": "Critical",
        "surfaceType": "asphalt",
        "areaName": "Williamsburg Bridge",
        "censusTract": "OSM Way #46361719 • 2 impervious ways/450m"
      }
    },
    {
      "type": "Feature",
      "geometry": {
        "type": "Point",
        "coordinates": [
          -73.94137,
          40.75112
        ]
      },
      "properties": {
        "id": "nyc-osm-46372168",
        "temperatureF": 106.8,
        "temperatureC": 41.6,
        "baselineRuralF": 75,
        "deltaF": 31.8,
        "severity": "Critical",
        "surfaceType": "asphalt",
        "areaName": "NY 25 Highway Corridor (OSM #2168)",
        "censusTract": "OSM Way #46372168 • 8 impervious ways/450m"
      }
    },
    {
      "type": "Feature",
      "geometry": {
        "type": "Point",
        "coordinates": [
          -73.9391,
          40.75006
        ]
      },
      "properties": {
        "id": "nyc-osm-46372171",
        "temperatureF": 106.2,
        "temperatureC": 41.2,
        "baselineRuralF": 75,
        "deltaF": 31.2,
        "severity": "Critical",
        "surfaceType": "asphalt",
        "areaName": "NY 25 Highway Corridor (OSM #2171)",
        "censusTract": "OSM Way #46372171 • 7 impervious ways/450m"
      }
    },
    {
      "type": "Feature",
      "geometry": {
        "type": "Point",
        "coordinates": [
          -73.94126,
          40.75116
        ]
      },
      "properties": {
        "id": "nyc-osm-46372178",
        "temperatureF": 106.8,
        "temperatureC": 41.6,
        "baselineRuralF": 75,
        "deltaF": 31.8,
        "severity": "Critical",
        "surfaceType": "asphalt",
        "areaName": "NY 25 Highway Corridor (OSM #2178)",
        "censusTract": "OSM Way #46372178 • 8 impervious ways/450m"
      }
    },
    {
      "type": "Feature",
      "geometry": {
        "type": "Point",
        "coordinates": [
          -73.96178,
          40.76239
        ]
      },
      "properties": {
        "id": "nyc-osm-46419221",
        "temperatureF": 106.2,
        "temperatureC": 41.2,
        "baselineRuralF": 75,
        "deltaF": 31.2,
        "severity": "Critical",
        "surfaceType": "asphalt",
        "areaName": "Queensboro Bridge Exit",
        "censusTract": "OSM Way #46419221 • 7 impervious ways/450m"
      }
    },
    {
      "type": "Feature",
      "geometry": {
        "type": "Point",
        "coordinates": [
          -73.96382,
          40.75991
        ]
      },
      "properties": {
        "id": "nyc-osm-46419222",
        "temperatureF": 105.1,
        "temperatureC": 40.6,
        "baselineRuralF": 75,
        "deltaF": 30.1,
        "severity": "Critical",
        "surfaceType": "asphalt",
        "areaName": "Queensboro Bridge Approach",
        "censusTract": "OSM Way #46419222 • 5 impervious ways/450m"
      }
    },
    {
      "type": "Feature",
      "geometry": {
        "type": "Point",
        "coordinates": [
          -73.93937,
          40.74577
        ]
      },
      "properties": {
        "id": "nyc-osm-46419224",
        "temperatureF": 104,
        "temperatureC": 40,
        "baselineRuralF": 75,
        "deltaF": 29,
        "severity": "Critical",
        "surfaceType": "asphalt",
        "areaName": "Ed Koch Queensboro Bridge Upper Level",
        "censusTract": "OSM Way #46419224 • 3 impervious ways/450m"
      }
    },
    {
      "type": "Feature",
      "geometry": {
        "type": "Point",
        "coordinates": [
          -73.92928,
          40.78543
        ]
      },
      "properties": {
        "id": "nyc-osm-46421548",
        "temperatureF": 101.6,
        "temperatureC": 38.7,
        "baselineRuralF": 75,
        "deltaF": 26.6,
        "severity": "Critical",
        "surfaceType": "asphalt",
        "areaName": "Robert F. Kennedy Bridge",
        "censusTract": "OSM Way #46421548 • 0 impervious ways/450m"
      }
    },
    {
      "type": "Feature",
      "geometry": {
        "type": "Point",
        "coordinates": [
          -73.99436,
          40.77168
        ]
      },
      "properties": {
        "id": "nyc-osm-46443588",
        "temperatureF": 104.9,
        "temperatureC": 40.5,
        "baselineRuralF": 75,
        "deltaF": 29.9,
        "severity": "Critical",
        "surfaceType": "asphalt",
        "areaName": "West Side Highway",
        "censusTract": "OSM Way #46443588 • 6 impervious ways/450m"
      }
    },
    {
      "type": "Feature",
      "geometry": {
        "type": "Point",
        "coordinates": [
          -73.97337,
          40.74604
        ]
      },
      "properties": {
        "id": "nyc-osm-46469730",
        "temperatureF": 102.5,
        "temperatureC": 39.2,
        "baselineRuralF": 75,
        "deltaF": 27.5,
        "severity": "Critical",
        "surfaceType": "asphalt",
        "areaName": "I 495 Highway Corridor (OSM #9730)",
        "censusTract": "OSM Way #46469730 • 3 impervious ways/450m"
      }
    },
    {
      "type": "Feature",
      "geometry": {
        "type": "Point",
        "coordinates": [
          -73.99848,
          40.75862
        ]
      },
      "properties": {
        "id": "nyc-osm-46482819",
        "temperatureF": 110.6,
        "temperatureC": 43.7,
        "baselineRuralF": 75,
        "deltaF": 35.6,
        "severity": "Critical",
        "surfaceType": "asphalt",
        "areaName": "Lincoln Tunnel Expressway",
        "censusTract": "OSM Way #46482819 • 15 impervious ways/450m"
      }
    },
    {
      "type": "Feature",
      "geometry": {
        "type": "Point",
        "coordinates": [
          -73.99523,
          40.75626
        ]
      },
      "properties": {
        "id": "nyc-osm-46492007",
        "temperatureF": 109.5,
        "temperatureC": 43.1,
        "baselineRuralF": 75,
        "deltaF": 34.5,
        "severity": "Critical",
        "surfaceType": "asphalt",
        "areaName": "Lincoln Tunnel Expressway",
        "censusTract": "OSM Way #46492007 • 13 impervious ways/450m"
      }
    },
    {
      "type": "Feature",
      "geometry": {
        "type": "Point",
        "coordinates": [
          -73.99506,
          40.75645
        ]
      },
      "properties": {
        "id": "nyc-osm-46492008",
        "temperatureF": 109.5,
        "temperatureC": 43.1,
        "baselineRuralF": 75,
        "deltaF": 34.5,
        "severity": "Critical",
        "surfaceType": "asphalt",
        "areaName": "Lincoln Tunnel Expressway",
        "censusTract": "OSM Way #46492008 • 13 impervious ways/450m"
      }
    },
    {
      "type": "Feature",
      "geometry": {
        "type": "Point",
        "coordinates": [
          -73.99509,
          40.75657
        ]
      },
      "properties": {
        "id": "nyc-osm-46492009",
        "temperatureF": 109.5,
        "temperatureC": 43.1,
        "baselineRuralF": 75,
        "deltaF": 34.5,
        "severity": "Critical",
        "surfaceType": "asphalt",
        "areaName": "Lincoln Tunnel Expressway",
        "censusTract": "OSM Way #46492009 • 13 impervious ways/450m"
      }
    },
    {
      "type": "Feature",
      "geometry": {
        "type": "Point",
        "coordinates": [
          -73.99544,
          40.75686
        ]
      },
      "properties": {
        "id": "nyc-osm-46492015",
        "temperatureF": 109.5,
        "temperatureC": 43.1,
        "baselineRuralF": 75,
        "deltaF": 34.5,
        "severity": "Critical",
        "surfaceType": "asphalt",
        "areaName": "Lincoln Tunnel Expressway",
        "censusTract": "OSM Way #46492015 • 13 impervious ways/450m"
      }
    },
    {
      "type": "Feature",
      "geometry": {
        "type": "Point",
        "coordinates": [
          -73.99522,
          40.7567
        ]
      },
      "properties": {
        "id": "nyc-osm-46492016",
        "temperatureF": 109.5,
        "temperatureC": 43.1,
        "baselineRuralF": 75,
        "deltaF": 34.5,
        "severity": "Critical",
        "surfaceType": "asphalt",
        "areaName": "Lincoln Tunnel Expressway",
        "censusTract": "OSM Way #46492016 • 13 impervious ways/450m"
      }
    },
    {
      "type": "Feature",
      "geometry": {
        "type": "Point",
        "coordinates": [
          -73.99609,
          40.75742
        ]
      },
      "properties": {
        "id": "nyc-osm-46492034",
        "temperatureF": 109.5,
        "temperatureC": 43.1,
        "baselineRuralF": 75,
        "deltaF": 34.5,
        "severity": "Critical",
        "surfaceType": "asphalt",
        "areaName": "Lincoln Tunnel Expressway",
        "censusTract": "OSM Way #46492034 • 13 impervious ways/450m"
      }
    },
    {
      "type": "Feature",
      "geometry": {
        "type": "Point",
        "coordinates": [
          -73.98406,
          40.78557
        ]
      },
      "properties": {
        "id": "nyc-osm-46546728",
        "temperatureF": 103.5,
        "temperatureC": 39.7,
        "baselineRuralF": 75,
        "deltaF": 28.5,
        "severity": "Critical",
        "surfaceType": "asphalt",
        "areaName": "Henry Hudson Parkway",
        "censusTract": "OSM Way #46546728 • 2 impervious ways/450m"
      }
    },
    {
      "type": "Feature",
      "geometry": {
        "type": "Point",
        "coordinates": [
          -73.98621,
          40.78257
        ]
      },
      "properties": {
        "id": "nyc-osm-46546732",
        "temperatureF": 103.5,
        "temperatureC": 39.7,
        "baselineRuralF": 75,
        "deltaF": 28.5,
        "severity": "Critical",
        "surfaceType": "asphalt",
        "areaName": "Henry Hudson Parkway",
        "censusTract": "OSM Way #46546732 • 2 impervious ways/450m"
      }
    },
    {
      "type": "Feature",
      "geometry": {
        "type": "Point",
        "coordinates": [
          -73.98394,
          40.78552
        ]
      },
      "properties": {
        "id": "nyc-osm-46546758",
        "temperatureF": 103.5,
        "temperatureC": 39.7,
        "baselineRuralF": 75,
        "deltaF": 28.5,
        "severity": "Critical",
        "surfaceType": "asphalt",
        "areaName": "Henry Hudson Parkway",
        "censusTract": "OSM Way #46546758 • 2 impervious ways/450m"
      }
    },
    {
      "type": "Feature",
      "geometry": {
        "type": "Point",
        "coordinates": [
          -73.98037,
          40.79169
        ]
      },
      "properties": {
        "id": "nyc-osm-46546766",
        "temperatureF": 104,
        "temperatureC": 40,
        "baselineRuralF": 75,
        "deltaF": 29,
        "severity": "Critical",
        "surfaceType": "asphalt",
        "areaName": "Henry Hudson Parkway",
        "censusTract": "OSM Way #46546766 • 3 impervious ways/450m"
      }
    },
    {
      "type": "Feature",
      "geometry": {
        "type": "Point",
        "coordinates": [
          -73.9715,
          40.80422
        ]
      },
      "properties": {
        "id": "nyc-osm-46563135",
        "temperatureF": 102.2,
        "temperatureC": 39,
        "baselineRuralF": 75,
        "deltaF": 27.2,
        "severity": "Critical",
        "surfaceType": "asphalt",
        "areaName": "Henry Hudson Parkway",
        "censusTract": "OSM Way #46563135 • 1 impervious ways/450m"
      }
    },
    {
      "type": "Feature",
      "geometry": {
        "type": "Point",
        "coordinates": [
          -73.97496,
          40.79907
        ]
      },
      "properties": {
        "id": "nyc-osm-46563137",
        "temperatureF": 103.5,
        "temperatureC": 39.7,
        "baselineRuralF": 75,
        "deltaF": 28.5,
        "severity": "Critical",
        "surfaceType": "asphalt",
        "areaName": "Henry Hudson Parkway",
        "censusTract": "OSM Way #46563137 • 2 impervious ways/450m"
      }
    },
    {
      "type": "Feature",
      "geometry": {
        "type": "Point",
        "coordinates": [
          -73.97514,
          40.79912
        ]
      },
      "properties": {
        "id": "nyc-osm-46563139",
        "temperatureF": 103.5,
        "temperatureC": 39.7,
        "baselineRuralF": 75,
        "deltaF": 28.5,
        "severity": "Critical",
        "surfaceType": "asphalt",
        "areaName": "Henry Hudson Parkway",
        "censusTract": "OSM Way #46563139 • 2 impervious ways/450m"
      }
    },
    {
      "type": "Feature",
      "geometry": {
        "type": "Point",
        "coordinates": [
          -73.97564,
          40.79792
        ]
      },
      "properties": {
        "id": "nyc-osm-46563143",
        "temperatureF": 104,
        "temperatureC": 40,
        "baselineRuralF": 75,
        "deltaF": 29,
        "severity": "Critical",
        "surfaceType": "asphalt",
        "areaName": "Henry Hudson Parkway",
        "censusTract": "OSM Way #46563143 • 3 impervious ways/450m"
      }
    },
    {
      "type": "Feature",
      "geometry": {
        "type": "Point",
        "coordinates": [
          -73.97846,
          40.79448
        ]
      },
      "properties": {
        "id": "nyc-osm-46563171",
        "temperatureF": 104,
        "temperatureC": 40,
        "baselineRuralF": 75,
        "deltaF": 29,
        "severity": "Critical",
        "surfaceType": "asphalt",
        "areaName": "Henry Hudson Parkway",
        "censusTract": "OSM Way #46563171 • 3 impervious ways/450m"
      }
    },
    {
      "type": "Feature",
      "geometry": {
        "type": "Point",
        "coordinates": [
          -73.98089,
          40.79085
        ]
      },
      "properties": {
        "id": "nyc-osm-46563174",
        "temperatureF": 103.5,
        "temperatureC": 39.7,
        "baselineRuralF": 75,
        "deltaF": 28.5,
        "severity": "Critical",
        "surfaceType": "asphalt",
        "areaName": "Henry Hudson Parkway",
        "censusTract": "OSM Way #46563174 • 2 impervious ways/450m"
      }
    },
    {
      "type": "Feature",
      "geometry": {
        "type": "Point",
        "coordinates": [
          -73.97746,
          40.7951
        ]
      },
      "properties": {
        "id": "nyc-osm-46563178",
        "temperatureF": 104,
        "temperatureC": 40,
        "baselineRuralF": 75,
        "deltaF": 29,
        "severity": "Critical",
        "surfaceType": "asphalt",
        "areaName": "Henry Hudson Parkway",
        "censusTract": "OSM Way #46563178 • 3 impervious ways/450m"
      }
    },
    {
      "type": "Feature",
      "geometry": {
        "type": "Point",
        "coordinates": [
          -73.97833,
          40.79439
        ]
      },
      "properties": {
        "id": "nyc-osm-46563181",
        "temperatureF": 104.6,
        "temperatureC": 40.3,
        "baselineRuralF": 75,
        "deltaF": 29.6,
        "severity": "Critical",
        "surfaceType": "asphalt",
        "areaName": "Henry Hudson Parkway",
        "censusTract": "OSM Way #46563181 • 4 impervious ways/450m"
      }
    },
    {
      "type": "Feature",
      "geometry": {
        "type": "Point",
        "coordinates": [
          -73.95494,
          40.82581
        ]
      },
      "properties": {
        "id": "nyc-osm-46568293",
        "temperatureF": 101.6,
        "temperatureC": 38.7,
        "baselineRuralF": 75,
        "deltaF": 26.6,
        "severity": "Critical",
        "surfaceType": "asphalt",
        "areaName": "Henry Hudson Parkway",
        "censusTract": "OSM Way #46568293 • 0 impervious ways/450m"
      }
    },
    {
      "type": "Feature",
      "geometry": {
        "type": "Point",
        "coordinates": [
          -73.96235,
          40.81735
        ]
      },
      "properties": {
        "id": "nyc-osm-46568339",
        "temperatureF": 102.9,
        "temperatureC": 39.4,
        "baselineRuralF": 75,
        "deltaF": 27.9,
        "severity": "Critical",
        "surfaceType": "asphalt",
        "areaName": "Henry Hudson Parkway",
        "censusTract": "OSM Way #46568339 • 1 impervious ways/450m"
      }
    },
    {
      "type": "Feature",
      "geometry": {
        "type": "Point",
        "coordinates": [
          -73.95935,
          40.82056
        ]
      },
      "properties": {
        "id": "nyc-osm-46568381",
        "temperatureF": 102.9,
        "temperatureC": 39.4,
        "baselineRuralF": 75,
        "deltaF": 27.9,
        "severity": "Critical",
        "surfaceType": "asphalt",
        "areaName": "Henry Hudson Parkway",
        "censusTract": "OSM Way #46568381 • 1 impervious ways/450m"
      }
    },
    {
      "type": "Feature",
      "geometry": {
        "type": "Point",
        "coordinates": [
          -74.01414,
          40.72632
        ]
      },
      "properties": {
        "id": "nyc-osm-46613913",
        "temperatureF": 102.9,
        "temperatureC": 39.4,
        "baselineRuralF": 75,
        "deltaF": 27.9,
        "severity": "Critical",
        "surfaceType": "asphalt",
        "areaName": "Holland Tunnel",
        "censusTract": "OSM Way #46613913 • 1 impervious ways/450m"
      }
    },
    {
      "type": "Feature",
      "geometry": {
        "type": "Point",
        "coordinates": [
          -73.93088,
          40.81672
        ]
      },
      "properties": {
        "id": "nyc-osm-46624981",
        "temperatureF": 103.5,
        "temperatureC": 39.7,
        "baselineRuralF": 75,
        "deltaF": 28.5,
        "severity": "Critical",
        "surfaceType": "asphalt",
        "areaName": "Major Deegan Expressway",
        "censusTract": "OSM Way #46624981 • 2 impervious ways/450m"
      }
    },
    {
      "type": "Feature",
      "geometry": {
        "type": "Point",
        "coordinates": [
          -73.93107,
          40.81481
        ]
      },
      "properties": {
        "id": "nyc-osm-46624982",
        "temperatureF": 103.5,
        "temperatureC": 39.7,
        "baselineRuralF": 75,
        "deltaF": 28.5,
        "severity": "Critical",
        "surfaceType": "asphalt",
        "areaName": "Major Deegan Expressway",
        "censusTract": "OSM Way #46624982 • 2 impervious ways/450m"
      }
    },
    {
      "type": "Feature",
      "geometry": {
        "type": "Point",
        "coordinates": [
          -73.92086,
          40.80543
        ]
      },
      "properties": {
        "id": "nyc-osm-46626566",
        "temperatureF": 105.1,
        "temperatureC": 40.6,
        "baselineRuralF": 75,
        "deltaF": 30.1,
        "severity": "Critical",
        "surfaceType": "asphalt",
        "areaName": "Major Deegan Expressway",
        "censusTract": "OSM Way #46626566 • 5 impervious ways/450m"
      }
    },
    {
      "type": "Feature",
      "geometry": {
        "type": "Point",
        "coordinates": [
          -73.92157,
          40.80574
        ]
      },
      "properties": {
        "id": "nyc-osm-46626567",
        "temperatureF": 105.1,
        "temperatureC": 40.6,
        "baselineRuralF": 75,
        "deltaF": 30.1,
        "severity": "Critical",
        "surfaceType": "asphalt",
        "areaName": "Major Deegan Expressway",
        "censusTract": "OSM Way #46626567 • 5 impervious ways/450m"
      }
    },
    {
      "type": "Feature",
      "geometry": {
        "type": "Point",
        "coordinates": [
          -73.91997,
          40.80506
        ]
      },
      "properties": {
        "id": "nyc-osm-46626568",
        "temperatureF": 107.9,
        "temperatureC": 42.2,
        "baselineRuralF": 75,
        "deltaF": 32.9,
        "severity": "Critical",
        "surfaceType": "asphalt",
        "areaName": "Major Deegan Expressway",
        "censusTract": "OSM Way #46626568 • 10 impervious ways/450m"
      }
    },
    {
      "type": "Feature",
      "geometry": {
        "type": "Point",
        "coordinates": [
          -73.92092,
          40.80534
        ]
      },
      "properties": {
        "id": "nyc-osm-46626571",
        "temperatureF": 105.1,
        "temperatureC": 40.6,
        "baselineRuralF": 75,
        "deltaF": 30.1,
        "severity": "Critical",
        "surfaceType": "asphalt",
        "areaName": "Major Deegan Expressway",
        "censusTract": "OSM Way #46626571 • 5 impervious ways/450m"
      }
    },
    {
      "type": "Feature",
      "geometry": {
        "type": "Point",
        "coordinates": [
          -73.92677,
          40.8078
        ]
      },
      "properties": {
        "id": "nyc-osm-46626581",
        "temperatureF": 106.2,
        "temperatureC": 41.2,
        "baselineRuralF": 75,
        "deltaF": 31.2,
        "severity": "Critical",
        "surfaceType": "asphalt",
        "areaName": "Major Deegan Expressway",
        "censusTract": "OSM Way #46626581 • 7 impervious ways/450m"
      }
    },
    {
      "type": "Feature",
      "geometry": {
        "type": "Point",
        "coordinates": [
          -73.92796,
          40.80849
        ]
      },
      "properties": {
        "id": "nyc-osm-46626582",
        "temperatureF": 106.2,
        "temperatureC": 41.2,
        "baselineRuralF": 75,
        "deltaF": 31.2,
        "severity": "Critical",
        "surfaceType": "asphalt",
        "areaName": "Major Deegan Expressway",
        "censusTract": "OSM Way #46626582 • 7 impervious ways/450m"
      }
    },
    {
      "type": "Feature",
      "geometry": {
        "type": "Point",
        "coordinates": [
          -73.92892,
          40.80918
        ]
      },
      "properties": {
        "id": "nyc-osm-46626585",
        "temperatureF": 106.2,
        "temperatureC": 41.2,
        "baselineRuralF": 75,
        "deltaF": 31.2,
        "severity": "Critical",
        "surfaceType": "asphalt",
        "areaName": "Major Deegan Expressway",
        "censusTract": "OSM Way #46626585 • 7 impervious ways/450m"
      }
    },
    {
      "type": "Feature",
      "geometry": {
        "type": "Point",
        "coordinates": [
          -73.92678,
          40.80769
        ]
      },
      "properties": {
        "id": "nyc-osm-46626586",
        "temperatureF": 106.2,
        "temperatureC": 41.2,
        "baselineRuralF": 75,
        "deltaF": 31.2,
        "severity": "Critical",
        "surfaceType": "asphalt",
        "areaName": "Major Deegan Expressway",
        "censusTract": "OSM Way #46626586 • 7 impervious ways/450m"
      }
    },
    {
      "type": "Feature",
      "geometry": {
        "type": "Point",
        "coordinates": [
          -73.92536,
          40.80711
        ]
      },
      "properties": {
        "id": "nyc-osm-46626587",
        "temperatureF": 107.3,
        "temperatureC": 41.8,
        "baselineRuralF": 75,
        "deltaF": 32.3,
        "severity": "Critical",
        "surfaceType": "asphalt",
        "areaName": "Major Deegan Expressway",
        "censusTract": "OSM Way #46626587 • 9 impervious ways/450m"
      }
    },
    {
      "type": "Feature",
      "geometry": {
        "type": "Point",
        "coordinates": [
          -73.9304,
          40.81043
        ]
      },
      "properties": {
        "id": "nyc-osm-46626590",
        "temperatureF": 106.2,
        "temperatureC": 41.2,
        "baselineRuralF": 75,
        "deltaF": 31.2,
        "severity": "Critical",
        "surfaceType": "asphalt",
        "areaName": "Major Deegan Expressway",
        "censusTract": "OSM Way #46626590 • 7 impervious ways/450m"
      }
    },
    {
      "type": "Feature",
      "geometry": {
        "type": "Point",
        "coordinates": [
          -73.92775,
          40.80823
        ]
      },
      "properties": {
        "id": "nyc-osm-46626593",
        "temperatureF": 106.2,
        "temperatureC": 41.2,
        "baselineRuralF": 75,
        "deltaF": 31.2,
        "severity": "Critical",
        "surfaceType": "asphalt",
        "areaName": "Major Deegan Expressway",
        "censusTract": "OSM Way #46626593 • 7 impervious ways/450m"
      }
    },
    {
      "type": "Feature",
      "geometry": {
        "type": "Point",
        "coordinates": [
          -73.92902,
          40.8091
        ]
      },
      "properties": {
        "id": "nyc-osm-46626642",
        "temperatureF": 106.8,
        "temperatureC": 41.6,
        "baselineRuralF": 75,
        "deltaF": 31.8,
        "severity": "Critical",
        "surfaceType": "asphalt",
        "areaName": "Major Deegan Expressway",
        "censusTract": "OSM Way #46626642 • 8 impervious ways/450m"
      }
    },
    {
      "type": "Feature",
      "geometry": {
        "type": "Point",
        "coordinates": [
          -73.91466,
          40.80329
        ]
      },
      "properties": {
        "id": "nyc-osm-46656973",
        "temperatureF": 107.9,
        "temperatureC": 42.2,
        "baselineRuralF": 75,
        "deltaF": 32.9,
        "severity": "Critical",
        "surfaceType": "asphalt",
        "areaName": "Bruckner Expressway",
        "censusTract": "OSM Way #46656973 • 10 impervious ways/450m"
      }
    },
    {
      "type": "Feature",
      "geometry": {
        "type": "Point",
        "coordinates": [
          -73.9162,
          40.80292
        ]
      },
      "properties": {
        "id": "nyc-osm-46656974",
        "temperatureF": 109,
        "temperatureC": 42.8,
        "baselineRuralF": 75,
        "deltaF": 34,
        "severity": "Critical",
        "surfaceType": "asphalt",
        "areaName": "Bruckner Expressway",
        "censusTract": "OSM Way #46656974 • 12 impervious ways/450m"
      }
    },
    {
      "type": "Feature",
      "geometry": {
        "type": "Point",
        "coordinates": [
          -73.91527,
          40.80349
        ]
      },
      "properties": {
        "id": "nyc-osm-46656975",
        "temperatureF": 108.4,
        "temperatureC": 42.4,
        "baselineRuralF": 75,
        "deltaF": 33.4,
        "severity": "Critical",
        "surfaceType": "asphalt",
        "areaName": "Bruckner Expressway",
        "censusTract": "OSM Way #46656975 • 11 impervious ways/450m"
      }
    },
    {
      "type": "Feature",
      "geometry": {
        "type": "Point",
        "coordinates": [
          -73.91644,
          40.80218
        ]
      },
      "properties": {
        "id": "nyc-osm-46656981",
        "temperatureF": 109,
        "temperatureC": 42.8,
        "baselineRuralF": 75,
        "deltaF": 34,
        "severity": "Critical",
        "surfaceType": "asphalt",
        "areaName": "Bruckner Expressway",
        "censusTract": "OSM Way #46656981 • 12 impervious ways/450m"
      }
    },
    {
      "type": "Feature",
      "geometry": {
        "type": "Point",
        "coordinates": [
          -73.91593,
          40.80264
        ]
      },
      "properties": {
        "id": "nyc-osm-46656989",
        "temperatureF": 109,
        "temperatureC": 42.8,
        "baselineRuralF": 75,
        "deltaF": 34,
        "severity": "Critical",
        "surfaceType": "asphalt",
        "areaName": "Bruckner Expressway",
        "censusTract": "OSM Way #46656989 • 12 impervious ways/450m"
      }
    },
    {
      "type": "Feature",
      "geometry": {
        "type": "Point",
        "coordinates": [
          -73.91688,
          40.80191
        ]
      },
      "properties": {
        "id": "nyc-osm-46656992",
        "temperatureF": 109,
        "temperatureC": 42.8,
        "baselineRuralF": 75,
        "deltaF": 34,
        "severity": "Critical",
        "surfaceType": "asphalt",
        "areaName": "Bruckner Expressway",
        "censusTract": "OSM Way #46656992 • 12 impervious ways/450m"
      }
    },
    {
      "type": "Feature",
      "geometry": {
        "type": "Point",
        "coordinates": [
          -73.91667,
          40.80227
        ]
      },
      "properties": {
        "id": "nyc-osm-46656995",
        "temperatureF": 109,
        "temperatureC": 42.8,
        "baselineRuralF": 75,
        "deltaF": 34,
        "severity": "Critical",
        "surfaceType": "asphalt",
        "areaName": "Bruckner Expressway",
        "censusTract": "OSM Way #46656995 • 12 impervious ways/450m"
      }
    },
    {
      "type": "Feature",
      "geometry": {
        "type": "Point",
        "coordinates": [
          -73.94206,
          40.73948
        ]
      },
      "properties": {
        "id": "nyc-osm-46714308",
        "temperatureF": 102.9,
        "temperatureC": 39.4,
        "baselineRuralF": 75,
        "deltaF": 27.9,
        "severity": "Critical",
        "surfaceType": "asphalt",
        "areaName": "Long Island Expressway",
        "censusTract": "OSM Way #46714308 • 1 impervious ways/450m"
      }
    },
    {
      "type": "Feature",
      "geometry": {
        "type": "Point",
        "coordinates": [
          -73.93324,
          40.73725
        ]
      },
      "properties": {
        "id": "nyc-osm-46722009",
        "temperatureF": 103.5,
        "temperatureC": 39.7,
        "baselineRuralF": 75,
        "deltaF": 28.5,
        "severity": "Critical",
        "surfaceType": "asphalt",
        "areaName": "Long Island Expressway",
        "censusTract": "OSM Way #46722009 • 2 impervious ways/450m"
      }
    },
    {
      "type": "Feature",
      "geometry": {
        "type": "Point",
        "coordinates": [
          -73.93835,
          40.73839
        ]
      },
      "properties": {
        "id": "nyc-osm-46722012",
        "temperatureF": 103.5,
        "temperatureC": 39.7,
        "baselineRuralF": 75,
        "deltaF": 28.5,
        "severity": "Critical",
        "surfaceType": "asphalt",
        "areaName": "Long Island Expressway",
        "censusTract": "OSM Way #46722012 • 2 impervious ways/450m"
      }
    },
    {
      "type": "Feature",
      "geometry": {
        "type": "Point",
        "coordinates": [
          -73.9255,
          40.73575
        ]
      },
      "properties": {
        "id": "nyc-osm-46723256",
        "temperatureF": 110.6,
        "temperatureC": 43.7,
        "baselineRuralF": 75,
        "deltaF": 35.6,
        "severity": "Critical",
        "surfaceType": "asphalt",
        "areaName": "Long Island Expressway",
        "censusTract": "OSM Way #46723256 • 15 impervious ways/450m"
      }
    },
    {
      "type": "Feature",
      "geometry": {
        "type": "Point",
        "coordinates": [
          -73.92299,
          40.73474
        ]
      },
      "properties": {
        "id": "nyc-osm-46723292",
        "temperatureF": 111.7,
        "temperatureC": 44.3,
        "baselineRuralF": 75,
        "deltaF": 36.7,
        "severity": "Critical",
        "surfaceType": "asphalt",
        "areaName": "Long Island Expressway",
        "censusTract": "OSM Way #46723292 • 17 impervious ways/450m"
      }
    },
    {
      "type": "Feature",
      "geometry": {
        "type": "Point",
        "coordinates": [
          -73.92327,
          40.73491
        ]
      },
      "properties": {
        "id": "nyc-osm-46723297",
        "temperatureF": 111.7,
        "temperatureC": 44.3,
        "baselineRuralF": 75,
        "deltaF": 36.7,
        "severity": "Critical",
        "surfaceType": "asphalt",
        "areaName": "Long Island Expressway",
        "censusTract": "OSM Way #46723297 • 17 impervious ways/450m"
      }
    },
    {
      "type": "Feature",
      "geometry": {
        "type": "Point",
        "coordinates": [
          -73.92322,
          40.73503
        ]
      },
      "properties": {
        "id": "nyc-osm-46723304",
        "temperatureF": 111.7,
        "temperatureC": 44.3,
        "baselineRuralF": 75,
        "deltaF": 36.7,
        "severity": "Critical",
        "surfaceType": "asphalt",
        "areaName": "Long Island Expressway",
        "censusTract": "OSM Way #46723304 • 17 impervious ways/450m"
      }
    },
    {
      "type": "Feature",
      "geometry": {
        "type": "Point",
        "coordinates": [
          -73.92285,
          40.73481
        ]
      },
      "properties": {
        "id": "nyc-osm-46723346",
        "temperatureF": 111.7,
        "temperatureC": 44.3,
        "baselineRuralF": 75,
        "deltaF": 36.7,
        "severity": "Critical",
        "surfaceType": "asphalt",
        "areaName": "Long Island Expressway",
        "censusTract": "OSM Way #46723346 • 17 impervious ways/450m"
      }
    },
    {
      "type": "Feature",
      "geometry": {
        "type": "Point",
        "coordinates": [
          -73.92261,
          40.7345
        ]
      },
      "properties": {
        "id": "nyc-osm-46723354",
        "temperatureF": 111.7,
        "temperatureC": 44.3,
        "baselineRuralF": 75,
        "deltaF": 36.7,
        "severity": "Critical",
        "surfaceType": "asphalt",
        "areaName": "Long Island Expressway",
        "censusTract": "OSM Way #46723354 • 17 impervious ways/450m"
      }
    },
    {
      "type": "Feature",
      "geometry": {
        "type": "Point",
        "coordinates": [
          -73.92137,
          40.73357
        ]
      },
      "properties": {
        "id": "nyc-osm-46723395",
        "temperatureF": 112.3,
        "temperatureC": 44.6,
        "baselineRuralF": 75,
        "deltaF": 37.3,
        "severity": "Critical",
        "surfaceType": "asphalt",
        "areaName": "Long Island Expressway",
        "censusTract": "OSM Way #46723395 • 18 impervious ways/450m"
      }
    },
    {
      "type": "Feature",
      "geometry": {
        "type": "Point",
        "coordinates": [
          -73.92186,
          40.73411
        ]
      },
      "properties": {
        "id": "nyc-osm-46723403",
        "temperatureF": 112.3,
        "temperatureC": 44.6,
        "baselineRuralF": 75,
        "deltaF": 37.3,
        "severity": "Critical",
        "surfaceType": "asphalt",
        "areaName": "Long Island Expressway",
        "censusTract": "OSM Way #46723403 • 18 impervious ways/450m"
      }
    },
    {
      "type": "Feature",
      "geometry": {
        "type": "Point",
        "coordinates": [
          -73.92135,
          40.73372
        ]
      },
      "properties": {
        "id": "nyc-osm-46723407",
        "temperatureF": 112.3,
        "temperatureC": 44.6,
        "baselineRuralF": 75,
        "deltaF": 37.3,
        "severity": "Critical",
        "surfaceType": "asphalt",
        "areaName": "Long Island Expressway",
        "censusTract": "OSM Way #46723407 • 18 impervious ways/450m"
      }
    },
    {
      "type": "Feature",
      "geometry": {
        "type": "Point",
        "coordinates": [
          -73.921,
          40.73329
        ]
      },
      "properties": {
        "id": "nyc-osm-46723447",
        "temperatureF": 111.7,
        "temperatureC": 44.3,
        "baselineRuralF": 75,
        "deltaF": 36.7,
        "severity": "Critical",
        "surfaceType": "asphalt",
        "areaName": "Long Island Expressway",
        "censusTract": "OSM Way #46723447 • 17 impervious ways/450m"
      }
    },
    {
      "type": "Feature",
      "geometry": {
        "type": "Point",
        "coordinates": [
          -73.92035,
          40.73494
        ]
      },
      "properties": {
        "id": "nyc-osm-46723463",
        "temperatureF": 112.3,
        "temperatureC": 44.6,
        "baselineRuralF": 75,
        "deltaF": 37.3,
        "severity": "Critical",
        "surfaceType": "asphalt",
        "areaName": "Brooklyn-Queens Expressway",
        "censusTract": "OSM Way #46723463 • 18 impervious ways/450m"
      }
    },
    {
      "type": "Feature",
      "geometry": {
        "type": "Point",
        "coordinates": [
          -73.92227,
          40.7345
        ]
      },
      "properties": {
        "id": "nyc-osm-46723466",
        "temperatureF": 112.3,
        "temperatureC": 44.6,
        "baselineRuralF": 75,
        "deltaF": 37.3,
        "severity": "Critical",
        "surfaceType": "asphalt",
        "areaName": "Brooklyn-Queens Expressway",
        "censusTract": "OSM Way #46723466 • 18 impervious ways/450m"
      }
    },
    {
      "type": "Feature",
      "geometry": {
        "type": "Point",
        "coordinates": [
          -73.92416,
          40.73333
        ]
      },
      "properties": {
        "id": "nyc-osm-46723468",
        "temperatureF": 111.7,
        "temperatureC": 44.3,
        "baselineRuralF": 75,
        "deltaF": 36.7,
        "severity": "Critical",
        "surfaceType": "asphalt",
        "areaName": "Brooklyn-Queens Expressway",
        "censusTract": "OSM Way #46723468 • 17 impervious ways/450m"
      }
    },
    {
      "type": "Feature",
      "geometry": {
        "type": "Point",
        "coordinates": [
          -73.92224,
          40.7344
        ]
      },
      "properties": {
        "id": "nyc-osm-46723471",
        "temperatureF": 112.3,
        "temperatureC": 44.6,
        "baselineRuralF": 75,
        "deltaF": 37.3,
        "severity": "Critical",
        "surfaceType": "asphalt",
        "areaName": "Brooklyn-Queens Expressway",
        "censusTract": "OSM Way #46723471 • 18 impervious ways/450m"
      }
    },
    {
      "type": "Feature",
      "geometry": {
        "type": "Point",
        "coordinates": [
          -73.91419,
          40.73575
        ]
      },
      "properties": {
        "id": "nyc-osm-46723482",
        "temperatureF": 102.9,
        "temperatureC": 39.4,
        "baselineRuralF": 75,
        "deltaF": 27.9,
        "severity": "Critical",
        "surfaceType": "asphalt",
        "areaName": "Brooklyn-Queens Expressway",
        "censusTract": "OSM Way #46723482 • 1 impervious ways/450m"
      }
    },
    {
      "type": "Feature",
      "geometry": {
        "type": "Point",
        "coordinates": [
          -73.92043,
          40.73503
        ]
      },
      "properties": {
        "id": "nyc-osm-46723487",
        "temperatureF": 112.3,
        "temperatureC": 44.6,
        "baselineRuralF": 75,
        "deltaF": 37.3,
        "severity": "Critical",
        "surfaceType": "asphalt",
        "areaName": "Brooklyn-Queens Expressway",
        "censusTract": "OSM Way #46723487 • 18 impervious ways/450m"
      }
    },
    {
      "type": "Feature",
      "geometry": {
        "type": "Point",
        "coordinates": [
          -73.91381,
          40.73591
        ]
      },
      "properties": {
        "id": "nyc-osm-46724225",
        "temperatureF": 102.9,
        "temperatureC": 39.4,
        "baselineRuralF": 75,
        "deltaF": 27.9,
        "severity": "Critical",
        "surfaceType": "asphalt",
        "areaName": "Brooklyn-Queens Expressway",
        "censusTract": "OSM Way #46724225 • 1 impervious ways/450m"
      }
    },
    {
      "type": "Feature",
      "geometry": {
        "type": "Point",
        "coordinates": [
          -73.91832,
          40.73199
        ]
      },
      "properties": {
        "id": "nyc-osm-46724229",
        "temperatureF": 109,
        "temperatureC": 42.8,
        "baselineRuralF": 75,
        "deltaF": 34,
        "severity": "Critical",
        "surfaceType": "asphalt",
        "areaName": "Long Island Expressway",
        "censusTract": "OSM Way #46724229 • 12 impervious ways/450m"
      }
    },
    {
      "type": "Feature",
      "geometry": {
        "type": "Point",
        "coordinates": [
          -73.92069,
          40.73321
        ]
      },
      "properties": {
        "id": "nyc-osm-46724230",
        "temperatureF": 111.7,
        "temperatureC": 44.3,
        "baselineRuralF": 75,
        "deltaF": 36.7,
        "severity": "Critical",
        "surfaceType": "asphalt",
        "areaName": "Long Island Expressway",
        "censusTract": "OSM Way #46724230 • 17 impervious ways/450m"
      }
    },
    {
      "type": "Feature",
      "geometry": {
        "type": "Point",
        "coordinates": [
          -73.91446,
          40.73069
        ]
      },
      "properties": {
        "id": "nyc-osm-46725382",
        "temperatureF": 102.9,
        "temperatureC": 39.4,
        "baselineRuralF": 75,
        "deltaF": 27.9,
        "severity": "Critical",
        "surfaceType": "asphalt",
        "areaName": "Long Island Expressway",
        "censusTract": "OSM Way #46725382 • 1 impervious ways/450m"
      }
    },
    {
      "type": "Feature",
      "geometry": {
        "type": "Point",
        "coordinates": [
          -73.90696,
          40.7371
        ]
      },
      "properties": {
        "id": "nyc-osm-46735749",
        "temperatureF": 103.5,
        "temperatureC": 39.7,
        "baselineRuralF": 75,
        "deltaF": 28.5,
        "severity": "Critical",
        "surfaceType": "asphalt",
        "areaName": "Brooklyn-Queens Expressway",
        "censusTract": "OSM Way #46735749 • 2 impervious ways/450m"
      }
    },
    {
      "type": "Feature",
      "geometry": {
        "type": "Point",
        "coordinates": [
          -73.89711,
          40.75048
        ]
      },
      "properties": {
        "id": "nyc-osm-46737072",
        "temperatureF": 104.6,
        "temperatureC": 40.3,
        "baselineRuralF": 75,
        "deltaF": 29.6,
        "severity": "Critical",
        "surfaceType": "asphalt",
        "areaName": "Brooklyn-Queens Expressway",
        "censusTract": "OSM Way #46737072 • 4 impervious ways/450m"
      }
    },
    {
      "type": "Feature",
      "geometry": {
        "type": "Point",
        "coordinates": [
          -73.89688,
          40.74966
        ]
      },
      "properties": {
        "id": "nyc-osm-46737079",
        "temperatureF": 104.6,
        "temperatureC": 40.3,
        "baselineRuralF": 75,
        "deltaF": 29.6,
        "severity": "Critical",
        "surfaceType": "asphalt",
        "areaName": "Brooklyn-Queens Expressway",
        "censusTract": "OSM Way #46737079 • 4 impervious ways/450m"
      }
    },
    {
      "type": "Feature",
      "geometry": {
        "type": "Point",
        "coordinates": [
          -73.91989,
          40.77224
        ]
      },
      "properties": {
        "id": "nyc-osm-46738903",
        "temperatureF": 104.6,
        "temperatureC": 40.3,
        "baselineRuralF": 75,
        "deltaF": 29.6,
        "severity": "Critical",
        "surfaceType": "asphalt",
        "areaName": "Grand Central Parkway",
        "censusTract": "OSM Way #46738903 • 4 impervious ways/450m"
      }
    },
    {
      "type": "Feature",
      "geometry": {
        "type": "Point",
        "coordinates": [
          -73.9198,
          40.77233
        ]
      },
      "properties": {
        "id": "nyc-osm-46738904",
        "temperatureF": 104.6,
        "temperatureC": 40.3,
        "baselineRuralF": 75,
        "deltaF": 29.6,
        "severity": "Critical",
        "surfaceType": "asphalt",
        "areaName": "Grand Central Parkway",
        "censusTract": "OSM Way #46738904 • 4 impervious ways/450m"
      }
    },
    {
      "type": "Feature",
      "geometry": {
        "type": "Point",
        "coordinates": [
          -73.89669,
          40.76232
        ]
      },
      "properties": {
        "id": "nyc-osm-46738925",
        "temperatureF": 102.9,
        "temperatureC": 39.4,
        "baselineRuralF": 75,
        "deltaF": 27.9,
        "severity": "Critical",
        "surfaceType": "asphalt",
        "areaName": "Brooklyn-Queens Expressway East",
        "censusTract": "OSM Way #46738925 • 1 impervious ways/450m"
      }
    },
    {
      "type": "Feature",
      "geometry": {
        "type": "Point",
        "coordinates": [
          -73.90152,
          40.75964
        ]
      },
      "properties": {
        "id": "nyc-osm-46738934",
        "temperatureF": 104,
        "temperatureC": 40,
        "baselineRuralF": 75,
        "deltaF": 29,
        "severity": "Critical",
        "surfaceType": "asphalt",
        "areaName": "Brooklyn-Queens Expressway West",
        "censusTract": "OSM Way #46738934 • 3 impervious ways/450m"
      }
    },
    {
      "type": "Feature",
      "geometry": {
        "type": "Point",
        "coordinates": [
          -73.90274,
          40.76341
        ]
      },
      "properties": {
        "id": "nyc-osm-46738937",
        "temperatureF": 104,
        "temperatureC": 40,
        "baselineRuralF": 75,
        "deltaF": 29,
        "severity": "Critical",
        "surfaceType": "asphalt",
        "areaName": "Brooklyn-Queens Expressway West",
        "censusTract": "OSM Way #46738937 • 3 impervious ways/450m"
      }
    },
    {
      "type": "Feature",
      "geometry": {
        "type": "Point",
        "coordinates": [
          -73.90141,
          40.75964
        ]
      },
      "properties": {
        "id": "nyc-osm-46738942",
        "temperatureF": 104.6,
        "temperatureC": 40.3,
        "baselineRuralF": 75,
        "deltaF": 29.6,
        "severity": "Critical",
        "surfaceType": "asphalt",
        "areaName": "Brooklyn-Queens Expressway West",
        "censusTract": "OSM Way #46738942 • 4 impervious ways/450m"
      }
    },
    {
      "type": "Feature",
      "geometry": {
        "type": "Point",
        "coordinates": [
          -73.90093,
          40.75767
        ]
      },
      "properties": {
        "id": "nyc-osm-46738950",
        "temperatureF": 104.6,
        "temperatureC": 40.3,
        "baselineRuralF": 75,
        "deltaF": 29.6,
        "severity": "Critical",
        "surfaceType": "asphalt",
        "areaName": "Brooklyn-Queens Expressway West",
        "censusTract": "OSM Way #46738950 • 4 impervious ways/450m"
      }
    },
    {
      "type": "Feature",
      "geometry": {
        "type": "Point",
        "coordinates": [
          -73.8997,
          40.75562
        ]
      },
      "properties": {
        "id": "nyc-osm-46738964",
        "temperatureF": 104,
        "temperatureC": 40,
        "baselineRuralF": 75,
        "deltaF": 29,
        "severity": "Critical",
        "surfaceType": "asphalt",
        "areaName": "Brooklyn-Queens Expressway West",
        "censusTract": "OSM Way #46738964 • 3 impervious ways/450m"
      }
    },
    {
      "type": "Feature",
      "geometry": {
        "type": "Point",
        "coordinates": [
          -73.8976,
          40.75202
        ]
      },
      "properties": {
        "id": "nyc-osm-46738973",
        "temperatureF": 105.1,
        "temperatureC": 40.6,
        "baselineRuralF": 75,
        "deltaF": 30.1,
        "severity": "Critical",
        "surfaceType": "asphalt",
        "areaName": "Brooklyn-Queens Expressway",
        "censusTract": "OSM Way #46738973 • 5 impervious ways/450m"
      }
    },
    {
      "type": "Feature",
      "geometry": {
        "type": "Point",
        "coordinates": [
          -73.95306,
          40.71409
        ]
      },
      "properties": {
        "id": "nyc-osm-46816998",
        "temperatureF": 103.1,
        "temperatureC": 39.5,
        "baselineRuralF": 75,
        "deltaF": 28.1,
        "severity": "Critical",
        "surfaceType": "asphalt",
        "areaName": "Williamsburg Bridge",
        "censusTract": "OSM Way #46816998 • 4 impervious ways/450m"
      }
    },
    {
      "type": "Feature",
      "geometry": {
        "type": "Point",
        "coordinates": [
          -73.93842,
          40.72371
        ]
      },
      "properties": {
        "id": "nyc-osm-46817034",
        "temperatureF": 104.9,
        "temperatureC": 40.5,
        "baselineRuralF": 75,
        "deltaF": 29.9,
        "severity": "Critical",
        "surfaceType": "asphalt",
        "areaName": "Brooklyn-Queens Expressway",
        "censusTract": "OSM Way #46817034 • 6 impervious ways/450m"
      }
    },
    {
      "type": "Feature",
      "geometry": {
        "type": "Point",
        "coordinates": [
          -73.9376,
          40.72406
        ]
      },
      "properties": {
        "id": "nyc-osm-46817035",
        "temperatureF": 105.7,
        "temperatureC": 40.9,
        "baselineRuralF": 75,
        "deltaF": 30.7,
        "severity": "Critical",
        "surfaceType": "asphalt",
        "areaName": "Brooklyn-Queens Expressway",
        "censusTract": "OSM Way #46817035 • 6 impervious ways/450m"
      }
    },
    {
      "type": "Feature",
      "geometry": {
        "type": "Point",
        "coordinates": [
          -73.93751,
          40.72395
        ]
      },
      "properties": {
        "id": "nyc-osm-46817037",
        "temperatureF": 105.7,
        "temperatureC": 40.9,
        "baselineRuralF": 75,
        "deltaF": 30.7,
        "severity": "Critical",
        "surfaceType": "asphalt",
        "areaName": "Brooklyn-Queens Expressway",
        "censusTract": "OSM Way #46817037 • 6 impervious ways/450m"
      }
    },
    {
      "type": "Feature",
      "geometry": {
        "type": "Point",
        "coordinates": [
          -73.93465,
          40.72486
        ]
      },
      "properties": {
        "id": "nyc-osm-46817040",
        "temperatureF": 106.2,
        "temperatureC": 41.2,
        "baselineRuralF": 75,
        "deltaF": 31.2,
        "severity": "Critical",
        "surfaceType": "asphalt",
        "areaName": "Brooklyn-Queens Expressway",
        "censusTract": "OSM Way #46817040 • 7 impervious ways/450m"
      }
    },
    {
      "type": "Feature",
      "geometry": {
        "type": "Point",
        "coordinates": [
          -73.93612,
          40.72447
        ]
      },
      "properties": {
        "id": "nyc-osm-46817041",
        "temperatureF": 106.2,
        "temperatureC": 41.2,
        "baselineRuralF": 75,
        "deltaF": 31.2,
        "severity": "Critical",
        "surfaceType": "asphalt",
        "areaName": "Brooklyn-Queens Expressway",
        "censusTract": "OSM Way #46817041 • 7 impervious ways/450m"
      }
    },
    {
      "type": "Feature",
      "geometry": {
        "type": "Point",
        "coordinates": [
          -73.93837,
          40.72359
        ]
      },
      "properties": {
        "id": "nyc-osm-46817211",
        "temperatureF": 104.9,
        "temperatureC": 40.5,
        "baselineRuralF": 75,
        "deltaF": 29.9,
        "severity": "Critical",
        "surfaceType": "asphalt",
        "areaName": "Brooklyn-Queens Expressway",
        "censusTract": "OSM Way #46817211 • 6 impervious ways/450m"
      }
    },
    {
      "type": "Feature",
      "geometry": {
        "type": "Point",
        "coordinates": [
          -73.9486,
          40.75646
        ]
      },
      "properties": {
        "id": "nyc-osm-47798671",
        "temperatureF": 76.4,
        "temperatureC": 24.7,
        "baselineRuralF": 75,
        "deltaF": 1.4,
        "severity": "Low",
        "surfaceType": "canopy",
        "areaName": "Queensbridge Park",
        "censusTract": "OSM Way #47798671 • 1 impervious ways/450m"
      }
    },
    {
      "type": "Feature",
      "geometry": {
        "type": "Point",
        "coordinates": [
          -73.93522,
          40.71647
        ]
      },
      "properties": {
        "id": "nyc-osm-48687052",
        "temperatureF": 100.9,
        "temperatureC": 38.3,
        "baselineRuralF": 75,
        "deltaF": 25.9,
        "severity": "Critical",
        "surfaceType": "commercial_roof",
        "areaName": "Industrial Logistics Zone (OSM #7052)",
        "censusTract": "OSM Way #48687052 • 0 impervious ways/450m"
      }
    },
    {
      "type": "Feature",
      "geometry": {
        "type": "Point",
        "coordinates": [
          -73.95219,
          40.71449
        ]
      },
      "properties": {
        "id": "nyc-osm-48997911",
        "temperatureF": 76.5,
        "temperatureC": 24.7,
        "baselineRuralF": 75,
        "deltaF": 1.5,
        "severity": "Low",
        "surfaceType": "canopy",
        "areaName": "Macri Triangle",
        "censusTract": "OSM Way #48997911 • 4 impervious ways/450m"
      }
    },
    {
      "type": "Feature",
      "geometry": {
        "type": "Point",
        "coordinates": [
          -73.95163,
          40.71582
        ]
      },
      "properties": {
        "id": "nyc-osm-49031717",
        "temperatureF": 76,
        "temperatureC": 24.4,
        "baselineRuralF": 75,
        "deltaF": 1,
        "severity": "Low",
        "surfaceType": "canopy",
        "areaName": "Mount Carmel Square",
        "censusTract": "OSM Way #49031717 • 3 impervious ways/450m"
      }
    },
    {
      "type": "Feature",
      "geometry": {
        "type": "Point",
        "coordinates": [
          -73.94848,
          40.7172
        ]
      },
      "properties": {
        "id": "nyc-osm-49034777",
        "temperatureF": 75.8,
        "temperatureC": 24.3,
        "baselineRuralF": 75,
        "deltaF": 0.8,
        "severity": "Low",
        "surfaceType": "canopy",
        "areaName": "Badame Sessa Memorial Square",
        "censusTract": "OSM Way #49034777 • 0 impervious ways/450m"
      }
    },
    {
      "type": "Feature",
      "geometry": {
        "type": "Point",
        "coordinates": [
          -73.9468,
          40.73483
        ]
      },
      "properties": {
        "id": "nyc-osm-49034963",
        "temperatureF": 100.9,
        "temperatureC": 38.3,
        "baselineRuralF": 75,
        "deltaF": 25.9,
        "severity": "Critical",
        "surfaceType": "commercial_roof",
        "areaName": "Industrial Logistics Zone (OSM #4963)",
        "censusTract": "OSM Way #49034963 • 0 impervious ways/450m"
      }
    },
    {
      "type": "Feature",
      "geometry": {
        "type": "Point",
        "coordinates": [
          -73.9372,
          40.72929
        ]
      },
      "properties": {
        "id": "nyc-osm-49034999",
        "temperatureF": 100.9,
        "temperatureC": 38.3,
        "baselineRuralF": 75,
        "deltaF": 25.9,
        "severity": "Critical",
        "surfaceType": "commercial_roof",
        "areaName": "Industrial Logistics Zone (OSM #4999)",
        "censusTract": "OSM Way #49034999 • 0 impervious ways/450m"
      }
    },
    {
      "type": "Feature",
      "geometry": {
        "type": "Point",
        "coordinates": [
          -74.0365,
          40.77348
        ]
      },
      "properties": {
        "id": "nyc-osm-55148081",
        "temperatureF": 102.9,
        "temperatureC": 39.4,
        "baselineRuralF": 75,
        "deltaF": 27.9,
        "severity": "Critical",
        "surfaceType": "commercial_roof",
        "areaName": "Commercial Retail Complex (OSM #8081)",
        "censusTract": "OSM Way #55148081 • 5 impervious ways/450m"
      }
    },
    {
      "type": "Feature",
      "geometry": {
        "type": "Point",
        "coordinates": [
          -73.9187,
          40.80955
        ]
      },
      "properties": {
        "id": "nyc-osm-55824235",
        "temperatureF": 75.8,
        "temperatureC": 24.3,
        "baselineRuralF": 75,
        "deltaF": 0.8,
        "severity": "Low",
        "surfaceType": "canopy",
        "areaName": "Brook Park",
        "censusTract": "OSM Way #55824235 • 0 impervious ways/450m"
      }
    },
    {
      "type": "Feature",
      "geometry": {
        "type": "Point",
        "coordinates": [
          -74.02306,
          40.74924
        ]
      },
      "properties": {
        "id": "nyc-osm-59582314",
        "temperatureF": 75.8,
        "temperatureC": 24.3,
        "baselineRuralF": 75,
        "deltaF": 0.8,
        "severity": "Low",
        "surfaceType": "canopy",
        "areaName": "Maxwell Place Park",
        "censusTract": "OSM Way #59582314 • 0 impervious ways/450m"
      }
    },
    {
      "type": "Feature",
      "geometry": {
        "type": "Point",
        "coordinates": [
          -74.00353,
          40.7598
        ]
      },
      "properties": {
        "id": "nyc-osm-60325668",
        "temperatureF": 104,
        "temperatureC": 40,
        "baselineRuralF": 75,
        "deltaF": 29,
        "severity": "Critical",
        "surfaceType": "asphalt",
        "areaName": "Lincoln Tunnel",
        "censusTract": "OSM Way #60325668 • 3 impervious ways/450m"
      }
    },
    {
      "type": "Feature",
      "geometry": {
        "type": "Point",
        "coordinates": [
          -74.01447,
          40.76518
        ]
      },
      "properties": {
        "id": "nyc-osm-60325671",
        "temperatureF": 103.5,
        "temperatureC": 39.7,
        "baselineRuralF": 75,
        "deltaF": 28.5,
        "severity": "Critical",
        "surfaceType": "asphalt",
        "areaName": "Lincoln Tunnel",
        "censusTract": "OSM Way #60325671 • 2 impervious ways/450m"
      }
    },
    {
      "type": "Feature",
      "geometry": {
        "type": "Point",
        "coordinates": [
          -74.00005,
          40.71509
        ]
      },
      "properties": {
        "id": "nyc-osm-66374787",
        "temperatureF": 75.8,
        "temperatureC": 24.3,
        "baselineRuralF": 75,
        "deltaF": 0.8,
        "severity": "Low",
        "surfaceType": "canopy",
        "areaName": "Columbus Park",
        "censusTract": "OSM Way #66374787 • 0 impervious ways/450m"
      }
    },
    {
      "type": "Feature",
      "geometry": {
        "type": "Point",
        "coordinates": [
          -73.93816,
          40.74942
        ]
      },
      "properties": {
        "id": "nyc-osm-67917445",
        "temperatureF": 106.8,
        "temperatureC": 41.6,
        "baselineRuralF": 75,
        "deltaF": 31.8,
        "severity": "Critical",
        "surfaceType": "asphalt",
        "areaName": "Queensboro Plaza",
        "censusTract": "OSM Way #67917445 • 8 impervious ways/450m"
      }
    },
    {
      "type": "Feature",
      "geometry": {
        "type": "Point",
        "coordinates": [
          -74.00273,
          40.75984
        ]
      },
      "properties": {
        "id": "nyc-osm-68325061",
        "temperatureF": 104,
        "temperatureC": 40,
        "baselineRuralF": 75,
        "deltaF": 29,
        "severity": "Critical",
        "surfaceType": "asphalt",
        "areaName": "12th Avenue",
        "censusTract": "OSM Way #68325061 • 3 impervious ways/450m"
      }
    },
    {
      "type": "Feature",
      "geometry": {
        "type": "Point",
        "coordinates": [
          -73.99843,
          40.75401
        ]
      },
      "properties": {
        "id": "nyc-osm-68325075",
        "temperatureF": 109,
        "temperatureC": 42.8,
        "baselineRuralF": 75,
        "deltaF": 34,
        "severity": "Critical",
        "surfaceType": "asphalt",
        "areaName": "Lincoln Tunnel Expressway",
        "censusTract": "OSM Way #68325075 • 12 impervious ways/450m"
      }
    },
    {
      "type": "Feature",
      "geometry": {
        "type": "Point",
        "coordinates": [
          -73.89241,
          40.7654
        ]
      },
      "properties": {
        "id": "nyc-osm-68325098",
        "temperatureF": 104,
        "temperatureC": 40,
        "baselineRuralF": 75,
        "deltaF": 29,
        "severity": "Critical",
        "surfaceType": "asphalt",
        "areaName": "Brooklyn-Queens Expressway East",
        "censusTract": "OSM Way #68325098 • 3 impervious ways/450m"
      }
    },
    {
      "type": "Feature",
      "geometry": {
        "type": "Point",
        "coordinates": [
          -74.00705,
          40.75422
        ]
      },
      "properties": {
        "id": "nyc-osm-68325104",
        "temperatureF": 102.4,
        "temperatureC": 39.1,
        "baselineRuralF": 75,
        "deltaF": 27.4,
        "severity": "Critical",
        "surfaceType": "asphalt",
        "areaName": "12th Avenue",
        "censusTract": "OSM Way #68325104 • 0 impervious ways/450m"
      }
    },
    {
      "type": "Feature",
      "geometry": {
        "type": "Point",
        "coordinates": [
          -73.99449,
          40.77022
        ]
      },
      "properties": {
        "id": "nyc-osm-68506901",
        "temperatureF": 104.9,
        "temperatureC": 40.5,
        "baselineRuralF": 75,
        "deltaF": 29.9,
        "severity": "Critical",
        "surfaceType": "asphalt",
        "areaName": "12th Avenue",
        "censusTract": "OSM Way #68506901 • 6 impervious ways/450m"
      }
    },
    {
      "type": "Feature",
      "geometry": {
        "type": "Point",
        "coordinates": [
          -73.99488,
          40.76978
        ]
      },
      "properties": {
        "id": "nyc-osm-68506902",
        "temperatureF": 104.9,
        "temperatureC": 40.5,
        "baselineRuralF": 75,
        "deltaF": 29.9,
        "severity": "Critical",
        "surfaceType": "asphalt",
        "areaName": "12th Avenue",
        "censusTract": "OSM Way #68506902 • 6 impervious ways/450m"
      }
    },
    {
      "type": "Feature",
      "geometry": {
        "type": "Point",
        "coordinates": [
          -73.99458,
          40.76981
        ]
      },
      "properties": {
        "id": "nyc-osm-68506907",
        "temperatureF": 104.9,
        "temperatureC": 40.5,
        "baselineRuralF": 75,
        "deltaF": 29.9,
        "severity": "Critical",
        "surfaceType": "asphalt",
        "areaName": "12th Avenue",
        "censusTract": "OSM Way #68506907 • 6 impervious ways/450m"
      }
    },
    {
      "type": "Feature",
      "geometry": {
        "type": "Point",
        "coordinates": [
          -73.99612,
          40.76788
        ]
      },
      "properties": {
        "id": "nyc-osm-68668536",
        "temperatureF": 103.8,
        "temperatureC": 39.9,
        "baselineRuralF": 75,
        "deltaF": 28.8,
        "severity": "Critical",
        "surfaceType": "asphalt",
        "areaName": "12th Avenue",
        "censusTract": "OSM Way #68668536 • 4 impervious ways/450m"
      }
    },
    {
      "type": "Feature",
      "geometry": {
        "type": "Point",
        "coordinates": [
          -73.9761,
          40.75439
        ]
      },
      "properties": {
        "id": "nyc-osm-73850655",
        "temperatureF": 102,
        "temperatureC": 38.9,
        "baselineRuralF": 75,
        "deltaF": 27,
        "severity": "Critical",
        "surfaceType": "commercial_roof",
        "areaName": "Helmsley Building",
        "censusTract": "OSM Way #73850655 • 2 impervious ways/450m"
      }
    },
    {
      "type": "Feature",
      "geometry": {
        "type": "Point",
        "coordinates": [
          -73.98472,
          40.75556
        ]
      },
      "properties": {
        "id": "nyc-osm-86121621",
        "temperatureF": 101,
        "temperatureC": 38.3,
        "baselineRuralF": 75,
        "deltaF": 26,
        "severity": "Critical",
        "surfaceType": "commercial_roof",
        "areaName": "Bank of America Tower",
        "censusTract": "OSM Way #86121621 • 3 impervious ways/450m"
      }
    },
    {
      "type": "Feature",
      "geometry": {
        "type": "Point",
        "coordinates": [
          -74.00539,
          40.73727
        ]
      },
      "properties": {
        "id": "nyc-osm-86144190",
        "temperatureF": 75.8,
        "temperatureC": 24.3,
        "baselineRuralF": 75,
        "deltaF": 0.8,
        "severity": "Low",
        "surfaceType": "canopy",
        "areaName": "Abingdon Square",
        "censusTract": "OSM Way #86144190 • 0 impervious ways/450m"
      }
    },
    {
      "type": "Feature",
      "geometry": {
        "type": "Point",
        "coordinates": [
          -74.00549,
          40.73638
        ]
      },
      "properties": {
        "id": "nyc-osm-86144198",
        "temperatureF": 75.8,
        "temperatureC": 24.3,
        "baselineRuralF": 75,
        "deltaF": 0.8,
        "severity": "Low",
        "surfaceType": "canopy",
        "areaName": "Urban Park Canopy Buffer (OSM #4198)",
        "censusTract": "OSM Way #86144198 • 0 impervious ways/450m"
      }
    },
    {
      "type": "Feature",
      "geometry": {
        "type": "Point",
        "coordinates": [
          -73.97495,
          40.76384
        ]
      },
      "properties": {
        "id": "nyc-osm-86216906",
        "temperatureF": 101.4,
        "temperatureC": 38.6,
        "baselineRuralF": 75,
        "deltaF": 26.4,
        "severity": "Critical",
        "surfaceType": "commercial_roof",
        "areaName": "Solow Building",
        "censusTract": "OSM Way #86216906 • 1 impervious ways/450m"
      }
    },
    {
      "type": "Feature",
      "geometry": {
        "type": "Point",
        "coordinates": [
          -73.97225,
          40.76354
        ]
      },
      "properties": {
        "id": "nyc-osm-86216907",
        "temperatureF": 101.4,
        "temperatureC": 38.6,
        "baselineRuralF": 75,
        "deltaF": 26.4,
        "severity": "Critical",
        "surfaceType": "commercial_roof",
        "areaName": "General Motors Building",
        "censusTract": "OSM Way #86216907 • 1 impervious ways/450m"
      }
    },
    {
      "type": "Feature",
      "geometry": {
        "type": "Point",
        "coordinates": [
          -73.9848,
          40.75466
        ]
      },
      "properties": {
        "id": "nyc-osm-86216914",
        "temperatureF": 101,
        "temperatureC": 38.3,
        "baselineRuralF": 75,
        "deltaF": 26,
        "severity": "Critical",
        "surfaceType": "commercial_roof",
        "areaName": "Salesforce Tower",
        "censusTract": "OSM Way #86216914 • 3 impervious ways/450m"
      }
    },
    {
      "type": "Feature",
      "geometry": {
        "type": "Point",
        "coordinates": [
          -74.00581,
          40.73686
        ]
      },
      "properties": {
        "id": "nyc-osm-86256760",
        "temperatureF": 75.8,
        "temperatureC": 24.3,
        "baselineRuralF": 75,
        "deltaF": 0.8,
        "severity": "Low",
        "surfaceType": "canopy",
        "areaName": "Arthur Strickler Triangle",
        "censusTract": "OSM Way #86256760 • 0 impervious ways/450m"
      }
    },
    {
      "type": "Feature",
      "geometry": {
        "type": "Point",
        "coordinates": [
          -73.98235,
          40.77736
        ]
      },
      "properties": {
        "id": "nyc-osm-86336886",
        "temperatureF": 75.8,
        "temperatureC": 24.3,
        "baselineRuralF": 75,
        "deltaF": 0.8,
        "severity": "Low",
        "surfaceType": "canopy",
        "areaName": "Sherman Square",
        "censusTract": "OSM Way #86336886 • 0 impervious ways/450m"
      }
    },
    {
      "type": "Feature",
      "geometry": {
        "type": "Point",
        "coordinates": [
          -73.96928,
          40.75627
        ]
      },
      "properties": {
        "id": "nyc-osm-86338375",
        "temperatureF": 76.9,
        "temperatureC": 24.9,
        "baselineRuralF": 75,
        "deltaF": 1.9,
        "severity": "Low",
        "surfaceType": "canopy",
        "areaName": "Greenacre Park",
        "censusTract": "OSM Way #86338375 • 2 impervious ways/450m"
      }
    },
    {
      "type": "Feature",
      "geometry": {
        "type": "Point",
        "coordinates": [
          -73.91829,
          40.79975
        ]
      },
      "properties": {
        "id": "nyc-osm-90086370",
        "temperatureF": 106.8,
        "temperatureC": 41.6,
        "baselineRuralF": 75,
        "deltaF": 31.8,
        "severity": "Critical",
        "surfaceType": "asphalt",
        "areaName": "Robert F. Kennedy Bridge",
        "censusTract": "OSM Way #90086370 • 8 impervious ways/450m"
      }
    },
    {
      "type": "Feature",
      "geometry": {
        "type": "Point",
        "coordinates": [
          -74.03629,
          40.77415
        ]
      },
      "properties": {
        "id": "nyc-osm-90086374",
        "temperatureF": 103.8,
        "temperatureC": 39.9,
        "baselineRuralF": 75,
        "deltaF": 28.8,
        "severity": "Critical",
        "surfaceType": "asphalt",
        "areaName": "NJ 495 Highway Corridor (OSM #6374)",
        "censusTract": "OSM Way #90086374 • 4 impervious ways/450m"
      }
    },
    {
      "type": "Feature",
      "geometry": {
        "type": "Point",
        "coordinates": [
          -73.91626,
          40.7709
        ]
      },
      "properties": {
        "id": "nyc-osm-90086377",
        "temperatureF": 104.6,
        "temperatureC": 40.3,
        "baselineRuralF": 75,
        "deltaF": 29.6,
        "severity": "Critical",
        "surfaceType": "asphalt",
        "areaName": "Grand Central Parkway",
        "censusTract": "OSM Way #90086377 • 4 impervious ways/450m"
      }
    },
    {
      "type": "Feature",
      "geometry": {
        "type": "Point",
        "coordinates": [
          -73.93223,
          40.73723
        ]
      },
      "properties": {
        "id": "nyc-osm-90086379",
        "temperatureF": 102.9,
        "temperatureC": 39.4,
        "baselineRuralF": 75,
        "deltaF": 27.9,
        "severity": "Critical",
        "surfaceType": "asphalt",
        "areaName": "Long Island Expressway",
        "censusTract": "OSM Way #90086379 • 1 impervious ways/450m"
      }
    },
    {
      "type": "Feature",
      "geometry": {
        "type": "Point",
        "coordinates": [
          -73.92572,
          40.79099
        ]
      },
      "properties": {
        "id": "nyc-osm-90086380",
        "temperatureF": 102.4,
        "temperatureC": 39.1,
        "baselineRuralF": 75,
        "deltaF": 27.4,
        "severity": "Critical",
        "surfaceType": "asphalt",
        "areaName": "Robert F. Kennedy Bridge",
        "censusTract": "OSM Way #90086380 • 0 impervious ways/450m"
      }
    },
    {
      "type": "Feature",
      "geometry": {
        "type": "Point",
        "coordinates": [
          -73.9778,
          40.75858
        ]
      },
      "properties": {
        "id": "nyc-osm-91200880",
        "temperatureF": 105.1,
        "temperatureC": 40.6,
        "baselineRuralF": 75,
        "deltaF": 30.1,
        "severity": "Critical",
        "surfaceType": "commercial_roof",
        "areaName": "British Empire Building",
        "censusTract": "OSM Way #91200880 • 9 impervious ways/450m"
      }
    },
    {
      "type": "Feature",
      "geometry": {
        "type": "Point",
        "coordinates": [
          -73.97803,
          40.75827
        ]
      },
      "properties": {
        "id": "nyc-osm-91200920",
        "temperatureF": 105.1,
        "temperatureC": 40.6,
        "baselineRuralF": 75,
        "deltaF": 30.1,
        "severity": "Critical",
        "surfaceType": "commercial_roof",
        "areaName": "La Maison Française",
        "censusTract": "OSM Way #91200920 • 9 impervious ways/450m"
      }
    },
    {
      "type": "Feature",
      "geometry": {
        "type": "Point",
        "coordinates": [
          -73.90316,
          40.73833
        ]
      },
      "properties": {
        "id": "nyc-osm-92360162",
        "temperatureF": 104.6,
        "temperatureC": 40.3,
        "baselineRuralF": 75,
        "deltaF": 29.6,
        "severity": "Critical",
        "surfaceType": "asphalt",
        "areaName": "Brooklyn-Queens Expressway",
        "censusTract": "OSM Way #92360162 • 4 impervious ways/450m"
      }
    },
    {
      "type": "Feature",
      "geometry": {
        "type": "Point",
        "coordinates": [
          -73.90196,
          40.73898
        ]
      },
      "properties": {
        "id": "nyc-osm-92360168",
        "temperatureF": 104,
        "temperatureC": 40,
        "baselineRuralF": 75,
        "deltaF": 29,
        "severity": "Critical",
        "surfaceType": "asphalt",
        "areaName": "Brooklyn-Queens Expressway",
        "censusTract": "OSM Way #92360168 • 3 impervious ways/450m"
      }
    },
    {
      "type": "Feature",
      "geometry": {
        "type": "Point",
        "coordinates": [
          -73.8996,
          40.74016
        ]
      },
      "properties": {
        "id": "nyc-osm-92360171",
        "temperatureF": 103.5,
        "temperatureC": 39.7,
        "baselineRuralF": 75,
        "deltaF": 28.5,
        "severity": "Critical",
        "surfaceType": "asphalt",
        "areaName": "Brooklyn-Queens Expressway",
        "censusTract": "OSM Way #92360171 • 2 impervious ways/450m"
      }
    },
    {
      "type": "Feature",
      "geometry": {
        "type": "Point",
        "coordinates": [
          -73.95919,
          40.73578
        ]
      },
      "properties": {
        "id": "nyc-osm-92736192",
        "temperatureF": 75.8,
        "temperatureC": 24.3,
        "baselineRuralF": 75,
        "deltaF": 0.8,
        "severity": "Low",
        "surfaceType": "canopy",
        "areaName": "Greenpoint Playground",
        "censusTract": "OSM Way #92736192 • 0 impervious ways/450m"
      }
    },
    {
      "type": "Feature",
      "geometry": {
        "type": "Point",
        "coordinates": [
          -73.96044,
          40.73591
        ]
      },
      "properties": {
        "id": "nyc-osm-92736193",
        "temperatureF": 75.8,
        "temperatureC": 24.3,
        "baselineRuralF": 75,
        "deltaF": 0.8,
        "severity": "Low",
        "surfaceType": "canopy",
        "areaName": "Newtown Barge Playground",
        "censusTract": "OSM Way #92736193 • 0 impervious ways/450m"
      }
    },
    {
      "type": "Feature",
      "geometry": {
        "type": "Point",
        "coordinates": [
          -73.95517,
          40.73893
        ]
      },
      "properties": {
        "id": "nyc-osm-92739762",
        "temperatureF": 76.4,
        "temperatureC": 24.7,
        "baselineRuralF": 75,
        "deltaF": 1.4,
        "severity": "Low",
        "surfaceType": "canopy",
        "areaName": "Manhattan Ave. Park",
        "censusTract": "OSM Way #92739762 • 1 impervious ways/450m"
      }
    },
    {
      "type": "Feature",
      "geometry": {
        "type": "Point",
        "coordinates": [
          -74.01033,
          40.73452
        ]
      },
      "properties": {
        "id": "nyc-osm-95181768",
        "temperatureF": 102.4,
        "temperatureC": 39.1,
        "baselineRuralF": 75,
        "deltaF": 27.4,
        "severity": "Critical",
        "surfaceType": "asphalt",
        "areaName": "West Street",
        "censusTract": "OSM Way #95181768 • 0 impervious ways/450m"
      }
    },
    {
      "type": "Feature",
      "geometry": {
        "type": "Point",
        "coordinates": [
          -73.99078,
          40.72882
        ]
      },
      "properties": {
        "id": "nyc-osm-95833119",
        "temperatureF": 75.8,
        "temperatureC": 24.3,
        "baselineRuralF": 75,
        "deltaF": 0.8,
        "severity": "Low",
        "surfaceType": "canopy",
        "areaName": "Cooper Triangle",
        "censusTract": "OSM Way #95833119 • 0 impervious ways/450m"
      }
    },
    {
      "type": "Feature",
      "geometry": {
        "type": "Point",
        "coordinates": [
          -73.89846,
          40.80066
        ]
      },
      "properties": {
        "id": "nyc-osm-96170824",
        "temperatureF": 75.8,
        "temperatureC": 24.3,
        "baselineRuralF": 75,
        "deltaF": 0.8,
        "severity": "Low",
        "surfaceType": "canopy",
        "areaName": "Urban Park Canopy Buffer (OSM #0824)",
        "censusTract": "OSM Way #96170824 • 0 impervious ways/450m"
      }
    },
    {
      "type": "Feature",
      "geometry": {
        "type": "Point",
        "coordinates": [
          -74.03875,
          40.77426
        ]
      },
      "properties": {
        "id": "nyc-osm-107079741",
        "temperatureF": 104.9,
        "temperatureC": 40.5,
        "baselineRuralF": 75,
        "deltaF": 29.9,
        "severity": "Critical",
        "surfaceType": "asphalt",
        "areaName": "Surface Asphalt Parking Expanse (OSM #9741)",
        "censusTract": "OSM Way #107079741 • 6 impervious ways/450m"
      }
    },
    {
      "type": "Feature",
      "geometry": {
        "type": "Point",
        "coordinates": [
          -74.03896,
          40.77449
        ]
      },
      "properties": {
        "id": "nyc-osm-107079744",
        "temperatureF": 104.9,
        "temperatureC": 40.5,
        "baselineRuralF": 75,
        "deltaF": 29.9,
        "severity": "Critical",
        "surfaceType": "asphalt",
        "areaName": "Surface Asphalt Parking Expanse (OSM #9744)",
        "censusTract": "OSM Way #107079744 • 6 impervious ways/450m"
      }
    },
    {
      "type": "Feature",
      "geometry": {
        "type": "Point",
        "coordinates": [
          -74.00186,
          40.7163
        ]
      },
      "properties": {
        "id": "nyc-osm-108153375",
        "temperatureF": 75.8,
        "temperatureC": 24.3,
        "baselineRuralF": 75,
        "deltaF": 0.8,
        "severity": "Low",
        "surfaceType": "canopy",
        "areaName": "Collect Pond Park",
        "censusTract": "OSM Way #108153375 • 0 impervious ways/450m"
      }
    },
    {
      "type": "Feature",
      "geometry": {
        "type": "Point",
        "coordinates": [
          -74.00549,
          40.72254
        ]
      },
      "properties": {
        "id": "nyc-osm-108153676",
        "temperatureF": 78.6,
        "temperatureC": 25.9,
        "baselineRuralF": 75,
        "deltaF": 3.6,
        "severity": "Low",
        "surfaceType": "canopy",
        "areaName": "Duarte Square",
        "censusTract": "OSM Way #108153676 • 5 impervious ways/450m"
      }
    },
    {
      "type": "Feature",
      "geometry": {
        "type": "Point",
        "coordinates": [
          -73.94376,
          40.77521
        ]
      },
      "properties": {
        "id": "nyc-osm-108159406",
        "temperatureF": 78,
        "temperatureC": 25.6,
        "baselineRuralF": 75,
        "deltaF": 3,
        "severity": "Low",
        "surfaceType": "canopy",
        "areaName": "Carl Schurz Park",
        "censusTract": "OSM Way #108159406 • 4 impervious ways/450m"
      }
    },
    {
      "type": "Feature",
      "geometry": {
        "type": "Point",
        "coordinates": [
          -73.93539,
          40.79325
        ]
      },
      "properties": {
        "id": "nyc-osm-108159407",
        "temperatureF": 75.8,
        "temperatureC": 24.3,
        "baselineRuralF": 75,
        "deltaF": 0.8,
        "severity": "Low",
        "surfaceType": "canopy",
        "areaName": "Thomas Jefferson Park",
        "censusTract": "OSM Way #108159407 • 0 impervious ways/450m"
      }
    },
    {
      "type": "Feature",
      "geometry": {
        "type": "Point",
        "coordinates": [
          -73.98474,
          40.77062
        ]
      },
      "properties": {
        "id": "nyc-osm-108199253",
        "temperatureF": 75.8,
        "temperatureC": 24.3,
        "baselineRuralF": 75,
        "deltaF": 0.8,
        "severity": "Low",
        "surfaceType": "canopy",
        "areaName": "Robert Moses Plaza",
        "censusTract": "OSM Way #108199253 • 1 impervious ways/450m"
      }
    },
    {
      "type": "Feature",
      "geometry": {
        "type": "Point",
        "coordinates": [
          -73.98547,
          40.77116
        ]
      },
      "properties": {
        "id": "nyc-osm-108199260",
        "temperatureF": 75.8,
        "temperatureC": 24.3,
        "baselineRuralF": 75,
        "deltaF": 0.8,
        "severity": "Low",
        "surfaceType": "canopy",
        "areaName": "St. Peter's Garden",
        "censusTract": "OSM Way #108199260 • 1 impervious ways/450m"
      }
    },
    {
      "type": "Feature",
      "geometry": {
        "type": "Point",
        "coordinates": [
          -73.98435,
          40.77273
        ]
      },
      "properties": {
        "id": "nyc-osm-108200129",
        "temperatureF": 99.4,
        "temperatureC": 37.4,
        "baselineRuralF": 75,
        "deltaF": 24.4,
        "severity": "Critical",
        "surfaceType": "asphalt",
        "areaName": "Lincoln Center Self-Park",
        "censusTract": "OSM Way #108200129 • 0 impervious ways/450m"
      }
    },
    {
      "type": "Feature",
      "geometry": {
        "type": "Point",
        "coordinates": [
          -73.94818,
          40.76306
        ]
      },
      "properties": {
        "id": "nyc-osm-108220705",
        "temperatureF": 75.8,
        "temperatureC": 24.3,
        "baselineRuralF": 75,
        "deltaF": 0.8,
        "severity": "Low",
        "surfaceType": "canopy",
        "areaName": "Urban Park Canopy Buffer (OSM #0705)",
        "censusTract": "OSM Way #108220705 • 1 impervious ways/450m"
      }
    },
    {
      "type": "Feature",
      "geometry": {
        "type": "Point",
        "coordinates": [
          -73.97927,
          40.71171
        ]
      },
      "properties": {
        "id": "nyc-osm-108235832",
        "temperatureF": 75.8,
        "temperatureC": 24.3,
        "baselineRuralF": 75,
        "deltaF": 0.8,
        "severity": "Low",
        "surfaceType": "canopy",
        "areaName": "Corlears Hook Park",
        "censusTract": "OSM Way #108235832 • 0 impervious ways/450m"
      }
    },
    {
      "type": "Feature",
      "geometry": {
        "type": "Point",
        "coordinates": [
          -73.98915,
          40.71483
        ]
      },
      "properties": {
        "id": "nyc-osm-108235836",
        "temperatureF": 75.8,
        "temperatureC": 24.3,
        "baselineRuralF": 75,
        "deltaF": 0.8,
        "severity": "Low",
        "surfaceType": "canopy",
        "areaName": "Seward Park",
        "censusTract": "OSM Way #108235836 • 0 impervious ways/450m"
      }
    },
    {
      "type": "Feature",
      "geometry": {
        "type": "Point",
        "coordinates": [
          -73.97554,
          40.71863
        ]
      },
      "properties": {
        "id": "nyc-osm-108235842",
        "temperatureF": 78.6,
        "temperatureC": 25.9,
        "baselineRuralF": 75,
        "deltaF": 3.6,
        "severity": "Low",
        "surfaceType": "canopy",
        "areaName": "John V. Lindsay East River Park",
        "censusTract": "OSM Way #108235842 • 5 impervious ways/450m"
      }
    },
    {
      "type": "Feature",
      "geometry": {
        "type": "Point",
        "coordinates": [
          -73.92963,
          40.78615
        ]
      },
      "properties": {
        "id": "nyc-osm-108236534",
        "temperatureF": 76.4,
        "temperatureC": 24.7,
        "baselineRuralF": 75,
        "deltaF": 1.4,
        "severity": "Low",
        "surfaceType": "canopy",
        "areaName": "Wards Island Park",
        "censusTract": "OSM Way #108236534 • 1 impervious ways/450m"
      }
    },
    {
      "type": "Feature",
      "geometry": {
        "type": "Point",
        "coordinates": [
          -73.94121,
          40.82673
        ]
      },
      "properties": {
        "id": "nyc-osm-108237828",
        "temperatureF": 75.8,
        "temperatureC": 24.3,
        "baselineRuralF": 75,
        "deltaF": 0.8,
        "severity": "Low",
        "surfaceType": "canopy",
        "areaName": "Jackie Robinson Park",
        "censusTract": "OSM Way #108237828 • 0 impervious ways/450m"
      }
    },
    {
      "type": "Feature",
      "geometry": {
        "type": "Point",
        "coordinates": [
          -73.95202,
          40.82052
        ]
      },
      "properties": {
        "id": "nyc-osm-108239585",
        "temperatureF": 75.8,
        "temperatureC": 24.3,
        "baselineRuralF": 75,
        "deltaF": 0.8,
        "severity": "Low",
        "surfaceType": "canopy",
        "areaName": "Jacob H. Schiff Playground",
        "censusTract": "OSM Way #108239585 • 0 impervious ways/450m"
      }
    },
    {
      "type": "Feature",
      "geometry": {
        "type": "Point",
        "coordinates": [
          -73.95356,
          40.82145
        ]
      },
      "properties": {
        "id": "nyc-osm-108239586",
        "temperatureF": 75.8,
        "temperatureC": 24.3,
        "baselineRuralF": 75,
        "deltaF": 0.8,
        "severity": "Low",
        "surfaceType": "canopy",
        "areaName": "Montefiore Park",
        "censusTract": "OSM Way #108239586 • 0 impervious ways/450m"
      }
    },
    {
      "type": "Feature",
      "geometry": {
        "type": "Point",
        "coordinates": [
          -73.95124,
          40.8231
        ]
      },
      "properties": {
        "id": "nyc-osm-108239588",
        "temperatureF": 75.8,
        "temperatureC": 24.3,
        "baselineRuralF": 75,
        "deltaF": 0.8,
        "severity": "Low",
        "surfaceType": "canopy",
        "areaName": "Alexander Hamilton Playground",
        "censusTract": "OSM Way #108239588 • 1 impervious ways/450m"
      }
    },
    {
      "type": "Feature",
      "geometry": {
        "type": "Point",
        "coordinates": [
          -73.94896,
          40.81722
        ]
      },
      "properties": {
        "id": "nyc-osm-108239589",
        "temperatureF": 75.8,
        "temperatureC": 24.3,
        "baselineRuralF": 75,
        "deltaF": 0.8,
        "severity": "Low",
        "surfaceType": "canopy",
        "areaName": "Saint Nicholas Park",
        "censusTract": "OSM Way #108239589 • 0 impervious ways/450m"
      }
    },
    {
      "type": "Feature",
      "geometry": {
        "type": "Point",
        "coordinates": [
          -73.94767,
          40.76579
        ]
      },
      "properties": {
        "id": "nyc-osm-108295732",
        "temperatureF": 75.8,
        "temperatureC": 24.3,
        "baselineRuralF": 75,
        "deltaF": 0.8,
        "severity": "Low",
        "surfaceType": "canopy",
        "areaName": "Urban Park Canopy Buffer (OSM #5732)",
        "censusTract": "OSM Way #108295732 • 2 impervious ways/450m"
      }
    },
    {
      "type": "Feature",
      "geometry": {
        "type": "Point",
        "coordinates": [
          -73.94688,
          40.76645
        ]
      },
      "properties": {
        "id": "nyc-osm-108295735",
        "temperatureF": 75.8,
        "temperatureC": 24.3,
        "baselineRuralF": 75,
        "deltaF": 0.8,
        "severity": "Low",
        "surfaceType": "canopy",
        "areaName": "Urban Park Canopy Buffer (OSM #5735)",
        "censusTract": "OSM Way #108295735 • 2 impervious ways/450m"
      }
    },
    {
      "type": "Feature",
      "geometry": {
        "type": "Point",
        "coordinates": [
          -73.94689,
          40.76547
        ]
      },
      "properties": {
        "id": "nyc-osm-108295739",
        "temperatureF": 75.8,
        "temperatureC": 24.3,
        "baselineRuralF": 75,
        "deltaF": 0.8,
        "severity": "Low",
        "surfaceType": "canopy",
        "areaName": "Manhattan Park Parcel A",
        "censusTract": "OSM Way #108295739 • 2 impervious ways/450m"
      }
    },
    {
      "type": "Feature",
      "geometry": {
        "type": "Point",
        "coordinates": [
          -73.94384,
          40.76979
        ]
      },
      "properties": {
        "id": "nyc-osm-108295745",
        "temperatureF": 102.4,
        "temperatureC": 39.1,
        "baselineRuralF": 75,
        "deltaF": 27.4,
        "severity": "Critical",
        "surfaceType": "asphalt",
        "areaName": "Surface Asphalt Parking Expanse (OSM #5745)",
        "censusTract": "OSM Way #108295745 • 0 impervious ways/450m"
      }
    },
    {
      "type": "Feature",
      "geometry": {
        "type": "Point",
        "coordinates": [
          -73.95173,
          40.76069
        ]
      },
      "properties": {
        "id": "nyc-osm-108296005",
        "temperatureF": 76.2,
        "temperatureC": 24.6,
        "baselineRuralF": 75,
        "deltaF": 1.2,
        "severity": "Low",
        "surfaceType": "canopy",
        "areaName": "Urban Park Canopy Buffer (OSM #6005)",
        "censusTract": "OSM Way #108296005 • 2 impervious ways/450m"
      }
    },
    {
      "type": "Feature",
      "geometry": {
        "type": "Point",
        "coordinates": [
          -73.92109,
          40.7994
        ]
      },
      "properties": {
        "id": "nyc-osm-108296490",
        "temperatureF": 104,
        "temperatureC": 40,
        "baselineRuralF": 75,
        "deltaF": 29,
        "severity": "Critical",
        "surfaceType": "asphalt",
        "areaName": "Surface Asphalt Parking Expanse (OSM #6490)",
        "censusTract": "OSM Way #108296490 • 3 impervious ways/450m"
      }
    },
    {
      "type": "Feature",
      "geometry": {
        "type": "Point",
        "coordinates": [
          -73.96038,
          40.75063
        ]
      },
      "properties": {
        "id": "nyc-osm-108315458",
        "temperatureF": 76.9,
        "temperatureC": 24.9,
        "baselineRuralF": 75,
        "deltaF": 1.9,
        "severity": "Low",
        "surfaceType": "canopy",
        "areaName": "FDR Four Freedoms State Park",
        "censusTract": "OSM Way #108315458 • 2 impervious ways/450m"
      }
    },
    {
      "type": "Feature",
      "geometry": {
        "type": "Point",
        "coordinates": [
          -73.90972,
          40.78903
        ]
      },
      "properties": {
        "id": "nyc-osm-108324451",
        "temperatureF": 104,
        "temperatureC": 40,
        "baselineRuralF": 75,
        "deltaF": 29,
        "severity": "Critical",
        "surfaceType": "asphalt",
        "areaName": "Surface Asphalt Parking Expanse (OSM #4451)",
        "censusTract": "OSM Way #108324451 • 3 impervious ways/450m"
      }
    },
    {
      "type": "Feature",
      "geometry": {
        "type": "Point",
        "coordinates": [
          -73.90991,
          40.78861
        ]
      },
      "properties": {
        "id": "nyc-osm-108324458",
        "temperatureF": 104.6,
        "temperatureC": 40.3,
        "baselineRuralF": 75,
        "deltaF": 29.6,
        "severity": "Critical",
        "surfaceType": "asphalt",
        "areaName": "Surface Asphalt Parking Expanse (OSM #4458)",
        "censusTract": "OSM Way #108324458 • 4 impervious ways/450m"
      }
    },
    {
      "type": "Feature",
      "geometry": {
        "type": "Point",
        "coordinates": [
          -73.91512,
          40.78671
        ]
      },
      "properties": {
        "id": "nyc-osm-108324468",
        "temperatureF": 104,
        "temperatureC": 40,
        "baselineRuralF": 75,
        "deltaF": 29,
        "severity": "Critical",
        "surfaceType": "asphalt",
        "areaName": "Surface Asphalt Parking Expanse (OSM #4468)",
        "censusTract": "OSM Way #108324468 • 3 impervious ways/450m"
      }
    },
    {
      "type": "Feature",
      "geometry": {
        "type": "Point",
        "coordinates": [
          -73.91383,
          40.78591
        ]
      },
      "properties": {
        "id": "nyc-osm-108325086",
        "temperatureF": 104.6,
        "temperatureC": 40.3,
        "baselineRuralF": 75,
        "deltaF": 29.6,
        "severity": "Critical",
        "surfaceType": "asphalt",
        "areaName": "Surface Asphalt Parking Expanse (OSM #5086)",
        "censusTract": "OSM Way #108325086 • 4 impervious ways/450m"
      }
    },
    {
      "type": "Feature",
      "geometry": {
        "type": "Point",
        "coordinates": [
          -73.91238,
          40.78606
        ]
      },
      "properties": {
        "id": "nyc-osm-108325087",
        "temperatureF": 105.1,
        "temperatureC": 40.6,
        "baselineRuralF": 75,
        "deltaF": 30.1,
        "severity": "Critical",
        "surfaceType": "asphalt",
        "areaName": "Surface Asphalt Parking Expanse (OSM #5087)",
        "censusTract": "OSM Way #108325087 • 5 impervious ways/450m"
      }
    },
    {
      "type": "Feature",
      "geometry": {
        "type": "Point",
        "coordinates": [
          -73.91186,
          40.78682
        ]
      },
      "properties": {
        "id": "nyc-osm-108325092",
        "temperatureF": 105.1,
        "temperatureC": 40.6,
        "baselineRuralF": 75,
        "deltaF": 30.1,
        "severity": "Critical",
        "surfaceType": "asphalt",
        "areaName": "Surface Asphalt Parking Expanse (OSM #5092)",
        "censusTract": "OSM Way #108325092 • 5 impervious ways/450m"
      }
    },
    {
      "type": "Feature",
      "geometry": {
        "type": "Point",
        "coordinates": [
          -73.89199,
          40.77546
        ]
      },
      "properties": {
        "id": "nyc-osm-108329317",
        "temperatureF": 101.6,
        "temperatureC": 38.7,
        "baselineRuralF": 75,
        "deltaF": 26.6,
        "severity": "Critical",
        "surfaceType": "asphalt",
        "areaName": "Hazen Street Rikers Island Parking",
        "censusTract": "OSM Way #108329317 • 0 impervious ways/450m"
      }
    },
    {
      "type": "Feature",
      "geometry": {
        "type": "Point",
        "coordinates": [
          -73.89109,
          40.77519
        ]
      },
      "properties": {
        "id": "nyc-osm-108329320",
        "temperatureF": 76.4,
        "temperatureC": 24.7,
        "baselineRuralF": 75,
        "deltaF": 1.4,
        "severity": "Low",
        "surfaceType": "canopy",
        "areaName": "Elmjack Little League",
        "censusTract": "OSM Way #108329320 • 1 impervious ways/450m"
      }
    },
    {
      "type": "Feature",
      "geometry": {
        "type": "Point",
        "coordinates": [
          -73.981,
          40.76062
        ]
      },
      "properties": {
        "id": "nyc-osm-109284794",
        "temperatureF": 104.5,
        "temperatureC": 40.3,
        "baselineRuralF": 75,
        "deltaF": 29.5,
        "severity": "Critical",
        "surfaceType": "commercial_roof",
        "areaName": "1271 Avenue of the Americas (Commercial Retail Complex)",
        "censusTract": "OSM Way #109284794 • 8 impervious ways/450m"
      }
    },
    {
      "type": "Feature",
      "geometry": {
        "type": "Point",
        "coordinates": [
          -73.97888,
          40.76047
        ]
      },
      "properties": {
        "id": "nyc-osm-109284795",
        "temperatureF": 104.7,
        "temperatureC": 40.4,
        "baselineRuralF": 75,
        "deltaF": 29.7,
        "severity": "Critical",
        "surfaceType": "commercial_roof",
        "areaName": "1290 Avenue of the Americas",
        "censusTract": "OSM Way #109284795 • 7 impervious ways/450m"
      }
    },
    {
      "type": "Feature",
      "geometry": {
        "type": "Point",
        "coordinates": [
          -73.98244,
          40.75788
        ]
      },
      "properties": {
        "id": "nyc-osm-109284804",
        "temperatureF": 105.6,
        "temperatureC": 40.9,
        "baselineRuralF": 75,
        "deltaF": 30.6,
        "severity": "Critical",
        "surfaceType": "commercial_roof",
        "areaName": "J.P. Stevens Company Tower",
        "censusTract": "OSM Way #109284804 • 10 impervious ways/450m"
      }
    },
    {
      "type": "Feature",
      "geometry": {
        "type": "Point",
        "coordinates": [
          -73.97762,
          40.75912
        ]
      },
      "properties": {
        "id": "nyc-osm-109284807",
        "temperatureF": 105.1,
        "temperatureC": 40.6,
        "baselineRuralF": 75,
        "deltaF": 30.1,
        "severity": "Critical",
        "surfaceType": "commercial_roof",
        "areaName": "International Building",
        "censusTract": "OSM Way #109284807 • 9 impervious ways/450m"
      }
    },
    {
      "type": "Feature",
      "geometry": {
        "type": "Point",
        "coordinates": [
          -73.98691,
          40.75551
        ]
      },
      "properties": {
        "id": "nyc-osm-109285745",
        "temperatureF": 101.2,
        "temperatureC": 38.4,
        "baselineRuralF": 75,
        "deltaF": 26.2,
        "severity": "Critical",
        "surfaceType": "commercial_roof",
        "areaName": "Times Square Tower",
        "censusTract": "OSM Way #109285745 • 2 impervious ways/450m"
      }
    },
    {
      "type": "Feature",
      "geometry": {
        "type": "Point",
        "coordinates": [
          -73.97971,
          40.72816
        ]
      },
      "properties": {
        "id": "nyc-osm-109328312",
        "temperatureF": 75.8,
        "temperatureC": 24.3,
        "baselineRuralF": 75,
        "deltaF": 0.8,
        "severity": "Low",
        "surfaceType": "canopy",
        "areaName": "Joseph C. Sauer Park",
        "censusTract": "OSM Way #109328312 • 0 impervious ways/450m"
      }
    },
    {
      "type": "Feature",
      "geometry": {
        "type": "Point",
        "coordinates": [
          -73.98785,
          40.72293
        ]
      },
      "properties": {
        "id": "nyc-osm-111563947",
        "temperatureF": 75.8,
        "temperatureC": 24.3,
        "baselineRuralF": 75,
        "deltaF": 0.8,
        "severity": "Low",
        "surfaceType": "canopy",
        "areaName": "Peretz Square",
        "censusTract": "OSM Way #111563947 • 0 impervious ways/450m"
      }
    },
    {
      "type": "Feature",
      "geometry": {
        "type": "Point",
        "coordinates": [
          -73.98159,
          40.75669
        ]
      },
      "properties": {
        "id": "nyc-osm-113690621",
        "temperatureF": 80,
        "temperatureC": 26.7,
        "baselineRuralF": 75,
        "deltaF": 5,
        "severity": "Low",
        "surfaceType": "canopy",
        "areaName": "Marsh & McLennan Public Space",
        "censusTract": "OSM Way #113690621 • 9 impervious ways/450m"
      }
    },
    {
      "type": "Feature",
      "geometry": {
        "type": "Point",
        "coordinates": [
          -73.96821,
          40.8019
        ]
      },
      "properties": {
        "id": "nyc-osm-113723738",
        "temperatureF": 76.4,
        "temperatureC": 24.7,
        "baselineRuralF": 75,
        "deltaF": 1.4,
        "severity": "Low",
        "surfaceType": "canopy",
        "areaName": "Straus Park",
        "censusTract": "OSM Way #113723738 • 1 impervious ways/450m"
      }
    },
    {
      "type": "Feature",
      "geometry": {
        "type": "Point",
        "coordinates": [
          -74.03621,
          40.78562
        ]
      },
      "properties": {
        "id": "nyc-osm-114105231",
        "temperatureF": 101.4,
        "temperatureC": 38.6,
        "baselineRuralF": 75,
        "deltaF": 26.4,
        "severity": "Critical",
        "surfaceType": "commercial_roof",
        "areaName": "Industrial Logistics Zone (OSM #5231)",
        "censusTract": "OSM Way #114105231 • 1 impervious ways/450m"
      }
    },
    {
      "type": "Feature",
      "geometry": {
        "type": "Point",
        "coordinates": [
          -73.98698,
          40.7738
        ]
      },
      "properties": {
        "id": "nyc-osm-117994215",
        "temperatureF": 75.8,
        "temperatureC": 24.3,
        "baselineRuralF": 75,
        "deltaF": 0.8,
        "severity": "Low",
        "surfaceType": "canopy",
        "areaName": "Samuel N. Bennerson 2nd Playground",
        "censusTract": "OSM Way #117994215 • 1 impervious ways/450m"
      }
    },
    {
      "type": "Feature",
      "geometry": {
        "type": "Point",
        "coordinates": [
          -74.00139,
          40.76376
        ]
      },
      "properties": {
        "id": "nyc-osm-118116798",
        "temperatureF": 76.4,
        "temperatureC": 24.7,
        "baselineRuralF": 75,
        "deltaF": 1.4,
        "severity": "Low",
        "surfaceType": "canopy",
        "areaName": "Pier 84",
        "censusTract": "OSM Way #118116798 • 1 impervious ways/450m"
      }
    },
    {
      "type": "Feature",
      "geometry": {
        "type": "Point",
        "coordinates": [
          -73.98896,
          40.77467
        ]
      },
      "properties": {
        "id": "nyc-osm-118116802",
        "temperatureF": 76.2,
        "temperatureC": 24.6,
        "baselineRuralF": 75,
        "deltaF": 1.2,
        "severity": "Low",
        "surfaceType": "canopy",
        "areaName": "West End Towers — Urban Park Canopy Buffer",
        "censusTract": "OSM Way #118116802 • 2 impervious ways/450m"
      }
    },
    {
      "type": "Feature",
      "geometry": {
        "type": "Point",
        "coordinates": [
          -73.97148,
          40.75898
        ]
      },
      "properties": {
        "id": "nyc-osm-118116810",
        "temperatureF": 101.2,
        "temperatureC": 38.4,
        "baselineRuralF": 75,
        "deltaF": 26.2,
        "severity": "Critical",
        "surfaceType": "commercial_roof",
        "areaName": "399 Park Avenue",
        "censusTract": "OSM Way #118116810 • 2 impervious ways/450m"
      }
    },
    {
      "type": "Feature",
      "geometry": {
        "type": "Point",
        "coordinates": [
          -73.97422,
          40.75768
        ]
      },
      "properties": {
        "id": "nyc-osm-118476490",
        "temperatureF": 104,
        "temperatureC": 40,
        "baselineRuralF": 75,
        "deltaF": 29,
        "severity": "Critical",
        "surfaceType": "commercial_roof",
        "areaName": "Mutual of America",
        "censusTract": "OSM Way #118476490 • 7 impervious ways/450m"
      }
    },
    {
      "type": "Feature",
      "geometry": {
        "type": "Point",
        "coordinates": [
          -73.97538,
          40.75736
        ]
      },
      "properties": {
        "id": "nyc-osm-118476491",
        "temperatureF": 104.7,
        "temperatureC": 40.4,
        "baselineRuralF": 75,
        "deltaF": 29.7,
        "severity": "Critical",
        "surfaceType": "commercial_roof",
        "areaName": "ITT-American Building",
        "censusTract": "OSM Way #118476491 • 7 impervious ways/450m"
      }
    },
    {
      "type": "Feature",
      "geometry": {
        "type": "Point",
        "coordinates": [
          -73.94861,
          40.82415
        ]
      },
      "properties": {
        "id": "nyc-osm-118524658",
        "temperatureF": 75.8,
        "temperatureC": 24.3,
        "baselineRuralF": 75,
        "deltaF": 0.8,
        "severity": "Low",
        "surfaceType": "canopy",
        "areaName": "Johnny Hartman Square",
        "censusTract": "OSM Way #118524658 • 0 impervious ways/450m"
      }
    },
    {
      "type": "Feature",
      "geometry": {
        "type": "Point",
        "coordinates": [
          -73.94011,
          40.81005
        ]
      },
      "properties": {
        "id": "nyc-osm-118524659",
        "temperatureF": 75.8,
        "temperatureC": 24.3,
        "baselineRuralF": 75,
        "deltaF": 0.8,
        "severity": "Low",
        "surfaceType": "canopy",
        "areaName": "Courtney Callender Playground",
        "censusTract": "OSM Way #118524659 • 0 impervious ways/450m"
      }
    },
    {
      "type": "Feature",
      "geometry": {
        "type": "Point",
        "coordinates": [
          -73.9353,
          40.80642
        ]
      },
      "properties": {
        "id": "nyc-osm-118524660",
        "temperatureF": 78,
        "temperatureC": 25.6,
        "baselineRuralF": 75,
        "deltaF": 3,
        "severity": "Low",
        "surfaceType": "canopy",
        "areaName": "Alice Kornegay Triangle",
        "censusTract": "OSM Way #118524660 • 4 impervious ways/450m"
      }
    },
    {
      "type": "Feature",
      "geometry": {
        "type": "Point",
        "coordinates": [
          -73.94138,
          40.82127
        ]
      },
      "properties": {
        "id": "nyc-osm-118524664",
        "temperatureF": 75.8,
        "temperatureC": 24.3,
        "baselineRuralF": 75,
        "deltaF": 0.8,
        "severity": "Low",
        "surfaceType": "canopy",
        "areaName": "Renaissance Playground",
        "censusTract": "OSM Way #118524664 • 0 impervious ways/450m"
      }
    }
  ]
}