{
  "type": "FeatureCollection",
  "features": [
    {
      "type": "Feature",
      "geometry": {
        "type": "Point",
        "coordinates": [
          -112.12324,
          33.48565
        ]
      },
      "properties": {
        "id": "phoenix-osm-5683298",
        "temperatureF": 121.8,
        "temperatureC": 49.9,
        "baselineRuralF": 88,
        "deltaF": 33.8,
        "severity": "Critical",
        "surfaceType": "asphalt",
        "areaName": "Grand Avenue",
        "censusTract": "OSM Way #5683298 • 0 impervious ways/450m"
      }
    },
    {
      "type": "Feature",
      "geometry": {
        "type": "Point",
        "coordinates": [
          -112.02903,
          33.42661
        ]
      },
      "properties": {
        "id": "phoenix-osm-18749885",
        "temperatureF": 125.6,
        "temperatureC": 52,
        "baselineRuralF": 88,
        "deltaF": 37.6,
        "severity": "Critical",
        "surfaceType": "asphalt",
        "areaName": "Maricopa Freeway",
        "censusTract": "OSM Way #18749885 • 7 impervious ways/450m"
      }
    },
    {
      "type": "Feature",
      "geometry": {
        "type": "Point",
        "coordinates": [
          -112.04324,
          33.46164
        ]
      },
      "properties": {
        "id": "phoenix-osm-18847485",
        "temperatureF": 124,
        "temperatureC": 51.1,
        "baselineRuralF": 88,
        "deltaF": 36,
        "severity": "Critical",
        "surfaceType": "asphalt",
        "areaName": "Red Mountain Freeway",
        "censusTract": "OSM Way #18847485 • 4 impervious ways/450m"
      }
    },
    {
      "type": "Feature",
      "geometry": {
        "type": "Point",
        "coordinates": [
          -112.03712,
          33.44267
        ]
      },
      "properties": {
        "id": "phoenix-osm-23699324",
        "temperatureF": 127.3,
        "temperatureC": 52.9,
        "baselineRuralF": 88,
        "deltaF": 39.3,
        "severity": "Critical",
        "surfaceType": "asphalt",
        "areaName": "Papago Freeway",
        "censusTract": "OSM Way #23699324 • 10 impervious ways/450m"
      }
    },
    {
      "type": "Feature",
      "geometry": {
        "type": "Point",
        "coordinates": [
          -112.04101,
          33.42719
        ]
      },
      "properties": {
        "id": "phoenix-osm-23701986",
        "temperatureF": 125.6,
        "temperatureC": 52,
        "baselineRuralF": 88,
        "deltaF": 37.6,
        "severity": "Critical",
        "surfaceType": "asphalt",
        "areaName": "Maricopa Freeway",
        "censusTract": "OSM Way #23701986 • 7 impervious ways/450m"
      }
    },
    {
      "type": "Feature",
      "geometry": {
        "type": "Point",
        "coordinates": [
          -112.09702,
          33.42901
        ]
      },
      "properties": {
        "id": "phoenix-osm-23711113",
        "temperatureF": 123.4,
        "temperatureC": 50.8,
        "baselineRuralF": 88,
        "deltaF": 35.4,
        "severity": "Critical",
        "surfaceType": "asphalt",
        "areaName": "Maricopa Freeway",
        "censusTract": "OSM Way #23711113 • 3 impervious ways/450m"
      }
    },
    {
      "type": "Feature",
      "geometry": {
        "type": "Point",
        "coordinates": [
          -112.0999,
          33.42897
        ]
      },
      "properties": {
        "id": "phoenix-osm-23713557",
        "temperatureF": 123.4,
        "temperatureC": 50.8,
        "baselineRuralF": 88,
        "deltaF": 35.4,
        "severity": "Critical",
        "surfaceType": "asphalt",
        "areaName": "Black Canyon Freeway",
        "censusTract": "OSM Way #23713557 • 3 impervious ways/450m"
      }
    },
    {
      "type": "Feature",
      "geometry": {
        "type": "Point",
        "coordinates": [
          -112.0408,
          33.45926
        ]
      },
      "properties": {
        "id": "phoenix-osm-28234534",
        "temperatureF": 126,
        "temperatureC": 52.2,
        "baselineRuralF": 88,
        "deltaF": 38,
        "severity": "Critical",
        "surfaceType": "asphalt",
        "areaName": "Papago Freeway",
        "censusTract": "OSM Way #28234534 • 9 impervious ways/450m"
      }
    },
    {
      "type": "Feature",
      "geometry": {
        "type": "Point",
        "coordinates": [
          -112.03711,
          33.44437
        ]
      },
      "properties": {
        "id": "phoenix-osm-28885503",
        "temperatureF": 127.8,
        "temperatureC": 53.2,
        "baselineRuralF": 88,
        "deltaF": 39.8,
        "severity": "Critical",
        "surfaceType": "asphalt",
        "areaName": "Papago Freeway",
        "censusTract": "OSM Way #28885503 • 11 impervious ways/450m"
      }
    },
    {
      "type": "Feature",
      "geometry": {
        "type": "Point",
        "coordinates": [
          -112.03712,
          33.44585
        ]
      },
      "properties": {
        "id": "phoenix-osm-28885504",
        "temperatureF": 126.2,
        "temperatureC": 52.3,
        "baselineRuralF": 88,
        "deltaF": 38.2,
        "severity": "Critical",
        "surfaceType": "asphalt",
        "areaName": "Papago Freeway",
        "censusTract": "OSM Way #28885504 • 8 impervious ways/450m"
      }
    },
    {
      "type": "Feature",
      "geometry": {
        "type": "Point",
        "coordinates": [
          -112.03759,
          33.44444
        ]
      },
      "properties": {
        "id": "phoenix-osm-28885506",
        "temperatureF": 127.8,
        "temperatureC": 53.2,
        "baselineRuralF": 88,
        "deltaF": 39.8,
        "severity": "Critical",
        "surfaceType": "asphalt",
        "areaName": "Papago Freeway",
        "censusTract": "OSM Way #28885506 • 11 impervious ways/450m"
      }
    },
    {
      "type": "Feature",
      "geometry": {
        "type": "Point",
        "coordinates": [
          -112.03758,
          33.44231
        ]
      },
      "properties": {
        "id": "phoenix-osm-28885507",
        "temperatureF": 127.3,
        "temperatureC": 52.9,
        "baselineRuralF": 88,
        "deltaF": 39.3,
        "severity": "Critical",
        "surfaceType": "asphalt",
        "areaName": "Papago Freeway",
        "censusTract": "OSM Way #28885507 • 10 impervious ways/450m"
      }
    },
    {
      "type": "Feature",
      "geometry": {
        "type": "Point",
        "coordinates": [
          -112.06192,
          33.43376
        ]
      },
      "properties": {
        "id": "phoenix-osm-28886539",
        "temperatureF": 94.6,
        "temperatureC": 34.8,
        "baselineRuralF": 88,
        "deltaF": 6.6,
        "severity": "Low",
        "surfaceType": "canopy",
        "areaName": "Nuestro Park",
        "censusTract": "OSM Way #28886539 • 1 impervious ways/450m"
      }
    },
    {
      "type": "Feature",
      "geometry": {
        "type": "Point",
        "coordinates": [
          -112.0501,
          33.43022
        ]
      },
      "properties": {
        "id": "phoenix-osm-28886558",
        "temperatureF": 95.2,
        "temperatureC": 35.1,
        "baselineRuralF": 88,
        "deltaF": 7.2,
        "severity": "Low",
        "surfaceType": "canopy",
        "areaName": "Barrios Unidos Park",
        "censusTract": "OSM Way #28886558 • 2 impervious ways/450m"
      }
    },
    {
      "type": "Feature",
      "geometry": {
        "type": "Point",
        "coordinates": [
          -112.04888,
          33.44618
        ]
      },
      "properties": {
        "id": "phoenix-osm-28887103",
        "temperatureF": 94.1,
        "temperatureC": 34.5,
        "baselineRuralF": 88,
        "deltaF": 6.1,
        "severity": "Low",
        "surfaceType": "canopy",
        "areaName": "Eastlake Park",
        "censusTract": "OSM Way #28887103 • 0 impervious ways/450m"
      }
    },
    {
      "type": "Feature",
      "geometry": {
        "type": "Point",
        "coordinates": [
          -112.06375,
          33.46194
        ]
      },
      "properties": {
        "id": "phoenix-osm-29320919",
        "temperatureF": 126.2,
        "temperatureC": 52.3,
        "baselineRuralF": 88,
        "deltaF": 38.2,
        "severity": "Critical",
        "surfaceType": "asphalt",
        "areaName": "Papago Freeway",
        "censusTract": "OSM Way #29320919 • 8 impervious ways/450m"
      }
    },
    {
      "type": "Feature",
      "geometry": {
        "type": "Point",
        "coordinates": [
          -112.03712,
          33.44739
        ]
      },
      "properties": {
        "id": "phoenix-osm-30021829",
        "temperatureF": 126.2,
        "temperatureC": 52.3,
        "baselineRuralF": 88,
        "deltaF": 38.2,
        "severity": "Critical",
        "surfaceType": "asphalt",
        "areaName": "Papago Freeway",
        "censusTract": "OSM Way #30021829 • 8 impervious ways/450m"
      }
    },
    {
      "type": "Feature",
      "geometry": {
        "type": "Point",
        "coordinates": [
          -112.03759,
          33.44591
        ]
      },
      "properties": {
        "id": "phoenix-osm-30021847",
        "temperatureF": 126.2,
        "temperatureC": 52.3,
        "baselineRuralF": 88,
        "deltaF": 38.2,
        "severity": "Critical",
        "surfaceType": "asphalt",
        "areaName": "Papago Freeway",
        "censusTract": "OSM Way #30021847 • 8 impervious ways/450m"
      }
    },
    {
      "type": "Feature",
      "geometry": {
        "type": "Point",
        "coordinates": [
          -112.03758,
          33.44781
        ]
      },
      "properties": {
        "id": "phoenix-osm-30021848",
        "temperatureF": 126.7,
        "temperatureC": 52.6,
        "baselineRuralF": 88,
        "deltaF": 38.7,
        "severity": "Critical",
        "surfaceType": "asphalt",
        "areaName": "Papago Freeway",
        "censusTract": "OSM Way #30021848 • 9 impervious ways/450m"
      }
    },
    {
      "type": "Feature",
      "geometry": {
        "type": "Point",
        "coordinates": [
          -112.03711,
          33.45007
        ]
      },
      "properties": {
        "id": "phoenix-osm-30021873",
        "temperatureF": 124.5,
        "temperatureC": 51.4,
        "baselineRuralF": 88,
        "deltaF": 36.5,
        "severity": "Critical",
        "surfaceType": "asphalt",
        "areaName": "Papago Freeway",
        "censusTract": "OSM Way #30021873 • 5 impervious ways/450m"
      }
    },
    {
      "type": "Feature",
      "geometry": {
        "type": "Point",
        "coordinates": [
          -112.0371,
          33.45147
        ]
      },
      "properties": {
        "id": "phoenix-osm-30021910",
        "temperatureF": 124,
        "temperatureC": 51.1,
        "baselineRuralF": 88,
        "deltaF": 36,
        "severity": "Critical",
        "surfaceType": "asphalt",
        "areaName": "Papago Freeway",
        "censusTract": "OSM Way #30021910 • 4 impervious ways/450m"
      }
    },
    {
      "type": "Feature",
      "geometry": {
        "type": "Point",
        "coordinates": [
          -112.04066,
          33.45697
        ]
      },
      "properties": {
        "id": "phoenix-osm-30021911",
        "temperatureF": 122.1,
        "temperatureC": 50.1,
        "baselineRuralF": 88,
        "deltaF": 34.1,
        "severity": "Critical",
        "surfaceType": "asphalt",
        "areaName": "Papago Freeway",
        "censusTract": "OSM Way #30021911 • 2 impervious ways/450m"
      }
    },
    {
      "type": "Feature",
      "geometry": {
        "type": "Point",
        "coordinates": [
          -112.03758,
          33.44949
        ]
      },
      "properties": {
        "id": "phoenix-osm-30021935",
        "temperatureF": 125.6,
        "temperatureC": 52,
        "baselineRuralF": 88,
        "deltaF": 37.6,
        "severity": "Critical",
        "surfaceType": "asphalt",
        "areaName": "Papago Freeway",
        "censusTract": "OSM Way #30021935 • 7 impervious ways/450m"
      }
    },
    {
      "type": "Feature",
      "geometry": {
        "type": "Point",
        "coordinates": [
          -112.03757,
          33.45122
        ]
      },
      "properties": {
        "id": "phoenix-osm-30021936",
        "temperatureF": 124.5,
        "temperatureC": 51.4,
        "baselineRuralF": 88,
        "deltaF": 36.5,
        "severity": "Critical",
        "surfaceType": "asphalt",
        "areaName": "Papago Freeway",
        "censusTract": "OSM Way #30021936 • 5 impervious ways/450m"
      }
    },
    {
      "type": "Feature",
      "geometry": {
        "type": "Point",
        "coordinates": [
          -112.03782,
          33.45815
        ]
      },
      "properties": {
        "id": "phoenix-osm-30022321",
        "temperatureF": 123.8,
        "temperatureC": 51,
        "baselineRuralF": 88,
        "deltaF": 35.8,
        "severity": "Critical",
        "surfaceType": "asphalt",
        "areaName": "Piestewa Freeway",
        "censusTract": "OSM Way #30022321 • 5 impervious ways/450m"
      }
    },
    {
      "type": "Feature",
      "geometry": {
        "type": "Point",
        "coordinates": [
          -112.03836,
          33.46088
        ]
      },
      "properties": {
        "id": "phoenix-osm-30022348",
        "temperatureF": 126,
        "temperatureC": 52.2,
        "baselineRuralF": 88,
        "deltaF": 38,
        "severity": "Critical",
        "surfaceType": "asphalt",
        "areaName": "Piestewa Freeway",
        "censusTract": "OSM Way #30022348 • 9 impervious ways/450m"
      }
    },
    {
      "type": "Feature",
      "geometry": {
        "type": "Point",
        "coordinates": [
          -112.03828,
          33.46144
        ]
      },
      "properties": {
        "id": "phoenix-osm-30022372",
        "temperatureF": 127.1,
        "temperatureC": 52.8,
        "baselineRuralF": 88,
        "deltaF": 39.1,
        "severity": "Critical",
        "surfaceType": "asphalt",
        "areaName": "Red Mountain Freeway",
        "censusTract": "OSM Way #30022372 • 11 impervious ways/450m"
      }
    },
    {
      "type": "Feature",
      "geometry": {
        "type": "Point",
        "coordinates": [
          -112.03456,
          33.46184
        ]
      },
      "properties": {
        "id": "phoenix-osm-30022597",
        "temperatureF": 127.3,
        "temperatureC": 52.9,
        "baselineRuralF": 88,
        "deltaF": 39.3,
        "severity": "Critical",
        "surfaceType": "asphalt",
        "areaName": "Red Mountain Freeway",
        "censusTract": "OSM Way #30022597 • 10 impervious ways/450m"
      }
    },
    {
      "type": "Feature",
      "geometry": {
        "type": "Point",
        "coordinates": [
          -112.03763,
          33.46228
        ]
      },
      "properties": {
        "id": "phoenix-osm-30022761",
        "temperatureF": 128.4,
        "temperatureC": 53.6,
        "baselineRuralF": 88,
        "deltaF": 40.4,
        "severity": "Critical",
        "surfaceType": "asphalt",
        "areaName": "Red Mountain Freeway",
        "censusTract": "OSM Way #30022761 • 12 impervious ways/450m"
      }
    },
    {
      "type": "Feature",
      "geometry": {
        "type": "Point",
        "coordinates": [
          -112.03012,
          33.46194
        ]
      },
      "properties": {
        "id": "phoenix-osm-30022845",
        "temperatureF": 124.5,
        "temperatureC": 51.4,
        "baselineRuralF": 88,
        "deltaF": 36.5,
        "severity": "Critical",
        "surfaceType": "asphalt",
        "areaName": "Red Mountain Freeway",
        "censusTract": "OSM Way #30022845 • 5 impervious ways/450m"
      }
    },
    {
      "type": "Feature",
      "geometry": {
        "type": "Point",
        "coordinates": [
          -112.03365,
          33.46218
        ]
      },
      "properties": {
        "id": "phoenix-osm-30022851",
        "temperatureF": 126.2,
        "temperatureC": 52.3,
        "baselineRuralF": 88,
        "deltaF": 38.2,
        "severity": "Critical",
        "surfaceType": "asphalt",
        "areaName": "Red Mountain Freeway",
        "censusTract": "OSM Way #30022851 • 8 impervious ways/450m"
      }
    },
    {
      "type": "Feature",
      "geometry": {
        "type": "Point",
        "coordinates": [
          -112.02999,
          33.46217
        ]
      },
      "properties": {
        "id": "phoenix-osm-30022864",
        "temperatureF": 124.5,
        "temperatureC": 51.4,
        "baselineRuralF": 88,
        "deltaF": 36.5,
        "severity": "Critical",
        "surfaceType": "asphalt",
        "areaName": "Red Mountain Freeway",
        "censusTract": "OSM Way #30022864 • 5 impervious ways/450m"
      }
    },
    {
      "type": "Feature",
      "geometry": {
        "type": "Point",
        "coordinates": [
          -112.01609,
          33.46125
        ]
      },
      "properties": {
        "id": "phoenix-osm-30022888",
        "temperatureF": 122.9,
        "temperatureC": 50.5,
        "baselineRuralF": 88,
        "deltaF": 34.9,
        "severity": "Critical",
        "surfaceType": "asphalt",
        "areaName": "Red Mountain Freeway",
        "censusTract": "OSM Way #30022888 • 2 impervious ways/450m"
      }
    },
    {
      "type": "Feature",
      "geometry": {
        "type": "Point",
        "coordinates": [
          -112.03823,
          33.46514
        ]
      },
      "properties": {
        "id": "phoenix-osm-30022953",
        "temperatureF": 126.2,
        "temperatureC": 52.3,
        "baselineRuralF": 88,
        "deltaF": 38.2,
        "severity": "Critical",
        "surfaceType": "asphalt",
        "areaName": "Piestewa Freeway",
        "censusTract": "OSM Way #30022953 • 8 impervious ways/450m"
      }
    },
    {
      "type": "Feature",
      "geometry": {
        "type": "Point",
        "coordinates": [
          -112.038,
          33.46591
        ]
      },
      "properties": {
        "id": "phoenix-osm-30022955",
        "temperatureF": 125.6,
        "temperatureC": 52,
        "baselineRuralF": 88,
        "deltaF": 37.6,
        "severity": "Critical",
        "surfaceType": "asphalt",
        "areaName": "Piestewa Freeway",
        "censusTract": "OSM Way #30022955 • 7 impervious ways/450m"
      }
    },
    {
      "type": "Feature",
      "geometry": {
        "type": "Point",
        "coordinates": [
          -112.03822,
          33.46589
        ]
      },
      "properties": {
        "id": "phoenix-osm-30022998",
        "temperatureF": 125.6,
        "temperatureC": 52,
        "baselineRuralF": 88,
        "deltaF": 37.6,
        "severity": "Critical",
        "surfaceType": "asphalt",
        "areaName": "Piestewa Freeway",
        "censusTract": "OSM Way #30022998 • 7 impervious ways/450m"
      }
    },
    {
      "type": "Feature",
      "geometry": {
        "type": "Point",
        "coordinates": [
          -112.03822,
          33.46793
        ]
      },
      "properties": {
        "id": "phoenix-osm-30022999",
        "temperatureF": 123.4,
        "temperatureC": 50.8,
        "baselineRuralF": 88,
        "deltaF": 35.4,
        "severity": "Critical",
        "surfaceType": "asphalt",
        "areaName": "Piestewa Freeway",
        "censusTract": "OSM Way #30022999 • 3 impervious ways/450m"
      }
    },
    {
      "type": "Feature",
      "geometry": {
        "type": "Point",
        "coordinates": [
          -112.074,
          33.46218
        ]
      },
      "properties": {
        "id": "phoenix-osm-30023440",
        "temperatureF": 127.8,
        "temperatureC": 53.2,
        "baselineRuralF": 88,
        "deltaF": 39.8,
        "severity": "Critical",
        "surfaceType": "asphalt",
        "areaName": "Papago Freeway",
        "censusTract": "OSM Way #30023440 • 11 impervious ways/450m"
      }
    },
    {
      "type": "Feature",
      "geometry": {
        "type": "Point",
        "coordinates": [
          -112.07353,
          33.46176
        ]
      },
      "properties": {
        "id": "phoenix-osm-30023443",
        "temperatureF": 128.9,
        "temperatureC": 53.8,
        "baselineRuralF": 88,
        "deltaF": 40.9,
        "severity": "Critical",
        "surfaceType": "asphalt",
        "areaName": "Papago Freeway",
        "censusTract": "OSM Way #30023443 • 13 impervious ways/450m"
      }
    },
    {
      "type": "Feature",
      "geometry": {
        "type": "Point",
        "coordinates": [
          -112.03469,
          33.43772
        ]
      },
      "properties": {
        "id": "phoenix-osm-30024200",
        "temperatureF": 127.8,
        "temperatureC": 53.2,
        "baselineRuralF": 88,
        "deltaF": 39.8,
        "severity": "Critical",
        "surfaceType": "asphalt",
        "areaName": "East Sky Harbor Boulevard",
        "censusTract": "OSM Way #30024200 • 11 impervious ways/450m"
      }
    },
    {
      "type": "Feature",
      "geometry": {
        "type": "Point",
        "coordinates": [
          -112.0359,
          33.4384
        ]
      },
      "properties": {
        "id": "phoenix-osm-30024203",
        "temperatureF": 128.4,
        "temperatureC": 53.6,
        "baselineRuralF": 88,
        "deltaF": 40.4,
        "severity": "Critical",
        "surfaceType": "asphalt",
        "areaName": "East Sky Harbor Boulevard",
        "censusTract": "OSM Way #30024203 • 12 impervious ways/450m"
      }
    },
    {
      "type": "Feature",
      "geometry": {
        "type": "Point",
        "coordinates": [
          -112.0347,
          33.43756
        ]
      },
      "properties": {
        "id": "phoenix-osm-30024206",
        "temperatureF": 127.8,
        "temperatureC": 53.2,
        "baselineRuralF": 88,
        "deltaF": 39.8,
        "severity": "Critical",
        "surfaceType": "asphalt",
        "areaName": "East Sky Harbor Boulevard",
        "censusTract": "OSM Way #30024206 • 11 impervious ways/450m"
      }
    },
    {
      "type": "Feature",
      "geometry": {
        "type": "Point",
        "coordinates": [
          -112.0376,
          33.44089
        ]
      },
      "properties": {
        "id": "phoenix-osm-30024213",
        "temperatureF": 128.9,
        "temperatureC": 53.8,
        "baselineRuralF": 88,
        "deltaF": 40.9,
        "severity": "Critical",
        "surfaceType": "asphalt",
        "areaName": "Papago Freeway",
        "censusTract": "OSM Way #30024213 • 13 impervious ways/450m"
      }
    },
    {
      "type": "Feature",
      "geometry": {
        "type": "Point",
        "coordinates": [
          -112.03677,
          33.43827
        ]
      },
      "properties": {
        "id": "phoenix-osm-30024219",
        "temperatureF": 128.9,
        "temperatureC": 53.8,
        "baselineRuralF": 88,
        "deltaF": 40.9,
        "severity": "Critical",
        "surfaceType": "asphalt",
        "areaName": "East Sky Harbor Boulevard",
        "censusTract": "OSM Way #30024219 • 13 impervious ways/450m"
      }
    },
    {
      "type": "Feature",
      "geometry": {
        "type": "Point",
        "coordinates": [
          -112.03759,
          33.44135
        ]
      },
      "properties": {
        "id": "phoenix-osm-30024221",
        "temperatureF": 127.3,
        "temperatureC": 52.9,
        "baselineRuralF": 88,
        "deltaF": 39.3,
        "severity": "Critical",
        "surfaceType": "asphalt",
        "areaName": "Papago Freeway",
        "censusTract": "OSM Way #30024221 • 10 impervious ways/450m"
      }
    },
    {
      "type": "Feature",
      "geometry": {
        "type": "Point",
        "coordinates": [
          -112.03712,
          33.44132
        ]
      },
      "properties": {
        "id": "phoenix-osm-30024228",
        "temperatureF": 127.3,
        "temperatureC": 52.9,
        "baselineRuralF": 88,
        "deltaF": 39.3,
        "severity": "Critical",
        "surfaceType": "asphalt",
        "areaName": "Papago Freeway",
        "censusTract": "OSM Way #30024228 • 10 impervious ways/450m"
      }
    },
    {
      "type": "Feature",
      "geometry": {
        "type": "Point",
        "coordinates": [
          -112.03709,
          33.44132
        ]
      },
      "properties": {
        "id": "phoenix-osm-30024230",
        "temperatureF": 127.3,
        "temperatureC": 52.9,
        "baselineRuralF": 88,
        "deltaF": 39.3,
        "severity": "Critical",
        "surfaceType": "asphalt",
        "areaName": "East Sky Harbor Boulevard",
        "censusTract": "OSM Way #30024230 • 10 impervious ways/450m"
      }
    },
    {
      "type": "Feature",
      "geometry": {
        "type": "Point",
        "coordinates": [
          -112.03742,
          33.43702
        ]
      },
      "properties": {
        "id": "phoenix-osm-30024247",
        "temperatureF": 126.2,
        "temperatureC": 52.3,
        "baselineRuralF": 88,
        "deltaF": 38.2,
        "severity": "Critical",
        "surfaceType": "asphalt",
        "areaName": "Papago Freeway",
        "censusTract": "OSM Way #30024247 • 8 impervious ways/450m"
      }
    },
    {
      "type": "Feature",
      "geometry": {
        "type": "Point",
        "coordinates": [
          -112.03726,
          33.43928
        ]
      },
      "properties": {
        "id": "phoenix-osm-30024248",
        "temperatureF": 128.4,
        "temperatureC": 53.6,
        "baselineRuralF": 88,
        "deltaF": 40.4,
        "severity": "Critical",
        "surfaceType": "asphalt",
        "areaName": "Papago Freeway",
        "censusTract": "OSM Way #30024248 • 12 impervious ways/450m"
      }
    },
    {
      "type": "Feature",
      "geometry": {
        "type": "Point",
        "coordinates": [
          -112.03786,
          33.43452
        ]
      },
      "properties": {
        "id": "phoenix-osm-30024261",
        "temperatureF": 125.6,
        "temperatureC": 52,
        "baselineRuralF": 88,
        "deltaF": 37.6,
        "severity": "Critical",
        "surfaceType": "asphalt",
        "areaName": "Papago Freeway",
        "censusTract": "OSM Way #30024261 • 7 impervious ways/450m"
      }
    },
    {
      "type": "Feature",
      "geometry": {
        "type": "Point",
        "coordinates": [
          -112.03787,
          33.43696
        ]
      },
      "properties": {
        "id": "phoenix-osm-30024263",
        "temperatureF": 126.2,
        "temperatureC": 52.3,
        "baselineRuralF": 88,
        "deltaF": 38.2,
        "severity": "Critical",
        "surfaceType": "asphalt",
        "areaName": "Papago Freeway",
        "censusTract": "OSM Way #30024263 • 8 impervious ways/450m"
      }
    },
    {
      "type": "Feature",
      "geometry": {
        "type": "Point",
        "coordinates": [
          -112.03736,
          33.42897
        ]
      },
      "properties": {
        "id": "phoenix-osm-30024273",
        "temperatureF": 129.5,
        "temperatureC": 54.2,
        "baselineRuralF": 88,
        "deltaF": 41.5,
        "severity": "Critical",
        "surfaceType": "asphalt",
        "areaName": "Papago Freeway",
        "censusTract": "OSM Way #30024273 • 14 impervious ways/450m"
      }
    },
    {
      "type": "Feature",
      "geometry": {
        "type": "Point",
        "coordinates": [
          -112.03781,
          33.43143
        ]
      },
      "properties": {
        "id": "phoenix-osm-30024274",
        "temperatureF": 126.2,
        "temperatureC": 52.3,
        "baselineRuralF": 88,
        "deltaF": 38.2,
        "severity": "Critical",
        "surfaceType": "asphalt",
        "areaName": "Papago Freeway",
        "censusTract": "OSM Way #30024274 • 8 impervious ways/450m"
      }
    },
    {
      "type": "Feature",
      "geometry": {
        "type": "Point",
        "coordinates": [
          -112.03736,
          33.43285
        ]
      },
      "properties": {
        "id": "phoenix-osm-30024276",
        "temperatureF": 124.5,
        "temperatureC": 51.4,
        "baselineRuralF": 88,
        "deltaF": 36.5,
        "severity": "Critical",
        "surfaceType": "asphalt",
        "areaName": "Papago Freeway",
        "censusTract": "OSM Way #30024276 • 5 impervious ways/450m"
      }
    },
    {
      "type": "Feature",
      "geometry": {
        "type": "Point",
        "coordinates": [
          -112.03736,
          33.43142
        ]
      },
      "properties": {
        "id": "phoenix-osm-30024277",
        "temperatureF": 126.2,
        "temperatureC": 52.3,
        "baselineRuralF": 88,
        "deltaF": 38.2,
        "severity": "Critical",
        "surfaceType": "asphalt",
        "areaName": "Papago Freeway",
        "censusTract": "OSM Way #30024277 • 8 impervious ways/450m"
      }
    },
    {
      "type": "Feature",
      "geometry": {
        "type": "Point",
        "coordinates": [
          -112.03718,
          33.43008
        ]
      },
      "properties": {
        "id": "phoenix-osm-30024309",
        "temperatureF": 128.4,
        "temperatureC": 53.6,
        "baselineRuralF": 88,
        "deltaF": 40.4,
        "severity": "Critical",
        "surfaceType": "asphalt",
        "areaName": "Papago Freeway",
        "censusTract": "OSM Way #30024309 • 12 impervious ways/450m"
      }
    },
    {
      "type": "Feature",
      "geometry": {
        "type": "Point",
        "coordinates": [
          -112.03672,
          33.42865
        ]
      },
      "properties": {
        "id": "phoenix-osm-30024311",
        "temperatureF": 128.9,
        "temperatureC": 53.8,
        "baselineRuralF": 88,
        "deltaF": 40.9,
        "severity": "Critical",
        "surfaceType": "asphalt",
        "areaName": "Papago Freeway",
        "censusTract": "OSM Way #30024311 • 13 impervious ways/450m"
      }
    },
    {
      "type": "Feature",
      "geometry": {
        "type": "Point",
        "coordinates": [
          -112.03688,
          33.42827
        ]
      },
      "properties": {
        "id": "phoenix-osm-30024324",
        "temperatureF": 128.9,
        "temperatureC": 53.8,
        "baselineRuralF": 88,
        "deltaF": 40.9,
        "severity": "Critical",
        "surfaceType": "asphalt",
        "areaName": "Papago Freeway",
        "censusTract": "OSM Way #30024324 • 13 impervious ways/450m"
      }
    },
    {
      "type": "Feature",
      "geometry": {
        "type": "Point",
        "coordinates": [
          -112.03505,
          33.42746
        ]
      },
      "properties": {
        "id": "phoenix-osm-30024325",
        "temperatureF": 128.4,
        "temperatureC": 53.6,
        "baselineRuralF": 88,
        "deltaF": 40.4,
        "severity": "Critical",
        "surfaceType": "asphalt",
        "areaName": "Papago Freeway",
        "censusTract": "OSM Way #30024325 • 12 impervious ways/450m"
      }
    },
    {
      "type": "Feature",
      "geometry": {
        "type": "Point",
        "coordinates": [
          -112.0365,
          33.42778
        ]
      },
      "properties": {
        "id": "phoenix-osm-30024336",
        "temperatureF": 128.9,
        "temperatureC": 53.8,
        "baselineRuralF": 88,
        "deltaF": 40.9,
        "severity": "Critical",
        "surfaceType": "asphalt",
        "areaName": "Maricopa Freeway",
        "censusTract": "OSM Way #30024336 • 13 impervious ways/450m"
      }
    },
    {
      "type": "Feature",
      "geometry": {
        "type": "Point",
        "coordinates": [
          -112.04058,
          33.42754
        ]
      },
      "properties": {
        "id": "phoenix-osm-30024338",
        "temperatureF": 125.6,
        "temperatureC": 52,
        "baselineRuralF": 88,
        "deltaF": 37.6,
        "severity": "Critical",
        "surfaceType": "asphalt",
        "areaName": "Maricopa Freeway",
        "censusTract": "OSM Way #30024338 • 7 impervious ways/450m"
      }
    },
    {
      "type": "Feature",
      "geometry": {
        "type": "Point",
        "coordinates": [
          -112.03543,
          33.42683
        ]
      },
      "properties": {
        "id": "phoenix-osm-30024349",
        "temperatureF": 126.7,
        "temperatureC": 52.6,
        "baselineRuralF": 88,
        "deltaF": 38.7,
        "severity": "Critical",
        "surfaceType": "asphalt",
        "areaName": "Maricopa Freeway",
        "censusTract": "OSM Way #30024349 • 9 impervious ways/450m"
      }
    },
    {
      "type": "Feature",
      "geometry": {
        "type": "Point",
        "coordinates": [
          -112.03786,
          33.42703
        ]
      },
      "properties": {
        "id": "phoenix-osm-30024350",
        "temperatureF": 127.3,
        "temperatureC": 52.9,
        "baselineRuralF": 88,
        "deltaF": 39.3,
        "severity": "Critical",
        "surfaceType": "asphalt",
        "areaName": "Maricopa Freeway",
        "censusTract": "OSM Way #30024350 • 10 impervious ways/450m"
      }
    },
    {
      "type": "Feature",
      "geometry": {
        "type": "Point",
        "coordinates": [
          -112.03295,
          33.42747
        ]
      },
      "properties": {
        "id": "phoenix-osm-30024366",
        "temperatureF": 128.4,
        "temperatureC": 53.6,
        "baselineRuralF": 88,
        "deltaF": 40.4,
        "severity": "Critical",
        "surfaceType": "asphalt",
        "areaName": "Maricopa Freeway",
        "censusTract": "OSM Way #30024366 • 12 impervious ways/450m"
      }
    },
    {
      "type": "Feature",
      "geometry": {
        "type": "Point",
        "coordinates": [
          -112.03362,
          33.42756
        ]
      },
      "properties": {
        "id": "phoenix-osm-30024370",
        "temperatureF": 129.5,
        "temperatureC": 54.2,
        "baselineRuralF": 88,
        "deltaF": 41.5,
        "severity": "Critical",
        "surfaceType": "asphalt",
        "areaName": "Papago Freeway",
        "censusTract": "OSM Way #30024370 • 14 impervious ways/450m"
      }
    },
    {
      "type": "Feature",
      "geometry": {
        "type": "Point",
        "coordinates": [
          -112.03043,
          33.42651
        ]
      },
      "properties": {
        "id": "phoenix-osm-30024373",
        "temperatureF": 126.2,
        "temperatureC": 52.3,
        "baselineRuralF": 88,
        "deltaF": 38.2,
        "severity": "Critical",
        "surfaceType": "asphalt",
        "areaName": "Maricopa Freeway",
        "censusTract": "OSM Way #30024373 • 8 impervious ways/450m"
      }
    },
    {
      "type": "Feature",
      "geometry": {
        "type": "Point",
        "coordinates": [
          -112.02827,
          33.42595
        ]
      },
      "properties": {
        "id": "phoenix-osm-30024378",
        "temperatureF": 124.5,
        "temperatureC": 51.4,
        "baselineRuralF": 88,
        "deltaF": 36.5,
        "severity": "Critical",
        "surfaceType": "asphalt",
        "areaName": "Maricopa Freeway",
        "censusTract": "OSM Way #30024378 • 5 impervious ways/450m"
      }
    },
    {
      "type": "Feature",
      "geometry": {
        "type": "Point",
        "coordinates": [
          -112.0304,
          33.42678
        ]
      },
      "properties": {
        "id": "phoenix-osm-30024380",
        "temperatureF": 126.2,
        "temperatureC": 52.3,
        "baselineRuralF": 88,
        "deltaF": 38.2,
        "severity": "Critical",
        "surfaceType": "asphalt",
        "areaName": "Papago Freeway",
        "censusTract": "OSM Way #30024380 • 8 impervious ways/450m"
      }
    },
    {
      "type": "Feature",
      "geometry": {
        "type": "Point",
        "coordinates": [
          -112.03042,
          33.42698
        ]
      },
      "properties": {
        "id": "phoenix-osm-30024388",
        "temperatureF": 126.2,
        "temperatureC": 52.3,
        "baselineRuralF": 88,
        "deltaF": 38.2,
        "severity": "Critical",
        "surfaceType": "asphalt",
        "areaName": "Maricopa Freeway",
        "censusTract": "OSM Way #30024388 • 8 impervious ways/450m"
      }
    },
    {
      "type": "Feature",
      "geometry": {
        "type": "Point",
        "coordinates": [
          -112.02818,
          33.43758
        ]
      },
      "properties": {
        "id": "phoenix-osm-30168694",
        "temperatureF": 125.1,
        "temperatureC": 51.7,
        "baselineRuralF": 88,
        "deltaF": 37.1,
        "severity": "Critical",
        "surfaceType": "asphalt",
        "areaName": "East Sky Harbor Boulevard",
        "censusTract": "OSM Way #30168694 • 6 impervious ways/450m"
      }
    },
    {
      "type": "Feature",
      "geometry": {
        "type": "Point",
        "coordinates": [
          -112.028,
          33.43773
        ]
      },
      "properties": {
        "id": "phoenix-osm-30168700",
        "temperatureF": 125.1,
        "temperatureC": 51.7,
        "baselineRuralF": 88,
        "deltaF": 37.1,
        "severity": "Critical",
        "surfaceType": "asphalt",
        "areaName": "East Sky Harbor Boulevard",
        "censusTract": "OSM Way #30168700 • 6 impervious ways/450m"
      }
    },
    {
      "type": "Feature",
      "geometry": {
        "type": "Point",
        "coordinates": [
          -112.02355,
          33.43731
        ]
      },
      "properties": {
        "id": "phoenix-osm-30168709",
        "temperatureF": 122.9,
        "temperatureC": 50.5,
        "baselineRuralF": 88,
        "deltaF": 34.9,
        "severity": "Critical",
        "surfaceType": "asphalt",
        "areaName": "East Sky Harbor Boulevard",
        "censusTract": "OSM Way #30168709 • 2 impervious ways/450m"
      }
    },
    {
      "type": "Feature",
      "geometry": {
        "type": "Point",
        "coordinates": [
          -112.03252,
          33.43769
        ]
      },
      "properties": {
        "id": "phoenix-osm-30168711",
        "temperatureF": 126.7,
        "temperatureC": 52.6,
        "baselineRuralF": 88,
        "deltaF": 38.7,
        "severity": "Critical",
        "surfaceType": "asphalt",
        "areaName": "East Sky Harbor Boulevard",
        "censusTract": "OSM Way #30168711 • 9 impervious ways/450m"
      }
    },
    {
      "type": "Feature",
      "geometry": {
        "type": "Point",
        "coordinates": [
          -112.03218,
          33.43761
        ]
      },
      "properties": {
        "id": "phoenix-osm-30168712",
        "temperatureF": 126.7,
        "temperatureC": 52.6,
        "baselineRuralF": 88,
        "deltaF": 38.7,
        "severity": "Critical",
        "surfaceType": "asphalt",
        "areaName": "East Sky Harbor Boulevard",
        "censusTract": "OSM Way #30168712 • 9 impervious ways/450m"
      }
    },
    {
      "type": "Feature",
      "geometry": {
        "type": "Point",
        "coordinates": [
          -112.03021,
          33.43769
        ]
      },
      "properties": {
        "id": "phoenix-osm-30168713",
        "temperatureF": 125.6,
        "temperatureC": 52,
        "baselineRuralF": 88,
        "deltaF": 37.6,
        "severity": "Critical",
        "surfaceType": "asphalt",
        "areaName": "East Sky Harbor Boulevard",
        "censusTract": "OSM Way #30168713 • 7 impervious ways/450m"
      }
    },
    {
      "type": "Feature",
      "geometry": {
        "type": "Point",
        "coordinates": [
          -112.03021,
          33.43761
        ]
      },
      "properties": {
        "id": "phoenix-osm-30168714",
        "temperatureF": 125.6,
        "temperatureC": 52,
        "baselineRuralF": 88,
        "deltaF": 37.6,
        "severity": "Critical",
        "surfaceType": "asphalt",
        "areaName": "East Sky Harbor Boulevard",
        "censusTract": "OSM Way #30168714 • 7 impervious ways/450m"
      }
    },
    {
      "type": "Feature",
      "geometry": {
        "type": "Point",
        "coordinates": [
          -112.01389,
          33.43722
        ]
      },
      "properties": {
        "id": "phoenix-osm-30169925",
        "temperatureF": 121.8,
        "temperatureC": 49.9,
        "baselineRuralF": 88,
        "deltaF": 33.8,
        "severity": "Critical",
        "surfaceType": "asphalt",
        "areaName": "Terminal 2 Garage",
        "censusTract": "OSM Way #30169925 • 0 impervious ways/450m"
      }
    },
    {
      "type": "Feature",
      "geometry": {
        "type": "Point",
        "coordinates": [
          -112.12576,
          33.4623
        ]
      },
      "properties": {
        "id": "phoenix-osm-30321913",
        "temperatureF": 122.9,
        "temperatureC": 50.5,
        "baselineRuralF": 88,
        "deltaF": 34.9,
        "severity": "Critical",
        "surfaceType": "asphalt",
        "areaName": "Papago Freeway",
        "censusTract": "OSM Way #30321913 • 2 impervious ways/450m"
      }
    },
    {
      "type": "Feature",
      "geometry": {
        "type": "Point",
        "coordinates": [
          -112.1347,
          33.46223
        ]
      },
      "properties": {
        "id": "phoenix-osm-30321914",
        "temperatureF": 121.8,
        "temperatureC": 49.9,
        "baselineRuralF": 88,
        "deltaF": 33.8,
        "severity": "Critical",
        "surfaceType": "asphalt",
        "areaName": "Papago Freeway",
        "censusTract": "OSM Way #30321914 • 0 impervious ways/450m"
      }
    },
    {
      "type": "Feature",
      "geometry": {
        "type": "Point",
        "coordinates": [
          -112.09418,
          33.44813
        ]
      },
      "properties": {
        "id": "phoenix-osm-30694519",
        "temperatureF": 102.9,
        "temperatureC": 39.4,
        "baselineRuralF": 88,
        "deltaF": 14.9,
        "severity": "Moderate",
        "surfaceType": "canopy",
        "areaName": "Wesley Bolin Plaza",
        "censusTract": "OSM Way #30694519 • 16 impervious ways/450m"
      }
    },
    {
      "type": "Feature",
      "geometry": {
        "type": "Point",
        "coordinates": [
          -112.09187,
          33.44854
        ]
      },
      "properties": {
        "id": "phoenix-osm-30694636",
        "temperatureF": 125.3,
        "temperatureC": 51.8,
        "baselineRuralF": 88,
        "deltaF": 37.3,
        "severity": "Critical",
        "surfaceType": "commercial_roof",
        "areaName": "Arizona Mining and Mineral Museum",
        "censusTract": "OSM Way #30694636 • 11 impervious ways/450m"
      }
    },
    {
      "type": "Feature",
      "geometry": {
        "type": "Point",
        "coordinates": [
          -112.09285,
          33.44957
        ]
      },
      "properties": {
        "id": "phoenix-osm-30694862",
        "temperatureF": 129.3,
        "temperatureC": 54.1,
        "baselineRuralF": 88,
        "deltaF": 41.3,
        "severity": "Critical",
        "surfaceType": "asphalt",
        "areaName": "Arizona State — Surface Asphalt Parking Expanse",
        "censusTract": "OSM Way #30694862 • 15 impervious ways/450m"
      }
    },
    {
      "type": "Feature",
      "geometry": {
        "type": "Point",
        "coordinates": [
          -112.08652,
          33.44877
        ]
      },
      "properties": {
        "id": "phoenix-osm-30704369",
        "temperatureF": 124.9,
        "temperatureC": 51.6,
        "baselineRuralF": 88,
        "deltaF": 36.9,
        "severity": "Critical",
        "surfaceType": "asphalt",
        "areaName": "State of Arizona parking structure",
        "censusTract": "OSM Way #30704369 • 7 impervious ways/450m"
      }
    },
    {
      "type": "Feature",
      "geometry": {
        "type": "Point",
        "coordinates": [
          -112.09253,
          33.44629
        ]
      },
      "properties": {
        "id": "phoenix-osm-30704400",
        "temperatureF": 123.8,
        "temperatureC": 51,
        "baselineRuralF": 88,
        "deltaF": 35.8,
        "severity": "Critical",
        "surfaceType": "asphalt",
        "areaName": "State of Arizona parking structure",
        "censusTract": "OSM Way #30704400 • 5 impervious ways/450m"
      }
    },
    {
      "type": "Feature",
      "geometry": {
        "type": "Point",
        "coordinates": [
          -112.09773,
          33.45025
        ]
      },
      "properties": {
        "id": "phoenix-osm-30704434",
        "temperatureF": 132.5,
        "temperatureC": 55.8,
        "baselineRuralF": 88,
        "deltaF": 44.5,
        "severity": "Critical",
        "surfaceType": "asphalt",
        "areaName": "State of Arizona parking structure",
        "censusTract": "OSM Way #30704434 • 28 impervious ways/450m"
      }
    },
    {
      "type": "Feature",
      "geometry": {
        "type": "Point",
        "coordinates": [
          -112.10099,
          33.44645
        ]
      },
      "properties": {
        "id": "phoenix-osm-30720080",
        "temperatureF": 124.4,
        "temperatureC": 51.3,
        "baselineRuralF": 88,
        "deltaF": 36.4,
        "severity": "Critical",
        "surfaceType": "commercial_roof",
        "areaName": "420 South 19th Avenue (Commercial Retail Complex)",
        "censusTract": "OSM Way #30720080 • 8 impervious ways/450m"
      }
    },
    {
      "type": "Feature",
      "geometry": {
        "type": "Point",
        "coordinates": [
          -112.08533,
          33.44886
        ]
      },
      "properties": {
        "id": "phoenix-osm-30720488",
        "temperatureF": 124.9,
        "temperatureC": 51.6,
        "baselineRuralF": 88,
        "deltaF": 36.9,
        "severity": "Critical",
        "surfaceType": "asphalt",
        "areaName": "State of Arizona parking structure",
        "censusTract": "OSM Way #30720488 • 7 impervious ways/450m"
      }
    },
    {
      "type": "Feature",
      "geometry": {
        "type": "Point",
        "coordinates": [
          -112.08702,
          33.44765
        ]
      },
      "properties": {
        "id": "phoenix-osm-30720669",
        "temperatureF": 97.4,
        "temperatureC": 36.3,
        "baselineRuralF": 88,
        "deltaF": 9.4,
        "severity": "Moderate",
        "surfaceType": "canopy",
        "areaName": "Library Park",
        "censusTract": "OSM Way #30720669 • 6 impervious ways/450m"
      }
    },
    {
      "type": "Feature",
      "geometry": {
        "type": "Point",
        "coordinates": [
          -112.07088,
          33.45182
        ]
      },
      "properties": {
        "id": "phoenix-osm-30721760",
        "temperatureF": 128.6,
        "temperatureC": 53.7,
        "baselineRuralF": 88,
        "deltaF": 40.6,
        "severity": "Critical",
        "surfaceType": "commercial_roof",
        "areaName": "Republic Media",
        "censusTract": "OSM Way #30721760 • 17 impervious ways/450m"
      }
    },
    {
      "type": "Feature",
      "geometry": {
        "type": "Point",
        "coordinates": [
          -112.08471,
          33.46135
        ]
      },
      "properties": {
        "id": "phoenix-osm-32736576",
        "temperatureF": 122.9,
        "temperatureC": 50.5,
        "baselineRuralF": 88,
        "deltaF": 34.9,
        "severity": "Critical",
        "surfaceType": "asphalt",
        "areaName": "Papago Freeway",
        "censusTract": "OSM Way #32736576 • 2 impervious ways/450m"
      }
    },
    {
      "type": "Feature",
      "geometry": {
        "type": "Point",
        "coordinates": [
          -112.10661,
          33.46162
        ]
      },
      "properties": {
        "id": "phoenix-osm-32736577",
        "temperatureF": 123.4,
        "temperatureC": 50.8,
        "baselineRuralF": 88,
        "deltaF": 35.4,
        "severity": "Critical",
        "surfaceType": "asphalt",
        "areaName": "Papago Freeway",
        "censusTract": "OSM Way #32736577 • 3 impervious ways/450m"
      }
    },
    {
      "type": "Feature",
      "geometry": {
        "type": "Point",
        "coordinates": [
          -112.12021,
          33.46175
        ]
      },
      "properties": {
        "id": "phoenix-osm-32736578",
        "temperatureF": 125.1,
        "temperatureC": 51.7,
        "baselineRuralF": 88,
        "deltaF": 37.1,
        "severity": "Critical",
        "surfaceType": "asphalt",
        "areaName": "Papago Freeway",
        "censusTract": "OSM Way #32736578 • 6 impervious ways/450m"
      }
    },
    {
      "type": "Feature",
      "geometry": {
        "type": "Point",
        "coordinates": [
          -112.11808,
          33.4621
        ]
      },
      "properties": {
        "id": "phoenix-osm-32736579",
        "temperatureF": 125.6,
        "temperatureC": 52,
        "baselineRuralF": 88,
        "deltaF": 37.6,
        "severity": "Critical",
        "surfaceType": "asphalt",
        "areaName": "Papago Freeway",
        "censusTract": "OSM Way #32736579 • 7 impervious ways/450m"
      }
    },
    {
      "type": "Feature",
      "geometry": {
        "type": "Point",
        "coordinates": [
          -112.11624,
          33.4617
        ]
      },
      "properties": {
        "id": "phoenix-osm-32736583",
        "temperatureF": 125.6,
        "temperatureC": 52,
        "baselineRuralF": 88,
        "deltaF": 37.6,
        "severity": "Critical",
        "surfaceType": "asphalt",
        "areaName": "Papago Freeway",
        "censusTract": "OSM Way #32736583 • 7 impervious ways/450m"
      }
    },
    {
      "type": "Feature",
      "geometry": {
        "type": "Point",
        "coordinates": [
          -112.11727,
          33.46171
        ]
      },
      "properties": {
        "id": "phoenix-osm-32736584",
        "temperatureF": 125.6,
        "temperatureC": 52,
        "baselineRuralF": 88,
        "deltaF": 37.6,
        "severity": "Critical",
        "surfaceType": "asphalt",
        "areaName": "Papago Freeway",
        "censusTract": "OSM Way #32736584 • 7 impervious ways/450m"
      }
    },
    {
      "type": "Feature",
      "geometry": {
        "type": "Point",
        "coordinates": [
          -112.11569,
          33.46206
        ]
      },
      "properties": {
        "id": "phoenix-osm-32736585",
        "temperatureF": 125.1,
        "temperatureC": 51.7,
        "baselineRuralF": 88,
        "deltaF": 37.1,
        "severity": "Critical",
        "surfaceType": "asphalt",
        "areaName": "Papago Freeway",
        "censusTract": "OSM Way #32736585 • 6 impervious ways/450m"
      }
    },
    {
      "type": "Feature",
      "geometry": {
        "type": "Point",
        "coordinates": [
          -112.11726,
          33.46209
        ]
      },
      "properties": {
        "id": "phoenix-osm-32736586",
        "temperatureF": 125.6,
        "temperatureC": 52,
        "baselineRuralF": 88,
        "deltaF": 37.6,
        "severity": "Critical",
        "surfaceType": "asphalt",
        "areaName": "Papago Freeway",
        "censusTract": "OSM Way #32736586 • 7 impervious ways/450m"
      }
    },
    {
      "type": "Feature",
      "geometry": {
        "type": "Point",
        "coordinates": [
          -112.11264,
          33.47317
        ]
      },
      "properties": {
        "id": "phoenix-osm-32736595",
        "temperatureF": 122.9,
        "temperatureC": 50.5,
        "baselineRuralF": 88,
        "deltaF": 34.9,
        "severity": "Critical",
        "surfaceType": "asphalt",
        "areaName": "Black Canyon Freeway",
        "censusTract": "OSM Way #32736595 • 2 impervious ways/450m"
      }
    },
    {
      "type": "Feature",
      "geometry": {
        "type": "Point",
        "coordinates": [
          -112.1127,
          33.47259
        ]
      },
      "properties": {
        "id": "phoenix-osm-32736598",
        "temperatureF": 122.9,
        "temperatureC": 50.5,
        "baselineRuralF": 88,
        "deltaF": 34.9,
        "severity": "Critical",
        "surfaceType": "asphalt",
        "areaName": "Black Canyon Freeway",
        "censusTract": "OSM Way #32736598 • 2 impervious ways/450m"
      }
    },
    {
      "type": "Feature",
      "geometry": {
        "type": "Point",
        "coordinates": [
          -112.10313,
          33.4296
        ]
      },
      "properties": {
        "id": "phoenix-osm-32736599",
        "temperatureF": 122.9,
        "temperatureC": 50.5,
        "baselineRuralF": 88,
        "deltaF": 34.9,
        "severity": "Critical",
        "surfaceType": "asphalt",
        "areaName": "Black Canyon Freeway",
        "censusTract": "OSM Way #32736599 • 2 impervious ways/450m"
      }
    },
    {
      "type": "Feature",
      "geometry": {
        "type": "Point",
        "coordinates": [
          -112.09263,
          33.46192
        ]
      },
      "properties": {
        "id": "phoenix-osm-32766104",
        "temperatureF": 124.5,
        "temperatureC": 51.4,
        "baselineRuralF": 88,
        "deltaF": 36.5,
        "severity": "Critical",
        "surfaceType": "asphalt",
        "areaName": "Papago Freeway",
        "censusTract": "OSM Way #32766104 • 5 impervious ways/450m"
      }
    },
    {
      "type": "Feature",
      "geometry": {
        "type": "Point",
        "coordinates": [
          -112.0906,
          33.46146
        ]
      },
      "properties": {
        "id": "phoenix-osm-32766107",
        "temperatureF": 124,
        "temperatureC": 51.1,
        "baselineRuralF": 88,
        "deltaF": 36,
        "severity": "Critical",
        "surfaceType": "asphalt",
        "areaName": "Papago Freeway",
        "censusTract": "OSM Way #32766107 • 4 impervious ways/450m"
      }
    },
    {
      "type": "Feature",
      "geometry": {
        "type": "Point",
        "coordinates": [
          -112.07501,
          33.47142
        ]
      },
      "properties": {
        "id": "phoenix-osm-35392179",
        "temperatureF": 122.2,
        "temperatureC": 50.1,
        "baselineRuralF": 88,
        "deltaF": 34.2,
        "severity": "Critical",
        "surfaceType": "commercial_roof",
        "areaName": "Commercial Retail Complex (OSM #2179)",
        "censusTract": "OSM Way #35392179 • 4 impervious ways/450m"
      }
    },
    {
      "type": "Feature",
      "geometry": {
        "type": "Point",
        "coordinates": [
          -112.09234,
          33.4653
        ]
      },
      "properties": {
        "id": "phoenix-osm-35394493",
        "temperatureF": 120.5,
        "temperatureC": 49.2,
        "baselineRuralF": 88,
        "deltaF": 32.5,
        "severity": "Critical",
        "surfaceType": "commercial_roof",
        "areaName": "Commercial Retail Complex (OSM #4493)",
        "censusTract": "OSM Way #35394493 • 1 impervious ways/450m"
      }
    },
    {
      "type": "Feature",
      "geometry": {
        "type": "Point",
        "coordinates": [
          -112.09078,
          33.45895
        ]
      },
      "properties": {
        "id": "phoenix-osm-35394541",
        "temperatureF": 123.3,
        "temperatureC": 50.7,
        "baselineRuralF": 88,
        "deltaF": 35.3,
        "severity": "Critical",
        "surfaceType": "commercial_roof",
        "areaName": "Commercial Retail Complex (OSM #4541)",
        "censusTract": "OSM Way #35394541 • 6 impervious ways/450m"
      }
    },
    {
      "type": "Feature",
      "geometry": {
        "type": "Point",
        "coordinates": [
          -112.07456,
          33.4644
        ]
      },
      "properties": {
        "id": "phoenix-osm-35394585",
        "temperatureF": 126,
        "temperatureC": 52.2,
        "baselineRuralF": 88,
        "deltaF": 38,
        "severity": "Critical",
        "surfaceType": "commercial_roof",
        "areaName": "Commercial Retail Complex (OSM #4585)",
        "censusTract": "OSM Way #35394585 • 11 impervious ways/450m"
      }
    },
    {
      "type": "Feature",
      "geometry": {
        "type": "Point",
        "coordinates": [
          -112.08218,
          33.45897
        ]
      },
      "properties": {
        "id": "phoenix-osm-35394601",
        "temperatureF": 122.7,
        "temperatureC": 50.4,
        "baselineRuralF": 88,
        "deltaF": 34.7,
        "severity": "Critical",
        "surfaceType": "commercial_roof",
        "areaName": "Commercial Retail Complex (OSM #4601)",
        "censusTract": "OSM Way #35394601 • 5 impervious ways/450m"
      }
    },
    {
      "type": "Feature",
      "geometry": {
        "type": "Point",
        "coordinates": [
          -112.07747,
          33.45898
        ]
      },
      "properties": {
        "id": "phoenix-osm-35394603",
        "temperatureF": 124.7,
        "temperatureC": 51.5,
        "baselineRuralF": 88,
        "deltaF": 36.7,
        "severity": "Critical",
        "surfaceType": "commercial_roof",
        "areaName": "Commercial Retail Complex (OSM #4603)",
        "censusTract": "OSM Way #35394603 • 10 impervious ways/450m"
      }
    },
    {
      "type": "Feature",
      "geometry": {
        "type": "Point",
        "coordinates": [
          -112.0089,
          33.41883
        ]
      },
      "properties": {
        "id": "phoenix-osm-35883628",
        "temperatureF": 120,
        "temperatureC": 48.9,
        "baselineRuralF": 88,
        "deltaF": 32,
        "severity": "Critical",
        "surfaceType": "commercial_roof",
        "areaName": "Commercial Retail Complex (OSM #3628)",
        "censusTract": "OSM Way #35883628 • 0 impervious ways/450m"
      }
    },
    {
      "type": "Feature",
      "geometry": {
        "type": "Point",
        "coordinates": [
          -112.07448,
          33.44534
        ]
      },
      "properties": {
        "id": "phoenix-osm-37057852",
        "temperatureF": 130.7,
        "temperatureC": 54.8,
        "baselineRuralF": 88,
        "deltaF": 42.7,
        "severity": "Critical",
        "surfaceType": "commercial_roof",
        "areaName": "20 West Jackson Street (Commercial Retail Complex)",
        "censusTract": "OSM Way #37057852 • 32 impervious ways/450m"
      }
    },
    {
      "type": "Feature",
      "geometry": {
        "type": "Point",
        "coordinates": [
          -112.07319,
          33.44475
        ]
      },
      "properties": {
        "id": "phoenix-osm-37057862",
        "temperatureF": 130.7,
        "temperatureC": 54.8,
        "baselineRuralF": 88,
        "deltaF": 42.7,
        "severity": "Critical",
        "surfaceType": "commercial_roof",
        "areaName": "39 East Jackson Street (Commercial Retail Complex)",
        "censusTract": "OSM Way #37057862 • 30 impervious ways/450m"
      }
    },
    {
      "type": "Feature",
      "geometry": {
        "type": "Point",
        "coordinates": [
          -112.07864,
          33.45169
        ]
      },
      "properties": {
        "id": "phoenix-osm-37057864",
        "temperatureF": 127.5,
        "temperatureC": 53.1,
        "baselineRuralF": 88,
        "deltaF": 39.5,
        "severity": "Critical",
        "surfaceType": "commercial_roof",
        "areaName": "AAMCO Transmissions & Total Car Care",
        "censusTract": "OSM Way #37057864 • 15 impervious ways/450m"
      }
    },
    {
      "type": "Feature",
      "geometry": {
        "type": "Point",
        "coordinates": [
          -112.07292,
          33.44534
        ]
      },
      "properties": {
        "id": "phoenix-osm-37057865",
        "temperatureF": 130.7,
        "temperatureC": 54.8,
        "baselineRuralF": 88,
        "deltaF": 42.7,
        "severity": "Critical",
        "surfaceType": "commercial_roof",
        "areaName": "246 South 1st Street (Commercial Retail Complex)",
        "censusTract": "OSM Way #37057865 • 30 impervious ways/450m"
      }
    },
    {
      "type": "Feature",
      "geometry": {
        "type": "Point",
        "coordinates": [
          -112.07342,
          33.44534
        ]
      },
      "properties": {
        "id": "phoenix-osm-37057869",
        "temperatureF": 130.7,
        "temperatureC": 54.8,
        "baselineRuralF": 88,
        "deltaF": 42.7,
        "severity": "Critical",
        "surfaceType": "commercial_roof",
        "areaName": "22 East Jackson Street (Commercial Retail Complex)",
        "censusTract": "OSM Way #37057869 • 32 impervious ways/450m"
      }
    },
    {
      "type": "Feature",
      "geometry": {
        "type": "Point",
        "coordinates": [
          -112.07611,
          33.44474
        ]
      },
      "properties": {
        "id": "phoenix-osm-37057873",
        "temperatureF": 130.7,
        "temperatureC": 54.8,
        "baselineRuralF": 88,
        "deltaF": 42.7,
        "severity": "Critical",
        "surfaceType": "commercial_roof",
        "areaName": "Commercial Retail Complex (OSM #7873)",
        "censusTract": "OSM Way #37057873 • 29 impervious ways/450m"
      }
    },
    {
      "type": "Feature",
      "geometry": {
        "type": "Point",
        "coordinates": [
          -112.07553,
          33.44473
        ]
      },
      "properties": {
        "id": "phoenix-osm-37057876",
        "temperatureF": 130.7,
        "temperatureC": 54.8,
        "baselineRuralF": 88,
        "deltaF": 42.7,
        "severity": "Critical",
        "surfaceType": "commercial_roof",
        "areaName": "Commercial Retail Complex (OSM #7876)",
        "censusTract": "OSM Way #37057876 • 28 impervious ways/450m"
      }
    },
    {
      "type": "Feature",
      "geometry": {
        "type": "Point",
        "coordinates": [
          -112.07549,
          33.44442
        ]
      },
      "properties": {
        "id": "phoenix-osm-37057878",
        "temperatureF": 130,
        "temperatureC": 54.4,
        "baselineRuralF": 88,
        "deltaF": 42,
        "severity": "Critical",
        "surfaceType": "commercial_roof",
        "areaName": "Commercial Retail Complex (OSM #7878)",
        "censusTract": "OSM Way #37057878 • 28 impervious ways/450m"
      }
    },
    {
      "type": "Feature",
      "geometry": {
        "type": "Point",
        "coordinates": [
          -112.08132,
          33.44455
        ]
      },
      "properties": {
        "id": "phoenix-osm-37057882",
        "temperatureF": 127.3,
        "temperatureC": 52.9,
        "baselineRuralF": 88,
        "deltaF": 39.3,
        "severity": "Critical",
        "surfaceType": "asphalt",
        "areaName": "Jackson Street Garage",
        "censusTract": "OSM Way #37057882 • 10 impervious ways/450m"
      }
    },
    {
      "type": "Feature",
      "geometry": {
        "type": "Point",
        "coordinates": [
          -112.07748,
          33.4443
        ]
      },
      "properties": {
        "id": "phoenix-osm-37057887",
        "temperatureF": 130.7,
        "temperatureC": 54.8,
        "baselineRuralF": 88,
        "deltaF": 42.7,
        "severity": "Critical",
        "surfaceType": "commercial_roof",
        "areaName": "407 South 3rd Avenue (Commercial Retail Complex)",
        "censusTract": "OSM Way #37057887 • 25 impervious ways/450m"
      }
    },
    {
      "type": "Feature",
      "geometry": {
        "type": "Point",
        "coordinates": [
          -112.07471,
          33.45107
        ]
      },
      "properties": {
        "id": "phoenix-osm-37057888",
        "temperatureF": 131.3,
        "temperatureC": 55.2,
        "baselineRuralF": 88,
        "deltaF": 43.3,
        "severity": "Critical",
        "surfaceType": "asphalt",
        "areaName": "21 Van Buren Parking",
        "censusTract": "OSM Way #37057888 • 20 impervious ways/450m"
      }
    },
    {
      "type": "Feature",
      "geometry": {
        "type": "Point",
        "coordinates": [
          -112.07061,
          33.45313
        ]
      },
      "properties": {
        "id": "phoenix-osm-37057891",
        "temperatureF": 129.3,
        "temperatureC": 54.1,
        "baselineRuralF": 88,
        "deltaF": 41.3,
        "severity": "Critical",
        "surfaceType": "asphalt",
        "areaName": "Taylor Street Structure",
        "censusTract": "OSM Way #37057891 • 15 impervious ways/450m"
      }
    },
    {
      "type": "Feature",
      "geometry": {
        "type": "Point",
        "coordinates": [
          -112.06457,
          33.4504
        ]
      },
      "properties": {
        "id": "phoenix-osm-37057894",
        "temperatureF": 129.7,
        "temperatureC": 54.3,
        "baselineRuralF": 88,
        "deltaF": 41.7,
        "severity": "Critical",
        "surfaceType": "commercial_roof",
        "areaName": "215 East Van Buren Street (Commercial Retail Complex)",
        "censusTract": "OSM Way #37057894 • 19 impervious ways/450m"
      }
    },
    {
      "type": "Feature",
      "geometry": {
        "type": "Point",
        "coordinates": [
          -112.07564,
          33.45515
        ]
      },
      "properties": {
        "id": "phoenix-osm-37057897",
        "temperatureF": 126.7,
        "temperatureC": 52.6,
        "baselineRuralF": 88,
        "deltaF": 38.7,
        "severity": "Critical",
        "surfaceType": "commercial_roof",
        "areaName": "Circle K",
        "censusTract": "OSM Way #37057897 • 15 impervious ways/450m"
      }
    },
    {
      "type": "Feature",
      "geometry": {
        "type": "Point",
        "coordinates": [
          -112.07604,
          33.45202
        ]
      },
      "properties": {
        "id": "phoenix-osm-37057906",
        "temperatureF": 131.5,
        "temperatureC": 55.3,
        "baselineRuralF": 88,
        "deltaF": 43.5,
        "severity": "Critical",
        "surfaceType": "asphalt",
        "areaName": "Surface Asphalt Parking Expanse (OSM #7906)",
        "censusTract": "OSM Way #37057906 • 19 impervious ways/450m"
      }
    },
    {
      "type": "Feature",
      "geometry": {
        "type": "Point",
        "coordinates": [
          -112.0746,
          33.44639
        ]
      },
      "properties": {
        "id": "phoenix-osm-37057915",
        "temperatureF": 132.5,
        "temperatureC": 55.8,
        "baselineRuralF": 88,
        "deltaF": 44.5,
        "severity": "Critical",
        "surfaceType": "asphalt",
        "areaName": "Surface Asphalt Parking Expanse (OSM #7915)",
        "censusTract": "OSM Way #37057915 • 32 impervious ways/450m"
      }
    },
    {
      "type": "Feature",
      "geometry": {
        "type": "Point",
        "coordinates": [
          -112.07361,
          33.44683
        ]
      },
      "properties": {
        "id": "phoenix-osm-37057918",
        "temperatureF": 130.7,
        "temperatureC": 54.8,
        "baselineRuralF": 88,
        "deltaF": 42.7,
        "severity": "Critical",
        "surfaceType": "commercial_roof",
        "areaName": "Luhrs Building",
        "censusTract": "OSM Way #37057918 • 23 impervious ways/450m"
      }
    },
    {
      "type": "Feature",
      "geometry": {
        "type": "Point",
        "coordinates": [
          -112.07685,
          33.45161
        ]
      },
      "properties": {
        "id": "phoenix-osm-37057919",
        "temperatureF": 129.7,
        "temperatureC": 54.3,
        "baselineRuralF": 88,
        "deltaF": 41.7,
        "severity": "Critical",
        "surfaceType": "commercial_roof",
        "areaName": "Sun Devil Auto",
        "censusTract": "OSM Way #37057919 • 19 impervious ways/450m"
      }
    },
    {
      "type": "Feature",
      "geometry": {
        "type": "Point",
        "coordinates": [
          -112.06938,
          33.44565
        ]
      },
      "properties": {
        "id": "phoenix-osm-37057920",
        "temperatureF": 129.8,
        "temperatureC": 54.3,
        "baselineRuralF": 88,
        "deltaF": 41.8,
        "severity": "Critical",
        "surfaceType": "asphalt",
        "areaName": "Jackson Street Garage",
        "censusTract": "OSM Way #37057920 • 20 impervious ways/450m"
      }
    },
    {
      "type": "Feature",
      "geometry": {
        "type": "Point",
        "coordinates": [
          -112.0663,
          33.44745
        ]
      },
      "properties": {
        "id": "phoenix-osm-37057923",
        "temperatureF": 130.3,
        "temperatureC": 54.6,
        "baselineRuralF": 88,
        "deltaF": 42.3,
        "severity": "Critical",
        "surfaceType": "asphalt",
        "areaName": "601 East Washington Street (Surface Asphalt Parking Expanse)",
        "censusTract": "OSM Way #37057923 • 21 impervious ways/450m"
      }
    },
    {
      "type": "Feature",
      "geometry": {
        "type": "Point",
        "coordinates": [
          -112.06688,
          33.44997
        ]
      },
      "properties": {
        "id": "phoenix-osm-37057931",
        "temperatureF": 129.2,
        "temperatureC": 54,
        "baselineRuralF": 88,
        "deltaF": 41.2,
        "severity": "Critical",
        "surfaceType": "asphalt",
        "areaName": "Heritage Park Garage",
        "censusTract": "OSM Way #37057931 • 19 impervious ways/450m"
      }
    },
    {
      "type": "Feature",
      "geometry": {
        "type": "Point",
        "coordinates": [
          -112.07319,
          33.45087
        ]
      },
      "properties": {
        "id": "phoenix-osm-37057933",
        "temperatureF": 128.9,
        "temperatureC": 53.8,
        "baselineRuralF": 88,
        "deltaF": 40.9,
        "severity": "Critical",
        "surfaceType": "commercial_roof",
        "areaName": "Chase Tower",
        "censusTract": "OSM Way #37057933 • 19 impervious ways/450m"
      }
    },
    {
      "type": "Feature",
      "geometry": {
        "type": "Point",
        "coordinates": [
          -112.07956,
          33.44658
        ]
      },
      "properties": {
        "id": "phoenix-osm-37057937",
        "temperatureF": 130,
        "temperatureC": 54.4,
        "baselineRuralF": 88,
        "deltaF": 42,
        "severity": "Critical",
        "surfaceType": "asphalt",
        "areaName": "Maricopa County Facilities Management",
        "censusTract": "OSM Way #37057937 • 15 impervious ways/450m"
      }
    },
    {
      "type": "Feature",
      "geometry": {
        "type": "Point",
        "coordinates": [
          -112.07192,
          33.45088
        ]
      },
      "properties": {
        "id": "phoenix-osm-37057947",
        "temperatureF": 130.7,
        "temperatureC": 54.8,
        "baselineRuralF": 88,
        "deltaF": 42.7,
        "severity": "Critical",
        "surfaceType": "asphalt",
        "areaName": "Chase Tower Parking",
        "censusTract": "OSM Way #37057947 • 19 impervious ways/450m"
      }
    },
    {
      "type": "Feature",
      "geometry": {
        "type": "Point",
        "coordinates": [
          -112.0719,
          33.44902
        ]
      },
      "properties": {
        "id": "phoenix-osm-37057949",
        "temperatureF": 131.5,
        "temperatureC": 55.3,
        "baselineRuralF": 88,
        "deltaF": 43.5,
        "severity": "Critical",
        "surfaceType": "asphalt",
        "areaName": "Regency Garage",
        "censusTract": "OSM Way #37057949 • 19 impervious ways/450m"
      }
    },
    {
      "type": "Feature",
      "geometry": {
        "type": "Point",
        "coordinates": [
          -112.07218,
          33.45433
        ]
      },
      "properties": {
        "id": "phoenix-osm-37057953",
        "temperatureF": 129.7,
        "temperatureC": 54.3,
        "baselineRuralF": 88,
        "deltaF": 41.7,
        "severity": "Critical",
        "surfaceType": "commercial_roof",
        "areaName": "525 North 1st Street (Commercial Retail Complex)",
        "censusTract": "OSM Way #37057953 • 19 impervious ways/450m"
      }
    },
    {
      "type": "Feature",
      "geometry": {
        "type": "Point",
        "coordinates": [
          -112.07295,
          33.45295
        ]
      },
      "properties": {
        "id": "phoenix-osm-37057956",
        "temperatureF": 132.5,
        "temperatureC": 55.8,
        "baselineRuralF": 88,
        "deltaF": 44.5,
        "severity": "Critical",
        "surfaceType": "asphalt",
        "areaName": "University Center Parking Garage",
        "censusTract": "OSM Way #37057956 • 22 impervious ways/450m"
      }
    },
    {
      "type": "Feature",
      "geometry": {
        "type": "Point",
        "coordinates": [
          -112.0704,
          33.44475
        ]
      },
      "properties": {
        "id": "phoenix-osm-37057963",
        "temperatureF": 128,
        "temperatureC": 53.3,
        "baselineRuralF": 88,
        "deltaF": 40,
        "severity": "Critical",
        "surfaceType": "commercial_roof",
        "areaName": "245 East Jackson Street (Commercial Retail Complex)",
        "censusTract": "OSM Way #37057963 • 20 impervious ways/450m"
      }
    },
    {
      "type": "Feature",
      "geometry": {
        "type": "Point",
        "coordinates": [
          -112.08085,
          33.45111
        ]
      },
      "properties": {
        "id": "phoenix-osm-37057989",
        "temperatureF": 131,
        "temperatureC": 55,
        "baselineRuralF": 88,
        "deltaF": 43,
        "severity": "Critical",
        "surfaceType": "commercial_roof",
        "areaName": "Commercial Retail Complex (OSM #7989)",
        "censusTract": "OSM Way #37057989 • 20 impervious ways/450m"
      }
    },
    {
      "type": "Feature",
      "geometry": {
        "type": "Point",
        "coordinates": [
          -112.08213,
          33.45118
        ]
      },
      "properties": {
        "id": "phoenix-osm-37057993",
        "temperatureF": 129.3,
        "temperatureC": 54.1,
        "baselineRuralF": 88,
        "deltaF": 41.3,
        "severity": "Critical",
        "surfaceType": "commercial_roof",
        "areaName": "McDonald's",
        "censusTract": "OSM Way #37057993 • 17 impervious ways/450m"
      }
    },
    {
      "type": "Feature",
      "geometry": {
        "type": "Point",
        "coordinates": [
          -112.07894,
          33.44965
        ]
      },
      "properties": {
        "id": "phoenix-osm-37058004",
        "temperatureF": 131.7,
        "temperatureC": 55.4,
        "baselineRuralF": 88,
        "deltaF": 43.7,
        "severity": "Critical",
        "surfaceType": "asphalt",
        "areaName": "Surface Asphalt Parking Expanse (OSM #8004)",
        "censusTract": "OSM Way #37058004 • 18 impervious ways/450m"
      }
    },
    {
      "type": "Feature",
      "geometry": {
        "type": "Point",
        "coordinates": [
          -112.08079,
          33.44657
        ]
      },
      "properties": {
        "id": "phoenix-osm-37058125",
        "temperatureF": 126.7,
        "temperatureC": 52.6,
        "baselineRuralF": 88,
        "deltaF": 38.7,
        "severity": "Critical",
        "surfaceType": "asphalt",
        "areaName": "Surface Asphalt Parking Expanse (OSM #8125)",
        "censusTract": "OSM Way #37058125 • 9 impervious ways/450m"
      }
    },
    {
      "type": "Feature",
      "geometry": {
        "type": "Point",
        "coordinates": [
          -112.1129,
          33.4947
        ]
      },
      "properties": {
        "id": "phoenix-osm-37438925",
        "temperatureF": 121.8,
        "temperatureC": 49.9,
        "baselineRuralF": 88,
        "deltaF": 33.8,
        "severity": "Critical",
        "surfaceType": "asphalt",
        "areaName": "Black Canyon Freeway",
        "censusTract": "OSM Way #37438925 • 0 impervious ways/450m"
      }
    },
    {
      "type": "Feature",
      "geometry": {
        "type": "Point",
        "coordinates": [
          -112.0999,
          33.42878
        ]
      },
      "properties": {
        "id": "phoenix-osm-37439078",
        "temperatureF": 123.4,
        "temperatureC": 50.8,
        "baselineRuralF": 88,
        "deltaF": 35.4,
        "severity": "Critical",
        "surfaceType": "asphalt",
        "areaName": "Black Canyon Freeway",
        "censusTract": "OSM Way #37439078 • 3 impervious ways/450m"
      }
    },
    {
      "type": "Feature",
      "geometry": {
        "type": "Point",
        "coordinates": [
          -112.09281,
          33.42953
        ]
      },
      "properties": {
        "id": "phoenix-osm-37439168",
        "temperatureF": 124.5,
        "temperatureC": 51.4,
        "baselineRuralF": 88,
        "deltaF": 36.5,
        "severity": "Critical",
        "surfaceType": "asphalt",
        "areaName": "Maricopa Freeway",
        "censusTract": "OSM Way #37439168 • 5 impervious ways/450m"
      }
    },
    {
      "type": "Feature",
      "geometry": {
        "type": "Point",
        "coordinates": [
          -112.09119,
          33.42967
        ]
      },
      "properties": {
        "id": "phoenix-osm-37439169",
        "temperatureF": 125.1,
        "temperatureC": 51.7,
        "baselineRuralF": 88,
        "deltaF": 37.1,
        "severity": "Critical",
        "surfaceType": "asphalt",
        "areaName": "Maricopa Freeway",
        "censusTract": "OSM Way #37439169 • 6 impervious ways/450m"
      }
    },
    {
      "type": "Feature",
      "geometry": {
        "type": "Point",
        "coordinates": [
          -112.09119,
          33.42953
        ]
      },
      "properties": {
        "id": "phoenix-osm-37439170",
        "temperatureF": 125.1,
        "temperatureC": 51.7,
        "baselineRuralF": 88,
        "deltaF": 37.1,
        "severity": "Critical",
        "surfaceType": "asphalt",
        "areaName": "Maricopa Freeway",
        "censusTract": "OSM Way #37439170 • 6 impervious ways/450m"
      }
    },
    {
      "type": "Feature",
      "geometry": {
        "type": "Point",
        "coordinates": [
          -112.089,
          33.4296
        ]
      },
      "properties": {
        "id": "phoenix-osm-37439171",
        "temperatureF": 126.2,
        "temperatureC": 52.3,
        "baselineRuralF": 88,
        "deltaF": 38.2,
        "severity": "Critical",
        "surfaceType": "asphalt",
        "areaName": "Maricopa Freeway",
        "censusTract": "OSM Way #37439171 • 8 impervious ways/450m"
      }
    },
    {
      "type": "Feature",
      "geometry": {
        "type": "Point",
        "coordinates": [
          -112.08901,
          33.42974
        ]
      },
      "properties": {
        "id": "phoenix-osm-37439173",
        "temperatureF": 126.2,
        "temperatureC": 52.3,
        "baselineRuralF": 88,
        "deltaF": 38.2,
        "severity": "Critical",
        "surfaceType": "asphalt",
        "areaName": "Maricopa Freeway",
        "censusTract": "OSM Way #37439173 • 8 impervious ways/450m"
      }
    },
    {
      "type": "Feature",
      "geometry": {
        "type": "Point",
        "coordinates": [
          -112.08681,
          33.42975
        ]
      },
      "properties": {
        "id": "phoenix-osm-37439174",
        "temperatureF": 126.7,
        "temperatureC": 52.6,
        "baselineRuralF": 88,
        "deltaF": 38.7,
        "severity": "Critical",
        "surfaceType": "asphalt",
        "areaName": "Maricopa Freeway",
        "censusTract": "OSM Way #37439174 • 9 impervious ways/450m"
      }
    },
    {
      "type": "Feature",
      "geometry": {
        "type": "Point",
        "coordinates": [
          -112.08606,
          33.42955
        ]
      },
      "properties": {
        "id": "phoenix-osm-37439176",
        "temperatureF": 125.6,
        "temperatureC": 52,
        "baselineRuralF": 88,
        "deltaF": 37.6,
        "severity": "Critical",
        "surfaceType": "asphalt",
        "areaName": "Maricopa Freeway",
        "censusTract": "OSM Way #37439176 • 7 impervious ways/450m"
      }
    },
    {
      "type": "Feature",
      "geometry": {
        "type": "Point",
        "coordinates": [
          -112.08681,
          33.42961
        ]
      },
      "properties": {
        "id": "phoenix-osm-37439177",
        "temperatureF": 126.7,
        "temperatureC": 52.6,
        "baselineRuralF": 88,
        "deltaF": 38.7,
        "severity": "Critical",
        "surfaceType": "asphalt",
        "areaName": "Maricopa Freeway",
        "censusTract": "OSM Way #37439177 • 9 impervious ways/450m"
      }
    },
    {
      "type": "Feature",
      "geometry": {
        "type": "Point",
        "coordinates": [
          -112.08243,
          33.42922
        ]
      },
      "properties": {
        "id": "phoenix-osm-37439178",
        "temperatureF": 125.1,
        "temperatureC": 51.7,
        "baselineRuralF": 88,
        "deltaF": 37.1,
        "severity": "Critical",
        "surfaceType": "asphalt",
        "areaName": "Maricopa Freeway",
        "censusTract": "OSM Way #37439178 • 6 impervious ways/450m"
      }
    },
    {
      "type": "Feature",
      "geometry": {
        "type": "Point",
        "coordinates": [
          -112.08015,
          33.42902
        ]
      },
      "properties": {
        "id": "phoenix-osm-37439179",
        "temperatureF": 123.4,
        "temperatureC": 50.8,
        "baselineRuralF": 88,
        "deltaF": 35.4,
        "severity": "Critical",
        "surfaceType": "asphalt",
        "areaName": "Maricopa Freeway",
        "censusTract": "OSM Way #37439179 • 3 impervious ways/450m"
      }
    },
    {
      "type": "Feature",
      "geometry": {
        "type": "Point",
        "coordinates": [
          -112.08463,
          33.42956
        ]
      },
      "properties": {
        "id": "phoenix-osm-37439180",
        "temperatureF": 126.2,
        "temperatureC": 52.3,
        "baselineRuralF": 88,
        "deltaF": 38.2,
        "severity": "Critical",
        "surfaceType": "asphalt",
        "areaName": "Maricopa Freeway",
        "censusTract": "OSM Way #37439180 • 8 impervious ways/450m"
      }
    },
    {
      "type": "Feature",
      "geometry": {
        "type": "Point",
        "coordinates": [
          -112.08244,
          33.42937
        ]
      },
      "properties": {
        "id": "phoenix-osm-37439181",
        "temperatureF": 125.1,
        "temperatureC": 51.7,
        "baselineRuralF": 88,
        "deltaF": 37.1,
        "severity": "Critical",
        "surfaceType": "asphalt",
        "areaName": "Maricopa Freeway",
        "censusTract": "OSM Way #37439181 • 6 impervious ways/450m"
      }
    },
    {
      "type": "Feature",
      "geometry": {
        "type": "Point",
        "coordinates": [
          -112.07376,
          33.42858
        ]
      },
      "properties": {
        "id": "phoenix-osm-37439183",
        "temperatureF": 122.9,
        "temperatureC": 50.5,
        "baselineRuralF": 88,
        "deltaF": 34.9,
        "severity": "Critical",
        "surfaceType": "asphalt",
        "areaName": "Maricopa Freeway",
        "censusTract": "OSM Way #37439183 • 2 impervious ways/450m"
      }
    },
    {
      "type": "Feature",
      "geometry": {
        "type": "Point",
        "coordinates": [
          -112.07126,
          33.42829
        ]
      },
      "properties": {
        "id": "phoenix-osm-37439184",
        "temperatureF": 122.9,
        "temperatureC": 50.5,
        "baselineRuralF": 88,
        "deltaF": 34.9,
        "severity": "Critical",
        "surfaceType": "asphalt",
        "areaName": "Maricopa Freeway",
        "censusTract": "OSM Way #37439184 • 2 impervious ways/450m"
      }
    },
    {
      "type": "Feature",
      "geometry": {
        "type": "Point",
        "coordinates": [
          -112.07377,
          33.42843
        ]
      },
      "properties": {
        "id": "phoenix-osm-37439185",
        "temperatureF": 122.9,
        "temperatureC": 50.5,
        "baselineRuralF": 88,
        "deltaF": 34.9,
        "severity": "Critical",
        "surfaceType": "asphalt",
        "areaName": "Maricopa Freeway",
        "censusTract": "OSM Way #37439185 • 2 impervious ways/450m"
      }
    },
    {
      "type": "Feature",
      "geometry": {
        "type": "Point",
        "coordinates": [
          -112.06516,
          33.429
        ]
      },
      "properties": {
        "id": "phoenix-osm-37439187",
        "temperatureF": 123.4,
        "temperatureC": 50.8,
        "baselineRuralF": 88,
        "deltaF": 35.4,
        "severity": "Critical",
        "surfaceType": "asphalt",
        "areaName": "Maricopa Freeway",
        "censusTract": "OSM Way #37439187 • 3 impervious ways/450m"
      }
    },
    {
      "type": "Feature",
      "geometry": {
        "type": "Point",
        "coordinates": [
          -112.06287,
          33.42889
        ]
      },
      "properties": {
        "id": "phoenix-osm-37439188",
        "temperatureF": 123.4,
        "temperatureC": 50.8,
        "baselineRuralF": 88,
        "deltaF": 35.4,
        "severity": "Critical",
        "surfaceType": "asphalt",
        "areaName": "Maricopa Freeway",
        "censusTract": "OSM Way #37439188 • 3 impervious ways/450m"
      }
    },
    {
      "type": "Feature",
      "geometry": {
        "type": "Point",
        "coordinates": [
          -112.06517,
          33.42885
        ]
      },
      "properties": {
        "id": "phoenix-osm-37439189",
        "temperatureF": 123.4,
        "temperatureC": 50.8,
        "baselineRuralF": 88,
        "deltaF": 35.4,
        "severity": "Critical",
        "surfaceType": "asphalt",
        "areaName": "Maricopa Freeway",
        "censusTract": "OSM Way #37439189 • 3 impervious ways/450m"
      }
    },
    {
      "type": "Feature",
      "geometry": {
        "type": "Point",
        "coordinates": [
          -112.04549,
          33.42725
        ]
      },
      "properties": {
        "id": "phoenix-osm-37439213",
        "temperatureF": 123.4,
        "temperatureC": 50.8,
        "baselineRuralF": 88,
        "deltaF": 35.4,
        "severity": "Critical",
        "surfaceType": "asphalt",
        "areaName": "Maricopa Freeway",
        "censusTract": "OSM Way #37439213 • 3 impervious ways/450m"
      }
    },
    {
      "type": "Feature",
      "geometry": {
        "type": "Point",
        "coordinates": [
          -112.0478,
          33.42724
        ]
      },
      "properties": {
        "id": "phoenix-osm-37439214",
        "temperatureF": 122.1,
        "temperatureC": 50.1,
        "baselineRuralF": 88,
        "deltaF": 34.1,
        "severity": "Critical",
        "surfaceType": "asphalt",
        "areaName": "Maricopa Freeway",
        "censusTract": "OSM Way #37439214 • 2 impervious ways/450m"
      }
    },
    {
      "type": "Feature",
      "geometry": {
        "type": "Point",
        "coordinates": [
          -112.04781,
          33.42738
        ]
      },
      "properties": {
        "id": "phoenix-osm-37439215",
        "temperatureF": 122.1,
        "temperatureC": 50.1,
        "baselineRuralF": 88,
        "deltaF": 34.1,
        "severity": "Critical",
        "surfaceType": "asphalt",
        "areaName": "Maricopa Freeway",
        "censusTract": "OSM Way #37439215 • 2 impervious ways/450m"
      }
    },
    {
      "type": "Feature",
      "geometry": {
        "type": "Point",
        "coordinates": [
          -112.06282,
          33.42902
        ]
      },
      "properties": {
        "id": "phoenix-osm-37439216",
        "temperatureF": 123.4,
        "temperatureC": 50.8,
        "baselineRuralF": 88,
        "deltaF": 35.4,
        "severity": "Critical",
        "surfaceType": "asphalt",
        "areaName": "Maricopa Freeway",
        "censusTract": "OSM Way #37439216 • 3 impervious ways/450m"
      }
    },
    {
      "type": "Feature",
      "geometry": {
        "type": "Point",
        "coordinates": [
          -112.10113,
          33.46753
        ]
      },
      "properties": {
        "id": "phoenix-osm-48665533",
        "temperatureF": 120,
        "temperatureC": 48.9,
        "baselineRuralF": 88,
        "deltaF": 32,
        "severity": "Critical",
        "surfaceType": "commercial_roof",
        "areaName": "Industrial Logistics Zone (OSM #5533)",
        "censusTract": "OSM Way #48665533 • 0 impervious ways/450m"
      }
    },
    {
      "type": "Feature",
      "geometry": {
        "type": "Point",
        "coordinates": [
          -112.07519,
          33.48639
        ]
      },
      "properties": {
        "id": "phoenix-osm-48665796",
        "temperatureF": 120.5,
        "temperatureC": 49.2,
        "baselineRuralF": 88,
        "deltaF": 32.5,
        "severity": "Critical",
        "surfaceType": "commercial_roof",
        "areaName": "Commercial Retail Complex (OSM #5796)",
        "censusTract": "OSM Way #48665796 • 1 impervious ways/450m"
      }
    },
    {
      "type": "Feature",
      "geometry": {
        "type": "Point",
        "coordinates": [
          -112.06362,
          33.45187
        ]
      },
      "properties": {
        "id": "phoenix-osm-48665845",
        "temperatureF": 127.5,
        "temperatureC": 53.1,
        "baselineRuralF": 88,
        "deltaF": 39.5,
        "severity": "Critical",
        "surfaceType": "commercial_roof",
        "areaName": "Commercial Retail Complex (OSM #5845)",
        "censusTract": "OSM Way #48665845 • 15 impervious ways/450m"
      }
    },
    {
      "type": "Feature",
      "geometry": {
        "type": "Point",
        "coordinates": [
          -112.04802,
          33.45897
        ]
      },
      "properties": {
        "id": "phoenix-osm-48665879",
        "temperatureF": 120.5,
        "temperatureC": 49.2,
        "baselineRuralF": 88,
        "deltaF": 32.5,
        "severity": "Critical",
        "surfaceType": "commercial_roof",
        "areaName": "Commercial Retail Complex (OSM #5879)",
        "censusTract": "OSM Way #48665879 • 1 impervious ways/450m"
      }
    },
    {
      "type": "Feature",
      "geometry": {
        "type": "Point",
        "coordinates": [
          -112.04011,
          33.45809
        ]
      },
      "properties": {
        "id": "phoenix-osm-48947279",
        "temperatureF": 96.8,
        "temperatureC": 36,
        "baselineRuralF": 88,
        "deltaF": 8.8,
        "severity": "Moderate",
        "surfaceType": "canopy",
        "areaName": "Edison Park",
        "censusTract": "OSM Way #48947279 • 5 impervious ways/450m"
      }
    },
    {
      "type": "Feature",
      "geometry": {
        "type": "Point",
        "coordinates": [
          -112.07833,
          33.45769
        ]
      },
      "properties": {
        "id": "phoenix-osm-48947310",
        "temperatureF": 123.6,
        "temperatureC": 50.9,
        "baselineRuralF": 88,
        "deltaF": 35.6,
        "severity": "Critical",
        "surfaceType": "commercial_roof",
        "areaName": "Commercial Retail Complex (OSM #7310)",
        "censusTract": "OSM Way #48947310 • 8 impervious ways/450m"
      }
    },
    {
      "type": "Feature",
      "geometry": {
        "type": "Point",
        "coordinates": [
          -112.07449,
          33.45764
        ]
      },
      "properties": {
        "id": "phoenix-osm-48947322",
        "temperatureF": 125.8,
        "temperatureC": 52.1,
        "baselineRuralF": 88,
        "deltaF": 37.8,
        "severity": "Critical",
        "surfaceType": "commercial_roof",
        "areaName": "Commercial Retail Complex (OSM #7322)",
        "censusTract": "OSM Way #48947322 • 12 impervious ways/450m"
      }
    },
    {
      "type": "Feature",
      "geometry": {
        "type": "Point",
        "coordinates": [
          -112.06565,
          33.45894
        ]
      },
      "properties": {
        "id": "phoenix-osm-48947351",
        "temperatureF": 124.9,
        "temperatureC": 51.6,
        "baselineRuralF": 88,
        "deltaF": 36.9,
        "severity": "Critical",
        "surfaceType": "commercial_roof",
        "areaName": "Commercial Retail Complex (OSM #7351)",
        "censusTract": "OSM Way #48947351 • 9 impervious ways/450m"
      }
    },
    {
      "type": "Feature",
      "geometry": {
        "type": "Point",
        "coordinates": [
          -112.11423,
          33.48058
        ]
      },
      "properties": {
        "id": "phoenix-osm-51462945",
        "temperatureF": 123.4,
        "temperatureC": 50.8,
        "baselineRuralF": 88,
        "deltaF": 35.4,
        "severity": "Critical",
        "surfaceType": "asphalt",
        "areaName": "West Thomas Road",
        "censusTract": "OSM Way #51462945 • 3 impervious ways/450m"
      }
    },
    {
      "type": "Feature",
      "geometry": {
        "type": "Point",
        "coordinates": [
          -112.11299,
          33.47572
        ]
      },
      "properties": {
        "id": "phoenix-osm-51462963",
        "temperatureF": 123.4,
        "temperatureC": 50.8,
        "baselineRuralF": 88,
        "deltaF": 35.4,
        "severity": "Critical",
        "surfaceType": "asphalt",
        "areaName": "Black Canyon Freeway",
        "censusTract": "OSM Way #51462963 • 3 impervious ways/450m"
      }
    },
    {
      "type": "Feature",
      "geometry": {
        "type": "Point",
        "coordinates": [
          -112.11274,
          33.47777
        ]
      },
      "properties": {
        "id": "phoenix-osm-51462984",
        "temperatureF": 124,
        "temperatureC": 51.1,
        "baselineRuralF": 88,
        "deltaF": 36,
        "severity": "Critical",
        "surfaceType": "asphalt",
        "areaName": "North Black Canyon Highway",
        "censusTract": "OSM Way #51462984 • 4 impervious ways/450m"
      }
    },
    {
      "type": "Feature",
      "geometry": {
        "type": "Point",
        "coordinates": [
          -112.1127,
          33.48066
        ]
      },
      "properties": {
        "id": "phoenix-osm-51462989",
        "temperatureF": 123.4,
        "temperatureC": 50.8,
        "baselineRuralF": 88,
        "deltaF": 35.4,
        "severity": "Critical",
        "surfaceType": "asphalt",
        "areaName": "West Thomas Road",
        "censusTract": "OSM Way #51462989 • 3 impervious ways/450m"
      }
    },
    {
      "type": "Feature",
      "geometry": {
        "type": "Point",
        "coordinates": [
          -112.02902,
          33.42652
        ]
      },
      "properties": {
        "id": "phoenix-osm-51462994",
        "temperatureF": 125.6,
        "temperatureC": 52,
        "baselineRuralF": 88,
        "deltaF": 37.6,
        "severity": "Critical",
        "surfaceType": "asphalt",
        "areaName": "Papago Freeway",
        "censusTract": "OSM Way #51462994 • 7 impervious ways/450m"
      }
    },
    {
      "type": "Feature",
      "geometry": {
        "type": "Point",
        "coordinates": [
          -112.02121,
          33.46213
        ]
      },
      "properties": {
        "id": "phoenix-osm-64879965",
        "temperatureF": 121.8,
        "temperatureC": 49.9,
        "baselineRuralF": 88,
        "deltaF": 33.8,
        "severity": "Critical",
        "surfaceType": "asphalt",
        "areaName": "Red Mountain Freeway",
        "censusTract": "OSM Way #64879965 • 0 impervious ways/450m"
      }
    },
    {
      "type": "Feature",
      "geometry": {
        "type": "Point",
        "coordinates": [
          -112.01279,
          33.46083
        ]
      },
      "properties": {
        "id": "phoenix-osm-64879966",
        "temperatureF": 123.4,
        "temperatureC": 50.8,
        "baselineRuralF": 88,
        "deltaF": 35.4,
        "severity": "Critical",
        "surfaceType": "asphalt",
        "areaName": "Red Mountain Freeway",
        "censusTract": "OSM Way #64879966 • 3 impervious ways/450m"
      }
    },
    {
      "type": "Feature",
      "geometry": {
        "type": "Point",
        "coordinates": [
          -112.01292,
          33.46061
        ]
      },
      "properties": {
        "id": "phoenix-osm-64879968",
        "temperatureF": 123.4,
        "temperatureC": 50.8,
        "baselineRuralF": 88,
        "deltaF": 35.4,
        "severity": "Critical",
        "surfaceType": "asphalt",
        "areaName": "Red Mountain Freeway",
        "censusTract": "OSM Way #64879968 • 3 impervious ways/450m"
      }
    },
    {
      "type": "Feature",
      "geometry": {
        "type": "Point",
        "coordinates": [
          -112.0108,
          33.46
        ]
      },
      "properties": {
        "id": "phoenix-osm-64879970",
        "temperatureF": 122.9,
        "temperatureC": 50.5,
        "baselineRuralF": 88,
        "deltaF": 34.9,
        "severity": "Critical",
        "surfaceType": "asphalt",
        "areaName": "Red Mountain Freeway",
        "censusTract": "OSM Way #64879970 • 2 impervious ways/450m"
      }
    },
    {
      "type": "Feature",
      "geometry": {
        "type": "Point",
        "coordinates": [
          -112.04402,
          33.49474
        ]
      },
      "properties": {
        "id": "phoenix-osm-64881019",
        "temperatureF": 122.3,
        "temperatureC": 50.2,
        "baselineRuralF": 88,
        "deltaF": 34.3,
        "severity": "Critical",
        "surfaceType": "asphalt",
        "areaName": "Piestewa Freeway",
        "censusTract": "OSM Way #64881019 • 1 impervious ways/450m"
      }
    },
    {
      "type": "Feature",
      "geometry": {
        "type": "Point",
        "coordinates": [
          -112.03858,
          33.47574
        ]
      },
      "properties": {
        "id": "phoenix-osm-64881024",
        "temperatureF": 125.1,
        "temperatureC": 51.7,
        "baselineRuralF": 88,
        "deltaF": 37.1,
        "severity": "Critical",
        "surfaceType": "asphalt",
        "areaName": "Piestewa Freeway",
        "censusTract": "OSM Way #64881024 • 6 impervious ways/450m"
      }
    },
    {
      "type": "Feature",
      "geometry": {
        "type": "Point",
        "coordinates": [
          -112.04202,
          33.48756
        ]
      },
      "properties": {
        "id": "phoenix-osm-64881025",
        "temperatureF": 125.1,
        "temperatureC": 51.7,
        "baselineRuralF": 88,
        "deltaF": 37.1,
        "severity": "Critical",
        "surfaceType": "asphalt",
        "areaName": "Piestewa Freeway",
        "censusTract": "OSM Way #64881025 • 6 impervious ways/450m"
      }
    },
    {
      "type": "Feature",
      "geometry": {
        "type": "Point",
        "coordinates": [
          -112.04224,
          33.48755
        ]
      },
      "properties": {
        "id": "phoenix-osm-64881026",
        "temperatureF": 125.1,
        "temperatureC": 51.7,
        "baselineRuralF": 88,
        "deltaF": 37.1,
        "severity": "Critical",
        "surfaceType": "asphalt",
        "areaName": "Piestewa Freeway",
        "censusTract": "OSM Way #64881026 • 6 impervious ways/450m"
      }
    },
    {
      "type": "Feature",
      "geometry": {
        "type": "Point",
        "coordinates": [
          -112.04177,
          33.48668
        ]
      },
      "properties": {
        "id": "phoenix-osm-64881027",
        "temperatureF": 125.6,
        "temperatureC": 52,
        "baselineRuralF": 88,
        "deltaF": 37.6,
        "severity": "Critical",
        "surfaceType": "asphalt",
        "areaName": "Piestewa Freeway",
        "censusTract": "OSM Way #64881027 • 7 impervious ways/450m"
      }
    },
    {
      "type": "Feature",
      "geometry": {
        "type": "Point",
        "coordinates": [
          -112.03855,
          33.48016
        ]
      },
      "properties": {
        "id": "phoenix-osm-64881029",
        "temperatureF": 125.6,
        "temperatureC": 52,
        "baselineRuralF": 88,
        "deltaF": 37.6,
        "severity": "Critical",
        "surfaceType": "asphalt",
        "areaName": "Piestewa Freeway",
        "censusTract": "OSM Way #64881029 • 7 impervious ways/450m"
      }
    },
    {
      "type": "Feature",
      "geometry": {
        "type": "Point",
        "coordinates": [
          -112.03844,
          33.47885
        ]
      },
      "properties": {
        "id": "phoenix-osm-64881030",
        "temperatureF": 126.2,
        "temperatureC": 52.3,
        "baselineRuralF": 88,
        "deltaF": 38.2,
        "severity": "Critical",
        "surfaceType": "asphalt",
        "areaName": "Piestewa Freeway",
        "censusTract": "OSM Way #64881030 • 8 impervious ways/450m"
      }
    },
    {
      "type": "Feature",
      "geometry": {
        "type": "Point",
        "coordinates": [
          -112.03822,
          33.479
        ]
      },
      "properties": {
        "id": "phoenix-osm-64881031",
        "temperatureF": 126.2,
        "temperatureC": 52.3,
        "baselineRuralF": 88,
        "deltaF": 38.2,
        "severity": "Critical",
        "surfaceType": "asphalt",
        "areaName": "Piestewa Freeway",
        "censusTract": "OSM Way #64881031 • 8 impervious ways/450m"
      }
    },
    {
      "type": "Feature",
      "geometry": {
        "type": "Point",
        "coordinates": [
          -112.03821,
          33.47798
        ]
      },
      "properties": {
        "id": "phoenix-osm-64881032",
        "temperatureF": 126.2,
        "temperatureC": 52.3,
        "baselineRuralF": 88,
        "deltaF": 38.2,
        "severity": "Critical",
        "surfaceType": "asphalt",
        "areaName": "Piestewa Freeway",
        "censusTract": "OSM Way #64881032 • 8 impervious ways/450m"
      }
    },
    {
      "type": "Feature",
      "geometry": {
        "type": "Point",
        "coordinates": [
          -112.03843,
          33.47775
        ]
      },
      "properties": {
        "id": "phoenix-osm-64881033",
        "temperatureF": 126.2,
        "temperatureC": 52.3,
        "baselineRuralF": 88,
        "deltaF": 38.2,
        "severity": "Critical",
        "surfaceType": "asphalt",
        "areaName": "Piestewa Freeway",
        "censusTract": "OSM Way #64881033 • 8 impervious ways/450m"
      }
    },
    {
      "type": "Feature",
      "geometry": {
        "type": "Point",
        "coordinates": [
          -112.03832,
          33.48017
        ]
      },
      "properties": {
        "id": "phoenix-osm-64881037",
        "temperatureF": 125.6,
        "temperatureC": 52,
        "baselineRuralF": 88,
        "deltaF": 37.6,
        "severity": "Critical",
        "surfaceType": "asphalt",
        "areaName": "Piestewa Freeway",
        "censusTract": "OSM Way #64881037 • 7 impervious ways/450m"
      }
    },
    {
      "type": "Feature",
      "geometry": {
        "type": "Point",
        "coordinates": [
          -112.03875,
          33.4816
        ]
      },
      "properties": {
        "id": "phoenix-osm-64881038",
        "temperatureF": 126.2,
        "temperatureC": 52.3,
        "baselineRuralF": 88,
        "deltaF": 38.2,
        "severity": "Critical",
        "surfaceType": "asphalt",
        "areaName": "Piestewa Freeway",
        "censusTract": "OSM Way #64881038 • 8 impervious ways/450m"
      }
    },
    {
      "type": "Feature",
      "geometry": {
        "type": "Point",
        "coordinates": [
          -112.04004,
          33.48373
        ]
      },
      "properties": {
        "id": "phoenix-osm-64881041",
        "temperatureF": 125.6,
        "temperatureC": 52,
        "baselineRuralF": 88,
        "deltaF": 37.6,
        "severity": "Critical",
        "surfaceType": "asphalt",
        "areaName": "Piestewa Freeway",
        "censusTract": "OSM Way #64881041 • 7 impervious ways/450m"
      }
    },
    {
      "type": "Feature",
      "geometry": {
        "type": "Point",
        "coordinates": [
          -112.04063,
          33.48511
        ]
      },
      "properties": {
        "id": "phoenix-osm-64881042",
        "temperatureF": 125.6,
        "temperatureC": 52,
        "baselineRuralF": 88,
        "deltaF": 37.6,
        "severity": "Critical",
        "surfaceType": "asphalt",
        "areaName": "Piestewa Freeway",
        "censusTract": "OSM Way #64881042 • 7 impervious ways/450m"
      }
    },
    {
      "type": "Feature",
      "geometry": {
        "type": "Point",
        "coordinates": [
          -112.04379,
          33.49474
        ]
      },
      "properties": {
        "id": "phoenix-osm-64881045",
        "temperatureF": 122.3,
        "temperatureC": 50.2,
        "baselineRuralF": 88,
        "deltaF": 34.3,
        "severity": "Critical",
        "surfaceType": "asphalt",
        "areaName": "Piestewa Freeway",
        "censusTract": "OSM Way #64881045 • 1 impervious ways/450m"
      }
    },
    {
      "type": "Feature",
      "geometry": {
        "type": "Point",
        "coordinates": [
          -112.04097,
          33.48526
        ]
      },
      "properties": {
        "id": "phoenix-osm-64881046",
        "temperatureF": 125.1,
        "temperatureC": 51.7,
        "baselineRuralF": 88,
        "deltaF": 37.1,
        "severity": "Critical",
        "surfaceType": "asphalt",
        "areaName": "Piestewa Freeway",
        "censusTract": "OSM Way #64881046 • 6 impervious ways/450m"
      }
    },
    {
      "type": "Feature",
      "geometry": {
        "type": "Point",
        "coordinates": [
          -112.04136,
          33.48639
        ]
      },
      "properties": {
        "id": "phoenix-osm-64881048",
        "temperatureF": 125.6,
        "temperatureC": 52,
        "baselineRuralF": 88,
        "deltaF": 37.6,
        "severity": "Critical",
        "surfaceType": "asphalt",
        "areaName": "Piestewa Freeway",
        "censusTract": "OSM Way #64881048 • 7 impervious ways/450m"
      }
    },
    {
      "type": "Feature",
      "geometry": {
        "type": "Point",
        "coordinates": [
          -112.04281,
          33.48908
        ]
      },
      "properties": {
        "id": "phoenix-osm-64881052",
        "temperatureF": 124,
        "temperatureC": 51.1,
        "baselineRuralF": 88,
        "deltaF": 36,
        "severity": "Critical",
        "surfaceType": "asphalt",
        "areaName": "Piestewa Freeway",
        "censusTract": "OSM Way #64881052 • 4 impervious ways/450m"
      }
    },
    {
      "type": "Feature",
      "geometry": {
        "type": "Point",
        "coordinates": [
          -112.0689,
          33.46548
        ]
      },
      "properties": {
        "id": "phoenix-osm-65155666",
        "temperatureF": 122.2,
        "temperatureC": 50.1,
        "baselineRuralF": 88,
        "deltaF": 34.2,
        "severity": "Critical",
        "surfaceType": "commercial_roof",
        "areaName": "Taco Bell",
        "censusTract": "OSM Way #65155666 • 4 impervious ways/450m"
      }
    },
    {
      "type": "Feature",
      "geometry": {
        "type": "Point",
        "coordinates": [
          -112.06559,
          33.46509
        ]
      },
      "properties": {
        "id": "phoenix-osm-65155675",
        "temperatureF": 121.1,
        "temperatureC": 49.5,
        "baselineRuralF": 88,
        "deltaF": 33.1,
        "severity": "Critical",
        "surfaceType": "commercial_roof",
        "areaName": "McDonald's",
        "censusTract": "OSM Way #65155675 • 2 impervious ways/450m"
      }
    },
    {
      "type": "Feature",
      "geometry": {
        "type": "Point",
        "coordinates": [
          -112.07338,
          33.5066
        ]
      },
      "properties": {
        "id": "phoenix-osm-65727882",
        "temperatureF": 123.3,
        "temperatureC": 50.7,
        "baselineRuralF": 88,
        "deltaF": 35.3,
        "severity": "Critical",
        "surfaceType": "commercial_roof",
        "areaName": "4717,4721,4727 North Central Avenue (Commercial Retail Complex)",
        "censusTract": "OSM Way #65727882 • 6 impervious ways/450m"
      }
    },
    {
      "type": "Feature",
      "geometry": {
        "type": "Point",
        "coordinates": [
          -112.07339,
          33.50706
        ]
      },
      "properties": {
        "id": "phoenix-osm-65727916",
        "temperatureF": 122.7,
        "temperatureC": 50.4,
        "baselineRuralF": 88,
        "deltaF": 34.7,
        "severity": "Critical",
        "surfaceType": "commercial_roof",
        "areaName": "North Central Avenue (Commercial Retail Complex)",
        "censusTract": "OSM Way #65727916 • 5 impervious ways/450m"
      }
    },
    {
      "type": "Feature",
      "geometry": {
        "type": "Point",
        "coordinates": [
          -112.07654,
          33.49387
        ]
      },
      "properties": {
        "id": "phoenix-osm-76691598",
        "temperatureF": 121.1,
        "temperatureC": 49.5,
        "baselineRuralF": 88,
        "deltaF": 33.1,
        "severity": "Critical",
        "surfaceType": "commercial_roof",
        "areaName": "Commercial Retail Complex (OSM #1598)",
        "censusTract": "OSM Way #76691598 • 2 impervious ways/450m"
      }
    },
    {
      "type": "Feature",
      "geometry": {
        "type": "Point",
        "coordinates": [
          -112.07521,
          33.49313
        ]
      },
      "properties": {
        "id": "phoenix-osm-76691599",
        "temperatureF": 120.5,
        "temperatureC": 49.2,
        "baselineRuralF": 88,
        "deltaF": 32.5,
        "severity": "Critical",
        "surfaceType": "commercial_roof",
        "areaName": "Commercial Retail Complex (OSM #1599)",
        "censusTract": "OSM Way #76691599 • 1 impervious ways/450m"
      }
    },
    {
      "type": "Feature",
      "geometry": {
        "type": "Point",
        "coordinates": [
          -112.08299,
          33.49674
        ]
      },
      "properties": {
        "id": "phoenix-osm-76691611",
        "temperatureF": 121.6,
        "temperatureC": 49.8,
        "baselineRuralF": 88,
        "deltaF": 33.6,
        "severity": "Critical",
        "surfaceType": "commercial_roof",
        "areaName": "Commercial Retail Complex (OSM #1611)",
        "censusTract": "OSM Way #76691611 • 3 impervious ways/450m"
      }
    },
    {
      "type": "Feature",
      "geometry": {
        "type": "Point",
        "coordinates": [
          -112.08139,
          33.49512
        ]
      },
      "properties": {
        "id": "phoenix-osm-76691612",
        "temperatureF": 121.6,
        "temperatureC": 49.8,
        "baselineRuralF": 88,
        "deltaF": 33.6,
        "severity": "Critical",
        "surfaceType": "commercial_roof",
        "areaName": "Commercial Retail Complex (OSM #1612)",
        "censusTract": "OSM Way #76691612 • 3 impervious ways/450m"
      }
    },
    {
      "type": "Feature",
      "geometry": {
        "type": "Point",
        "coordinates": [
          -112.0828,
          33.49894
        ]
      },
      "properties": {
        "id": "phoenix-osm-76691613",
        "temperatureF": 121.1,
        "temperatureC": 49.5,
        "baselineRuralF": 88,
        "deltaF": 33.1,
        "severity": "Critical",
        "surfaceType": "commercial_roof",
        "areaName": "Commercial Retail Complex (OSM #1613)",
        "censusTract": "OSM Way #76691613 • 2 impervious ways/450m"
      }
    },
    {
      "type": "Feature",
      "geometry": {
        "type": "Point",
        "coordinates": [
          -112.07439,
          33.4973
        ]
      },
      "properties": {
        "id": "phoenix-osm-76691618",
        "temperatureF": 120.5,
        "temperatureC": 49.2,
        "baselineRuralF": 88,
        "deltaF": 32.5,
        "severity": "Critical",
        "surfaceType": "commercial_roof",
        "areaName": "Commercial Retail Complex (OSM #1618)",
        "censusTract": "OSM Way #76691618 • 1 impervious ways/450m"
      }
    },
    {
      "type": "Feature",
      "geometry": {
        "type": "Point",
        "coordinates": [
          -112.07473,
          33.50278
        ]
      },
      "properties": {
        "id": "phoenix-osm-76691950",
        "temperatureF": 121.6,
        "temperatureC": 49.8,
        "baselineRuralF": 88,
        "deltaF": 33.6,
        "severity": "Critical",
        "surfaceType": "commercial_roof",
        "areaName": "Commercial Retail Complex (OSM #1950)",
        "censusTract": "OSM Way #76691950 • 3 impervious ways/450m"
      }
    },
    {
      "type": "Feature",
      "geometry": {
        "type": "Point",
        "coordinates": [
          -112.07185,
          33.50603
        ]
      },
      "properties": {
        "id": "phoenix-osm-84673953",
        "temperatureF": 125.1,
        "temperatureC": 51.7,
        "baselineRuralF": 88,
        "deltaF": 37.1,
        "severity": "Critical",
        "surfaceType": "asphalt",
        "areaName": "Surface Asphalt Parking Expanse (OSM #3953)",
        "censusTract": "OSM Way #84673953 • 6 impervious ways/450m"
      }
    },
    {
      "type": "Feature",
      "geometry": {
        "type": "Point",
        "coordinates": [
          -112.06916,
          33.50594
        ]
      },
      "properties": {
        "id": "phoenix-osm-84689594",
        "temperatureF": 125.1,
        "temperatureC": 51.7,
        "baselineRuralF": 88,
        "deltaF": 37.1,
        "severity": "Critical",
        "surfaceType": "asphalt",
        "areaName": "Surface Asphalt Parking Expanse (OSM #9594)",
        "censusTract": "OSM Way #84689594 • 6 impervious ways/450m"
      }
    },
    {
      "type": "Feature",
      "geometry": {
        "type": "Point",
        "coordinates": [
          -112.07297,
          33.5069
        ]
      },
      "properties": {
        "id": "phoenix-osm-84689701",
        "temperatureF": 124.5,
        "temperatureC": 51.4,
        "baselineRuralF": 88,
        "deltaF": 36.5,
        "severity": "Critical",
        "surfaceType": "asphalt",
        "areaName": "Surface Asphalt Parking Expanse (OSM #9701)",
        "censusTract": "OSM Way #84689701 • 5 impervious ways/450m"
      }
    },
    {
      "type": "Feature",
      "geometry": {
        "type": "Point",
        "coordinates": [
          -112.06559,
          33.50371
        ]
      },
      "properties": {
        "id": "phoenix-osm-84690826",
        "temperatureF": 120.5,
        "temperatureC": 49.2,
        "baselineRuralF": 88,
        "deltaF": 32.5,
        "severity": "Critical",
        "surfaceType": "commercial_roof",
        "areaName": "Commercial Retail Complex (OSM #0826)",
        "censusTract": "OSM Way #84690826 • 1 impervious ways/450m"
      }
    },
    {
      "type": "Feature",
      "geometry": {
        "type": "Point",
        "coordinates": [
          -112.07226,
          33.50345
        ]
      },
      "properties": {
        "id": "phoenix-osm-84690890",
        "temperatureF": 125.1,
        "temperatureC": 51.7,
        "baselineRuralF": 88,
        "deltaF": 37.1,
        "severity": "Critical",
        "surfaceType": "asphalt",
        "areaName": "Surface Asphalt Parking Expanse (OSM #0890)",
        "censusTract": "OSM Way #84690890 • 6 impervious ways/450m"
      }
    },
    {
      "type": "Feature",
      "geometry": {
        "type": "Point",
        "coordinates": [
          -112.06838,
          33.47433
        ]
      },
      "properties": {
        "id": "phoenix-osm-84691464",
        "temperatureF": 122.3,
        "temperatureC": 50.2,
        "baselineRuralF": 88,
        "deltaF": 34.3,
        "severity": "Critical",
        "surfaceType": "asphalt",
        "areaName": "Surface Asphalt Parking Expanse (OSM #1464)",
        "censusTract": "OSM Way #84691464 • 1 impervious ways/450m"
      }
    },
    {
      "type": "Feature",
      "geometry": {
        "type": "Point",
        "coordinates": [
          -112.06781,
          33.47509
        ]
      },
      "properties": {
        "id": "phoenix-osm-84692038",
        "temperatureF": 120.5,
        "temperatureC": 49.2,
        "baselineRuralF": 88,
        "deltaF": 32.5,
        "severity": "Critical",
        "surfaceType": "commercial_roof",
        "areaName": "Gymnasium",
        "censusTract": "OSM Way #84692038 • 1 impervious ways/450m"
      }
    },
    {
      "type": "Feature",
      "geometry": {
        "type": "Point",
        "coordinates": [
          -112.07984,
          33.45006
        ]
      },
      "properties": {
        "id": "phoenix-osm-84970177",
        "temperatureF": 132.8,
        "temperatureC": 56,
        "baselineRuralF": 88,
        "deltaF": 44.8,
        "severity": "Critical",
        "surfaceType": "asphalt",
        "areaName": "Surface Asphalt Parking Expanse (OSM #0177)",
        "censusTract": "OSM Way #84970177 • 20 impervious ways/450m"
      }
    },
    {
      "type": "Feature",
      "geometry": {
        "type": "Point",
        "coordinates": [
          -112.08085,
          33.45065
        ]
      },
      "properties": {
        "id": "phoenix-osm-84970178",
        "temperatureF": 131.7,
        "temperatureC": 55.4,
        "baselineRuralF": 88,
        "deltaF": 43.7,
        "severity": "Critical",
        "surfaceType": "asphalt",
        "areaName": "Surface Asphalt Parking Expanse (OSM #0178)",
        "censusTract": "OSM Way #84970178 • 18 impervious ways/450m"
      }
    },
    {
      "type": "Feature",
      "geometry": {
        "type": "Point",
        "coordinates": [
          -112.01854,
          33.41911
        ]
      },
      "properties": {
        "id": "phoenix-osm-87649290",
        "temperatureF": 123.4,
        "temperatureC": 50.8,
        "baselineRuralF": 88,
        "deltaF": 35.4,
        "severity": "Critical",
        "surfaceType": "asphalt",
        "areaName": "Maricopa Freeway",
        "censusTract": "OSM Way #87649290 • 3 impervious ways/450m"
      }
    },
    {
      "type": "Feature",
      "geometry": {
        "type": "Point",
        "coordinates": [
          -112.01629,
          33.41649
        ]
      },
      "properties": {
        "id": "phoenix-osm-87649293",
        "temperatureF": 123.4,
        "temperatureC": 50.8,
        "baselineRuralF": 88,
        "deltaF": 35.4,
        "severity": "Critical",
        "surfaceType": "asphalt",
        "areaName": "Maricopa Freeway",
        "censusTract": "OSM Way #87649293 • 3 impervious ways/450m"
      }
    },
    {
      "type": "Feature",
      "geometry": {
        "type": "Point",
        "coordinates": [
          -112.01817,
          33.41926
        ]
      },
      "properties": {
        "id": "phoenix-osm-87649297",
        "temperatureF": 123.4,
        "temperatureC": 50.8,
        "baselineRuralF": 88,
        "deltaF": 35.4,
        "severity": "Critical",
        "surfaceType": "asphalt",
        "areaName": "Maricopa Freeway",
        "censusTract": "OSM Way #87649297 • 3 impervious ways/450m"
      }
    },
    {
      "type": "Feature",
      "geometry": {
        "type": "Point",
        "coordinates": [
          -112.02171,
          33.42259
        ]
      },
      "properties": {
        "id": "phoenix-osm-87649300",
        "temperatureF": 121.8,
        "temperatureC": 49.9,
        "baselineRuralF": 88,
        "deltaF": 33.8,
        "severity": "Critical",
        "surfaceType": "asphalt",
        "areaName": "Maricopa Freeway",
        "censusTract": "OSM Way #87649300 • 0 impervious ways/450m"
      }
    },
    {
      "type": "Feature",
      "geometry": {
        "type": "Point",
        "coordinates": [
          -112.07438,
          33.46434
        ]
      },
      "properties": {
        "id": "phoenix-osm-95060751",
        "temperatureF": 126,
        "temperatureC": 52.2,
        "baselineRuralF": 88,
        "deltaF": 38,
        "severity": "Critical",
        "surfaceType": "commercial_roof",
        "areaName": "The Old Spaghetti Factory",
        "censusTract": "OSM Way #95060751 • 11 impervious ways/450m"
      }
    },
    {
      "type": "Feature",
      "geometry": {
        "type": "Point",
        "coordinates": [
          -112.0745,
          33.46283
        ]
      },
      "properties": {
        "id": "phoenix-osm-95667722",
        "temperatureF": 127.1,
        "temperatureC": 52.8,
        "baselineRuralF": 88,
        "deltaF": 39.1,
        "severity": "Critical",
        "surfaceType": "commercial_roof",
        "areaName": "Commercial Retail Complex (OSM #7722)",
        "censusTract": "OSM Way #95667722 • 13 impervious ways/450m"
      }
    },
    {
      "type": "Feature",
      "geometry": {
        "type": "Point",
        "coordinates": [
          -112.00352,
          33.44303
        ]
      },
      "properties": {
        "id": "phoenix-osm-96319129",
        "temperatureF": 121.8,
        "temperatureC": 49.9,
        "baselineRuralF": 88,
        "deltaF": 33.8,
        "severity": "Critical",
        "surfaceType": "asphalt",
        "areaName": "Surface Asphalt Parking Expanse (OSM #9129)",
        "censusTract": "OSM Way #96319129 • 0 impervious ways/450m"
      }
    },
    {
      "type": "Feature",
      "geometry": {
        "type": "Point",
        "coordinates": [
          -112.04008,
          33.46243
        ]
      },
      "properties": {
        "id": "phoenix-osm-97426310",
        "temperatureF": 127.8,
        "temperatureC": 53.2,
        "baselineRuralF": 88,
        "deltaF": 39.8,
        "severity": "Critical",
        "surfaceType": "asphalt",
        "areaName": "Red Mountain Freeway",
        "censusTract": "OSM Way #97426310 • 11 impervious ways/450m"
      }
    },
    {
      "type": "Feature",
      "geometry": {
        "type": "Point",
        "coordinates": [
          -112.07475,
          33.4753
        ]
      },
      "properties": {
        "id": "phoenix-osm-97516788",
        "temperatureF": 123.4,
        "temperatureC": 50.8,
        "baselineRuralF": 88,
        "deltaF": 35.4,
        "severity": "Critical",
        "surfaceType": "asphalt",
        "areaName": "Surface Asphalt Parking Expanse (OSM #6788)",
        "censusTract": "OSM Way #97516788 • 3 impervious ways/450m"
      }
    },
    {
      "type": "Feature",
      "geometry": {
        "type": "Point",
        "coordinates": [
          -112.07508,
          33.47122
        ]
      },
      "properties": {
        "id": "phoenix-osm-97516789",
        "temperatureF": 123.4,
        "temperatureC": 50.8,
        "baselineRuralF": 88,
        "deltaF": 35.4,
        "severity": "Critical",
        "surfaceType": "asphalt",
        "areaName": "11 West Cypress Street (Surface Asphalt Parking Expanse)",
        "censusTract": "OSM Way #97516789 • 3 impervious ways/450m"
      }
    },
    {
      "type": "Feature",
      "geometry": {
        "type": "Point",
        "coordinates": [
          -112.07519,
          33.47026
        ]
      },
      "properties": {
        "id": "phoenix-osm-97516792",
        "temperatureF": 123.4,
        "temperatureC": 50.8,
        "baselineRuralF": 88,
        "deltaF": 35.4,
        "severity": "Critical",
        "surfaceType": "asphalt",
        "areaName": "North Central Avenue (Surface Asphalt Parking Expanse)",
        "censusTract": "OSM Way #97516792 • 3 impervious ways/450m"
      }
    },
    {
      "type": "Feature",
      "geometry": {
        "type": "Point",
        "coordinates": [
          -112.07531,
          33.46845
        ]
      },
      "properties": {
        "id": "phoenix-osm-97516794",
        "temperatureF": 127.3,
        "temperatureC": 52.9,
        "baselineRuralF": 88,
        "deltaF": 39.3,
        "severity": "Critical",
        "surfaceType": "asphalt",
        "areaName": "Surface Asphalt Parking Expanse (OSM #6794)",
        "censusTract": "OSM Way #97516794 • 10 impervious ways/450m"
      }
    },
    {
      "type": "Feature",
      "geometry": {
        "type": "Point",
        "coordinates": [
          -112.0734,
          33.46536
        ]
      },
      "properties": {
        "id": "phoenix-osm-97516798",
        "temperatureF": 126.6,
        "temperatureC": 52.6,
        "baselineRuralF": 88,
        "deltaF": 38.6,
        "severity": "Critical",
        "surfaceType": "commercial_roof",
        "areaName": "CVS Pharmacy",
        "censusTract": "OSM Way #97516798 • 12 impervious ways/450m"
      }
    },
    {
      "type": "Feature",
      "geometry": {
        "type": "Point",
        "coordinates": [
          -112.0742,
          33.48108
        ]
      },
      "properties": {
        "id": "phoenix-osm-97516806",
        "temperatureF": 122.2,
        "temperatureC": 50.1,
        "baselineRuralF": 88,
        "deltaF": 34.2,
        "severity": "Critical",
        "surfaceType": "commercial_roof",
        "areaName": "2918 North Central Avenue (Commercial Retail Complex)",
        "censusTract": "OSM Way #97516806 • 4 impervious ways/450m"
      }
    },
    {
      "type": "Feature",
      "geometry": {
        "type": "Point",
        "coordinates": [
          -112.07483,
          33.47847
        ]
      },
      "properties": {
        "id": "phoenix-osm-97516813",
        "temperatureF": 124.5,
        "temperatureC": 51.4,
        "baselineRuralF": 88,
        "deltaF": 36.5,
        "severity": "Critical",
        "surfaceType": "asphalt",
        "areaName": "Surface Asphalt Parking Expanse (OSM #6813)",
        "censusTract": "OSM Way #97516813 • 5 impervious ways/450m"
      }
    },
    {
      "type": "Feature",
      "geometry": {
        "type": "Point",
        "coordinates": [
          -112.0749,
          33.47709
        ]
      },
      "properties": {
        "id": "phoenix-osm-97516816",
        "temperatureF": 123.4,
        "temperatureC": 50.8,
        "baselineRuralF": 88,
        "deltaF": 35.4,
        "severity": "Critical",
        "surfaceType": "asphalt",
        "areaName": "Surface Asphalt Parking Expanse (OSM #6816)",
        "censusTract": "OSM Way #97516816 • 3 impervious ways/450m"
      }
    },
    {
      "type": "Feature",
      "geometry": {
        "type": "Point",
        "coordinates": [
          -112.08121,
          33.48282
        ]
      },
      "properties": {
        "id": "phoenix-osm-97516819",
        "temperatureF": 122.3,
        "temperatureC": 50.2,
        "baselineRuralF": 88,
        "deltaF": 34.3,
        "severity": "Critical",
        "surfaceType": "asphalt",
        "areaName": "5th Avenue Garage",
        "censusTract": "OSM Way #97516819 • 1 impervious ways/450m"
      }
    },
    {
      "type": "Feature",
      "geometry": {
        "type": "Point",
        "coordinates": [
          -112.07714,
          33.48171
        ]
      },
      "properties": {
        "id": "phoenix-osm-97516820",
        "temperatureF": 124,
        "temperatureC": 51.1,
        "baselineRuralF": 88,
        "deltaF": 36,
        "severity": "Critical",
        "surfaceType": "asphalt",
        "areaName": "Third Avenue Garage",
        "censusTract": "OSM Way #97516820 • 4 impervious ways/450m"
      }
    },
    {
      "type": "Feature",
      "geometry": {
        "type": "Point",
        "coordinates": [
          -112.07556,
          33.48189
        ]
      },
      "properties": {
        "id": "phoenix-osm-97516821",
        "temperatureF": 123.4,
        "temperatureC": 50.8,
        "baselineRuralF": 88,
        "deltaF": 35.4,
        "severity": "Critical",
        "surfaceType": "asphalt",
        "areaName": "Surface Asphalt Parking Expanse (OSM #6821)",
        "censusTract": "OSM Way #97516821 • 3 impervious ways/450m"
      }
    },
    {
      "type": "Feature",
      "geometry": {
        "type": "Point",
        "coordinates": [
          -112.08182,
          33.48861
        ]
      },
      "properties": {
        "id": "phoenix-osm-97516822",
        "temperatureF": 122.2,
        "temperatureC": 50.1,
        "baselineRuralF": 88,
        "deltaF": 34.2,
        "severity": "Critical",
        "surfaceType": "commercial_roof",
        "areaName": "520 West Osborn Road (Commercial Retail Complex)",
        "censusTract": "OSM Way #97516822 • 4 impervious ways/450m"
      }
    },
    {
      "type": "Feature",
      "geometry": {
        "type": "Point",
        "coordinates": [
          -112.08281,
          33.48799
        ]
      },
      "properties": {
        "id": "phoenix-osm-97516823",
        "temperatureF": 122.2,
        "temperatureC": 50.1,
        "baselineRuralF": 88,
        "deltaF": 34.2,
        "severity": "Critical",
        "surfaceType": "commercial_roof",
        "areaName": "620 West Osborn Road (Commercial Retail Complex)",
        "censusTract": "OSM Way #97516823 • 4 impervious ways/450m"
      }
    },
    {
      "type": "Feature",
      "geometry": {
        "type": "Point",
        "coordinates": [
          -112.08284,
          33.48897
        ]
      },
      "properties": {
        "id": "phoenix-osm-97516824",
        "temperatureF": 122.2,
        "temperatureC": 50.1,
        "baselineRuralF": 88,
        "deltaF": 34.2,
        "severity": "Critical",
        "surfaceType": "commercial_roof",
        "areaName": "North 7th Avenue (Commercial Retail Complex)",
        "censusTract": "OSM Way #97516824 • 4 impervious ways/450m"
      }
    },
    {
      "type": "Feature",
      "geometry": {
        "type": "Point",
        "coordinates": [
          -112.07864,
          33.48784
        ]
      },
      "properties": {
        "id": "phoenix-osm-97516826",
        "temperatureF": 122.7,
        "temperatureC": 50.4,
        "baselineRuralF": 88,
        "deltaF": 34.7,
        "severity": "Critical",
        "surfaceType": "commercial_roof",
        "areaName": "300 West Osborn Road (Commercial Retail Complex)",
        "censusTract": "OSM Way #97516826 • 5 impervious ways/450m"
      }
    },
    {
      "type": "Feature",
      "geometry": {
        "type": "Point",
        "coordinates": [
          -112.08468,
          33.49434
        ]
      },
      "properties": {
        "id": "phoenix-osm-97516828",
        "temperatureF": 121.1,
        "temperatureC": 49.5,
        "baselineRuralF": 88,
        "deltaF": 33.1,
        "severity": "Critical",
        "surfaceType": "commercial_roof",
        "areaName": "725 West Indian School Road (Commercial Retail Complex)",
        "censusTract": "OSM Way #97516828 • 2 impervious ways/450m"
      }
    },
    {
      "type": "Feature",
      "geometry": {
        "type": "Point",
        "coordinates": [
          -112.08285,
          33.48975
        ]
      },
      "properties": {
        "id": "phoenix-osm-97516834",
        "temperatureF": 122.2,
        "temperatureC": 50.1,
        "baselineRuralF": 88,
        "deltaF": 34.2,
        "severity": "Critical",
        "surfaceType": "commercial_roof",
        "areaName": "3603 North 7th Avenue (Commercial Retail Complex)",
        "censusTract": "OSM Way #97516834 • 4 impervious ways/450m"
      }
    },
    {
      "type": "Feature",
      "geometry": {
        "type": "Point",
        "coordinates": [
          -112.07578,
          33.44903
        ]
      },
      "properties": {
        "id": "phoenix-osm-97517985",
        "temperatureF": 132.5,
        "temperatureC": 55.8,
        "baselineRuralF": 88,
        "deltaF": 44.5,
        "severity": "Critical",
        "surfaceType": "asphalt",
        "areaName": "Surface Asphalt Parking Expanse (OSM #7985)",
        "censusTract": "OSM Way #97517985 • 22 impervious ways/450m"
      }
    },
    {
      "type": "Feature",
      "geometry": {
        "type": "Point",
        "coordinates": [
          -112.07936,
          33.44745
        ]
      },
      "properties": {
        "id": "phoenix-osm-99139023",
        "temperatureF": 128.4,
        "temperatureC": 53.6,
        "baselineRuralF": 88,
        "deltaF": 40.4,
        "severity": "Critical",
        "surfaceType": "asphalt",
        "areaName": "Surface Asphalt Parking Expanse (OSM #9023)",
        "censusTract": "OSM Way #99139023 • 12 impervious ways/450m"
      }
    },
    {
      "type": "Feature",
      "geometry": {
        "type": "Point",
        "coordinates": [
          -112.05811,
          33.43652
        ]
      },
      "properties": {
        "id": "phoenix-osm-100227492",
        "temperatureF": 122.3,
        "temperatureC": 50.2,
        "baselineRuralF": 88,
        "deltaF": 34.3,
        "severity": "Critical",
        "surfaceType": "asphalt",
        "areaName": "Surface Asphalt Parking Expanse (OSM #7492)",
        "censusTract": "OSM Way #100227492 • 1 impervious ways/450m"
      }
    },
    {
      "type": "Feature",
      "geometry": {
        "type": "Point",
        "coordinates": [
          -112.06804,
          33.44369
        ]
      },
      "properties": {
        "id": "phoenix-osm-100227494",
        "temperatureF": 124.8,
        "temperatureC": 51.6,
        "baselineRuralF": 88,
        "deltaF": 36.8,
        "severity": "Critical",
        "surfaceType": "asphalt",
        "areaName": "Chase Field Garage",
        "censusTract": "OSM Way #100227494 • 11 impervious ways/450m"
      }
    },
    {
      "type": "Feature",
      "geometry": {
        "type": "Point",
        "coordinates": [
          -112.08531,
          33.4485
        ]
      },
      "properties": {
        "id": "phoenix-osm-100227499",
        "temperatureF": 124.9,
        "temperatureC": 51.6,
        "baselineRuralF": 88,
        "deltaF": 36.9,
        "severity": "Critical",
        "surfaceType": "asphalt",
        "areaName": "Surface Asphalt Parking Expanse (OSM #7499)",
        "censusTract": "OSM Way #100227499 • 7 impervious ways/450m"
      }
    },
    {
      "type": "Feature",
      "geometry": {
        "type": "Point",
        "coordinates": [
          -112.06398,
          33.44614
        ]
      },
      "properties": {
        "id": "phoenix-osm-100227503",
        "temperatureF": 127.6,
        "temperatureC": 53.1,
        "baselineRuralF": 88,
        "deltaF": 39.6,
        "severity": "Critical",
        "surfaceType": "asphalt",
        "areaName": "Right Field Parking Garage",
        "censusTract": "OSM Way #100227503 • 16 impervious ways/450m"
      }
    },
    {
      "type": "Feature",
      "geometry": {
        "type": "Point",
        "coordinates": [
          -112.05841,
          33.43647
        ]
      },
      "properties": {
        "id": "phoenix-osm-100227504",
        "temperatureF": 119.8,
        "temperatureC": 48.8,
        "baselineRuralF": 88,
        "deltaF": 31.8,
        "severity": "Critical",
        "surfaceType": "commercial_roof",
        "areaName": "Pete's Fish and Chips",
        "censusTract": "OSM Way #100227504 • 1 impervious ways/450m"
      }
    },
    {
      "type": "Feature",
      "geometry": {
        "type": "Point",
        "coordinates": [
          -112.07331,
          33.44444
        ]
      },
      "properties": {
        "id": "phoenix-osm-100228605",
        "temperatureF": 132.5,
        "temperatureC": 55.8,
        "baselineRuralF": 88,
        "deltaF": 44.5,
        "severity": "Critical",
        "surfaceType": "asphalt",
        "areaName": "Surface Asphalt Parking Expanse (OSM #8605)",
        "censusTract": "OSM Way #100228605 • 31 impervious ways/450m"
      }
    },
    {
      "type": "Feature",
      "geometry": {
        "type": "Point",
        "coordinates": [
          -112.07057,
          33.44461
        ]
      },
      "properties": {
        "id": "phoenix-osm-100228609",
        "temperatureF": 130.3,
        "temperatureC": 54.6,
        "baselineRuralF": 88,
        "deltaF": 42.3,
        "severity": "Critical",
        "surfaceType": "asphalt",
        "areaName": "Surface Asphalt Parking Expanse (OSM #8609)",
        "censusTract": "OSM Way #100228609 • 21 impervious ways/450m"
      }
    },
    {
      "type": "Feature",
      "geometry": {
        "type": "Point",
        "coordinates": [
          -112.07836,
          33.45006
        ]
      },
      "properties": {
        "id": "phoenix-osm-100228610",
        "temperatureF": 130.9,
        "temperatureC": 54.9,
        "baselineRuralF": 88,
        "deltaF": 42.9,
        "severity": "Critical",
        "surfaceType": "asphalt",
        "areaName": "Surface Asphalt Parking Expanse (OSM #8610)",
        "censusTract": "OSM Way #100228610 • 18 impervious ways/450m"
      }
    },
    {
      "type": "Feature",
      "geometry": {
        "type": "Point",
        "coordinates": [
          -112.07187,
          33.44441
        ]
      },
      "properties": {
        "id": "phoenix-osm-100228611",
        "temperatureF": 132.5,
        "temperatureC": 55.8,
        "baselineRuralF": 88,
        "deltaF": 44.5,
        "severity": "Critical",
        "surfaceType": "asphalt",
        "areaName": "Surface Asphalt Parking Expanse (OSM #8611)",
        "censusTract": "OSM Way #100228611 • 27 impervious ways/450m"
      }
    },
    {
      "type": "Feature",
      "geometry": {
        "type": "Point",
        "coordinates": [
          -112.07321,
          33.45422
        ]
      },
      "properties": {
        "id": "phoenix-osm-109740058",
        "temperatureF": 132,
        "temperatureC": 55.6,
        "baselineRuralF": 88,
        "deltaF": 44,
        "severity": "Critical",
        "surfaceType": "asphalt",
        "areaName": "Arizona State University — Surface Asphalt Parking Expanse",
        "censusTract": "OSM Way #109740058 • 20 impervious ways/450m"
      }
    },
    {
      "type": "Feature",
      "geometry": {
        "type": "Point",
        "coordinates": [
          -112.07169,
          33.45429
        ]
      },
      "properties": {
        "id": "phoenix-osm-109740067",
        "temperatureF": 129.8,
        "temperatureC": 54.3,
        "baselineRuralF": 88,
        "deltaF": 41.8,
        "severity": "Critical",
        "surfaceType": "asphalt",
        "areaName": "Surface Asphalt Parking Expanse (OSM #0067)",
        "censusTract": "OSM Way #109740067 • 16 impervious ways/450m"
      }
    },
    {
      "type": "Feature",
      "geometry": {
        "type": "Point",
        "coordinates": [
          -112.06826,
          33.45409
        ]
      },
      "properties": {
        "id": "phoenix-osm-109740068",
        "temperatureF": 129.5,
        "temperatureC": 54.2,
        "baselineRuralF": 88,
        "deltaF": 41.5,
        "severity": "Critical",
        "surfaceType": "asphalt",
        "areaName": "Surface Asphalt Parking Expanse (OSM #0068)",
        "censusTract": "OSM Way #109740068 • 14 impervious ways/450m"
      }
    },
    {
      "type": "Feature",
      "geometry": {
        "type": "Point",
        "coordinates": [
          -112.07337,
          33.44905
        ]
      },
      "properties": {
        "id": "phoenix-osm-109741766",
        "temperatureF": 132,
        "temperatureC": 55.6,
        "baselineRuralF": 88,
        "deltaF": 44,
        "severity": "Critical",
        "surfaceType": "asphalt",
        "areaName": "Surface Asphalt Parking Expanse (OSM #1766)",
        "censusTract": "OSM Way #109741766 • 20 impervious ways/450m"
      }
    },
    {
      "type": "Feature",
      "geometry": {
        "type": "Point",
        "coordinates": [
          -112.06548,
          33.44916
        ]
      },
      "properties": {
        "id": "phoenix-osm-109818842",
        "temperatureF": 129.8,
        "temperatureC": 54.3,
        "baselineRuralF": 88,
        "deltaF": 41.8,
        "severity": "Critical",
        "surfaceType": "asphalt",
        "areaName": "Surface Asphalt Parking Expanse (OSM #8842)",
        "censusTract": "OSM Way #109818842 • 20 impervious ways/450m"
      }
    },
    {
      "type": "Feature",
      "geometry": {
        "type": "Point",
        "coordinates": [
          -112.07346,
          33.4583
        ]
      },
      "properties": {
        "id": "phoenix-osm-109825436",
        "temperatureF": 125.3,
        "temperatureC": 51.8,
        "baselineRuralF": 88,
        "deltaF": 37.3,
        "severity": "Critical",
        "surfaceType": "commercial_roof",
        "areaName": "915 North Central Avenue (Commercial Retail Complex)",
        "censusTract": "OSM Way #109825436 • 11 impervious ways/450m"
      }
    },
    {
      "type": "Feature",
      "geometry": {
        "type": "Point",
        "coordinates": [
          -112.07297,
          33.45922
        ]
      },
      "properties": {
        "id": "phoenix-osm-109825441",
        "temperatureF": 127.1,
        "temperatureC": 52.8,
        "baselineRuralF": 88,
        "deltaF": 39.1,
        "severity": "Critical",
        "surfaceType": "asphalt",
        "areaName": "Ace Parking",
        "censusTract": "OSM Way #109825441 • 11 impervious ways/450m"
      }
    },
    {
      "type": "Feature",
      "geometry": {
        "type": "Point",
        "coordinates": [
          -112.07191,
          33.45607
        ]
      },
      "properties": {
        "id": "phoenix-osm-109827660",
        "temperatureF": 129.8,
        "temperatureC": 54.3,
        "baselineRuralF": 88,
        "deltaF": 41.8,
        "severity": "Critical",
        "surfaceType": "asphalt",
        "areaName": "Surface Asphalt Parking Expanse (OSM #7660)",
        "censusTract": "OSM Way #109827660 • 16 impervious ways/450m"
      }
    },
    {
      "type": "Feature",
      "geometry": {
        "type": "Point",
        "coordinates": [
          -112.07296,
          33.45796
        ]
      },
      "properties": {
        "id": "phoenix-osm-109827661",
        "temperatureF": 128.2,
        "temperatureC": 53.4,
        "baselineRuralF": 88,
        "deltaF": 40.2,
        "severity": "Critical",
        "surfaceType": "asphalt",
        "areaName": "Surface Asphalt Parking Expanse (OSM #7661)",
        "censusTract": "OSM Way #109827661 • 13 impervious ways/450m"
      }
    },
    {
      "type": "Feature",
      "geometry": {
        "type": "Point",
        "coordinates": [
          -112.07865,
          33.46098
        ]
      },
      "properties": {
        "id": "phoenix-osm-109829296",
        "temperatureF": 124.9,
        "temperatureC": 51.6,
        "baselineRuralF": 88,
        "deltaF": 36.9,
        "severity": "Critical",
        "surfaceType": "asphalt",
        "areaName": "Surface Asphalt Parking Expanse (OSM #9296)",
        "censusTract": "OSM Way #109829296 • 7 impervious ways/450m"
      }
    },
    {
      "type": "Feature",
      "geometry": {
        "type": "Point",
        "coordinates": [
          -112.07737,
          33.45169
        ]
      },
      "properties": {
        "id": "phoenix-osm-109829308",
        "temperatureF": 130.9,
        "temperatureC": 54.9,
        "baselineRuralF": 88,
        "deltaF": 42.9,
        "severity": "Critical",
        "surfaceType": "asphalt",
        "areaName": "Surface Asphalt Parking Expanse (OSM #9308)",
        "censusTract": "OSM Way #109829308 • 18 impervious ways/450m"
      }
    },
    {
      "type": "Feature",
      "geometry": {
        "type": "Point",
        "coordinates": [
          -112.06687,
          33.45501
        ]
      },
      "properties": {
        "id": "phoenix-osm-109829311",
        "temperatureF": 125.5,
        "temperatureC": 51.9,
        "baselineRuralF": 88,
        "deltaF": 37.5,
        "severity": "Critical",
        "surfaceType": "commercial_roof",
        "areaName": "Commercial Retail Complex (OSM #9311)",
        "censusTract": "OSM Way #109829311 • 10 impervious ways/450m"
      }
    },
    {
      "type": "Feature",
      "geometry": {
        "type": "Point",
        "coordinates": [
          -112.07991,
          33.45167
        ]
      },
      "properties": {
        "id": "phoenix-osm-109829312",
        "temperatureF": 132.2,
        "temperatureC": 55.7,
        "baselineRuralF": 88,
        "deltaF": 44.2,
        "severity": "Critical",
        "surfaceType": "asphalt",
        "areaName": "Surface Asphalt Parking Expanse (OSM #9312)",
        "censusTract": "OSM Way #109829312 • 19 impervious ways/450m"
      }
    },
    {
      "type": "Feature",
      "geometry": {
        "type": "Point",
        "coordinates": [
          -112.07685,
          33.45272
        ]
      },
      "properties": {
        "id": "phoenix-osm-109829313",
        "temperatureF": 130.9,
        "temperatureC": 54.9,
        "baselineRuralF": 88,
        "deltaF": 42.9,
        "severity": "Critical",
        "surfaceType": "asphalt",
        "areaName": "Surface Asphalt Parking Expanse (OSM #9313)",
        "censusTract": "OSM Way #109829313 • 18 impervious ways/450m"
      }
    },
    {
      "type": "Feature",
      "geometry": {
        "type": "Point",
        "coordinates": [
          -112.07685,
          33.45316
        ]
      },
      "properties": {
        "id": "phoenix-osm-109829315",
        "temperatureF": 129.8,
        "temperatureC": 54.3,
        "baselineRuralF": 88,
        "deltaF": 41.8,
        "severity": "Critical",
        "surfaceType": "asphalt",
        "areaName": "Surface Asphalt Parking Expanse (OSM #9315)",
        "censusTract": "OSM Way #109829315 • 16 impervious ways/450m"
      }
    },
    {
      "type": "Feature",
      "geometry": {
        "type": "Point",
        "coordinates": [
          -112.07692,
          33.45927
        ]
      },
      "properties": {
        "id": "phoenix-osm-109829320",
        "temperatureF": 127.6,
        "temperatureC": 53.1,
        "baselineRuralF": 88,
        "deltaF": 39.6,
        "severity": "Critical",
        "surfaceType": "asphalt",
        "areaName": "Surface Asphalt Parking Expanse (OSM #9320)",
        "censusTract": "OSM Way #109829320 • 12 impervious ways/450m"
      }
    },
    {
      "type": "Feature",
      "geometry": {
        "type": "Point",
        "coordinates": [
          -112.07734,
          33.46092
        ]
      },
      "properties": {
        "id": "phoenix-osm-109829322",
        "temperatureF": 126,
        "temperatureC": 52.2,
        "baselineRuralF": 88,
        "deltaF": 38,
        "severity": "Critical",
        "surfaceType": "asphalt",
        "areaName": "Surface Asphalt Parking Expanse (OSM #9322)",
        "censusTract": "OSM Way #109829322 • 9 impervious ways/450m"
      }
    },
    {
      "type": "Feature",
      "geometry": {
        "type": "Point",
        "coordinates": [
          -112.06873,
          33.45294
        ]
      },
      "properties": {
        "id": "phoenix-osm-109829327",
        "temperatureF": 129.3,
        "temperatureC": 54.1,
        "baselineRuralF": 88,
        "deltaF": 41.3,
        "severity": "Critical",
        "surfaceType": "commercial_roof",
        "areaName": "Arizona Center",
        "censusTract": "OSM Way #109829327 • 17 impervious ways/450m"
      }
    },
    {
      "type": "Feature",
      "geometry": {
        "type": "Point",
        "coordinates": [
          -112.0722,
          33.46555
        ]
      },
      "properties": {
        "id": "phoenix-osm-109829329",
        "temperatureF": 125.5,
        "temperatureC": 51.9,
        "baselineRuralF": 88,
        "deltaF": 37.5,
        "severity": "Critical",
        "surfaceType": "commercial_roof",
        "areaName": "101 East McDowell Road (Commercial Retail Complex)",
        "censusTract": "OSM Way #109829329 • 10 impervious ways/450m"
      }
    },
    {
      "type": "Feature",
      "geometry": {
        "type": "Point",
        "coordinates": [
          -112.07227,
          33.46538
        ]
      },
      "properties": {
        "id": "phoenix-osm-109829331",
        "temperatureF": 125.5,
        "temperatureC": 51.9,
        "baselineRuralF": 88,
        "deltaF": 37.5,
        "severity": "Critical",
        "surfaceType": "commercial_roof",
        "areaName": "1437 North 1st Street (Commercial Retail Complex)",
        "censusTract": "OSM Way #109829331 • 10 impervious ways/450m"
      }
    },
    {
      "type": "Feature",
      "geometry": {
        "type": "Point",
        "coordinates": [
          -112.10086,
          33.44739
        ]
      },
      "properties": {
        "id": "phoenix-osm-109835039",
        "temperatureF": 128.2,
        "temperatureC": 53.4,
        "baselineRuralF": 88,
        "deltaF": 40.2,
        "severity": "Critical",
        "surfaceType": "commercial_roof",
        "areaName": "1910 West Jefferson Street (Commercial Retail Complex)",
        "censusTract": "OSM Way #109835039 • 15 impervious ways/450m"
      }
    },
    {
      "type": "Feature",
      "geometry": {
        "type": "Point",
        "coordinates": [
          -112.07473,
          33.44195
        ]
      },
      "properties": {
        "id": "phoenix-osm-109835049",
        "temperatureF": 130.7,
        "temperatureC": 54.8,
        "baselineRuralF": 88,
        "deltaF": 42.7,
        "severity": "Critical",
        "surfaceType": "commercial_roof",
        "areaName": "Commercial Retail Complex (OSM #5049)",
        "censusTract": "OSM Way #109835049 • 22 impervious ways/450m"
      }
    },
    {
      "type": "Feature",
      "geometry": {
        "type": "Point",
        "coordinates": [
          -112.07472,
          33.44266
        ]
      },
      "properties": {
        "id": "phoenix-osm-109835050",
        "temperatureF": 130.7,
        "temperatureC": 54.8,
        "baselineRuralF": 88,
        "deltaF": 42.7,
        "severity": "Critical",
        "surfaceType": "commercial_roof",
        "areaName": "Commercial Retail Complex (OSM #5050)",
        "censusTract": "OSM Way #109835050 • 25 impervious ways/450m"
      }
    },
    {
      "type": "Feature",
      "geometry": {
        "type": "Point",
        "coordinates": [
          -112.07438,
          33.44372
        ]
      },
      "properties": {
        "id": "phoenix-osm-109835056",
        "temperatureF": 132.5,
        "temperatureC": 55.8,
        "baselineRuralF": 88,
        "deltaF": 44.5,
        "severity": "Critical",
        "surfaceType": "asphalt",
        "areaName": "Surface Asphalt Parking Expanse (OSM #5056)",
        "censusTract": "OSM Way #109835056 • 29 impervious ways/450m"
      }
    },
    {
      "type": "Feature",
      "geometry": {
        "type": "Point",
        "coordinates": [
          -112.09785,
          33.45101
        ]
      },
      "properties": {
        "id": "phoenix-osm-109835057",
        "temperatureF": 131.5,
        "temperatureC": 55.3,
        "baselineRuralF": 88,
        "deltaF": 43.5,
        "severity": "Critical",
        "surfaceType": "commercial_roof",
        "areaName": "Central United Boxing Club",
        "censusTract": "OSM Way #109835057 • 25 impervious ways/450m"
      }
    },
    {
      "type": "Feature",
      "geometry": {
        "type": "Point",
        "coordinates": [
          -112.07788,
          33.44345
        ]
      },
      "properties": {
        "id": "phoenix-osm-109835062",
        "temperatureF": 130.7,
        "temperatureC": 54.8,
        "baselineRuralF": 88,
        "deltaF": 42.7,
        "severity": "Critical",
        "surfaceType": "commercial_roof",
        "areaName": "South 3rd Avenue (Commercial Retail Complex)",
        "censusTract": "OSM Way #109835062 • 21 impervious ways/450m"
      }
    },
    {
      "type": "Feature",
      "geometry": {
        "type": "Point",
        "coordinates": [
          -112.09885,
          33.45056
        ]
      },
      "properties": {
        "id": "phoenix-osm-109835069",
        "temperatureF": 131.5,
        "temperatureC": 55.3,
        "baselineRuralF": 88,
        "deltaF": 43.5,
        "severity": "Critical",
        "surfaceType": "commercial_roof",
        "areaName": "OneAZ Credit Union",
        "censusTract": "OSM Way #109835069 • 24 impervious ways/450m"
      }
    },
    {
      "type": "Feature",
      "geometry": {
        "type": "Point",
        "coordinates": [
          -112.09741,
          33.45178
        ]
      },
      "properties": {
        "id": "phoenix-osm-109835071",
        "temperatureF": 131.5,
        "temperatureC": 55.3,
        "baselineRuralF": 88,
        "deltaF": 43.5,
        "severity": "Critical",
        "surfaceType": "commercial_roof",
        "areaName": "Circle K",
        "censusTract": "OSM Way #109835071 • 25 impervious ways/450m"
      }
    },
    {
      "type": "Feature",
      "geometry": {
        "type": "Point",
        "coordinates": [
          -112.09854,
          33.45103
        ]
      },
      "properties": {
        "id": "phoenix-osm-109835073",
        "temperatureF": 131.5,
        "temperatureC": 55.3,
        "baselineRuralF": 88,
        "deltaF": 43.5,
        "severity": "Critical",
        "surfaceType": "commercial_roof",
        "areaName": "West Van Buren Street (Commercial Retail Complex)",
        "censusTract": "OSM Way #109835073 • 24 impervious ways/450m"
      }
    },
    {
      "type": "Feature",
      "geometry": {
        "type": "Point",
        "coordinates": [
          -112.08289,
          33.45403
        ]
      },
      "properties": {
        "id": "phoenix-osm-109835074",
        "temperatureF": 125.5,
        "temperatureC": 51.9,
        "baselineRuralF": 88,
        "deltaF": 37.5,
        "severity": "Critical",
        "surfaceType": "commercial_roof",
        "areaName": "Cocina Adamex",
        "censusTract": "OSM Way #109835074 • 10 impervious ways/450m"
      }
    },
    {
      "type": "Feature",
      "geometry": {
        "type": "Point",
        "coordinates": [
          -112.08407,
          33.45379
        ]
      },
      "properties": {
        "id": "phoenix-osm-109835078",
        "temperatureF": 124.4,
        "temperatureC": 51.3,
        "baselineRuralF": 88,
        "deltaF": 36.4,
        "severity": "Critical",
        "surfaceType": "commercial_roof",
        "areaName": "750 West Polk Street (Industrial Logistics Zone)",
        "censusTract": "OSM Way #109835078 • 8 impervious ways/450m"
      }
    },
    {
      "type": "Feature",
      "geometry": {
        "type": "Point",
        "coordinates": [
          -112.09265,
          33.45161
        ]
      },
      "properties": {
        "id": "phoenix-osm-109835082",
        "temperatureF": 126.9,
        "temperatureC": 52.7,
        "baselineRuralF": 88,
        "deltaF": 38.9,
        "severity": "Critical",
        "surfaceType": "commercial_roof",
        "areaName": "1540 West Van Buren Street (Commercial Retail Complex)",
        "censusTract": "OSM Way #109835082 • 14 impervious ways/450m"
      }
    },
    {
      "type": "Feature",
      "geometry": {
        "type": "Point",
        "coordinates": [
          -112.09899,
          33.45097
        ]
      },
      "properties": {
        "id": "phoenix-osm-109835084",
        "temperatureF": 131.5,
        "temperatureC": 55.3,
        "baselineRuralF": 88,
        "deltaF": 43.5,
        "severity": "Critical",
        "surfaceType": "commercial_roof",
        "areaName": "1817 West Van Buren Street (Commercial Retail Complex)",
        "censusTract": "OSM Way #109835084 • 23 impervious ways/450m"
      }
    },
    {
      "type": "Feature",
      "geometry": {
        "type": "Point",
        "coordinates": [
          -112.09927,
          33.44886
        ]
      },
      "properties": {
        "id": "phoenix-osm-109835087",
        "temperatureF": 131.5,
        "temperatureC": 55.3,
        "baselineRuralF": 88,
        "deltaF": 43.5,
        "severity": "Critical",
        "surfaceType": "commercial_roof",
        "areaName": "West Adams Street (Commercial Retail Complex)",
        "censusTract": "OSM Way #109835087 • 24 impervious ways/450m"
      }
    },
    {
      "type": "Feature",
      "geometry": {
        "type": "Point",
        "coordinates": [
          -112.07036,
          33.45417
        ]
      },
      "properties": {
        "id": "phoenix-osm-109835091",
        "temperatureF": 126.9,
        "temperatureC": 52.7,
        "baselineRuralF": 88,
        "deltaF": 38.9,
        "severity": "Critical",
        "surfaceType": "commercial_roof",
        "areaName": "Health North",
        "censusTract": "OSM Way #109835091 • 14 impervious ways/450m"
      }
    },
    {
      "type": "Feature",
      "geometry": {
        "type": "Point",
        "coordinates": [
          -112.07421,
          33.44299
        ]
      },
      "properties": {
        "id": "phoenix-osm-109835092",
        "temperatureF": 130.7,
        "temperatureC": 54.8,
        "baselineRuralF": 88,
        "deltaF": 42.7,
        "severity": "Critical",
        "surfaceType": "commercial_roof",
        "areaName": "Commercial Retail Complex (OSM #5092)",
        "censusTract": "OSM Way #109835092 • 28 impervious ways/450m"
      }
    },
    {
      "type": "Feature",
      "geometry": {
        "type": "Point",
        "coordinates": [
          -112.09839,
          33.45149
        ]
      },
      "properties": {
        "id": "phoenix-osm-109835093",
        "temperatureF": 131.5,
        "temperatureC": 55.3,
        "baselineRuralF": 88,
        "deltaF": 43.5,
        "severity": "Critical",
        "surfaceType": "commercial_roof",
        "areaName": "1802 West Van Buren Street (Commercial Retail Complex)",
        "censusTract": "OSM Way #109835093 • 22 impervious ways/450m"
      }
    },
    {
      "type": "Feature",
      "geometry": {
        "type": "Point",
        "coordinates": [
          -112.10086,
          33.44773
        ]
      },
      "properties": {
        "id": "phoenix-osm-109835098",
        "temperatureF": 128.8,
        "temperatureC": 53.8,
        "baselineRuralF": 88,
        "deltaF": 40.8,
        "severity": "Critical",
        "surfaceType": "commercial_roof",
        "areaName": "1905 West Washington Street (Commercial Retail Complex)",
        "censusTract": "OSM Way #109835098 • 16 impervious ways/450m"
      }
    },
    {
      "type": "Feature",
      "geometry": {
        "type": "Point",
        "coordinates": [
          -112.06819,
          33.45361
        ]
      },
      "properties": {
        "id": "phoenix-osm-109835104",
        "temperatureF": 130.6,
        "temperatureC": 54.8,
        "baselineRuralF": 88,
        "deltaF": 42.6,
        "severity": "Critical",
        "surfaceType": "asphalt",
        "areaName": "Arizona Center Parking",
        "censusTract": "OSM Way #109835104 • 16 impervious ways/450m"
      }
    },
    {
      "type": "Feature",
      "geometry": {
        "type": "Point",
        "coordinates": [
          -112.09873,
          33.45087
        ]
      },
      "properties": {
        "id": "phoenix-osm-109835105",
        "temperatureF": 131.5,
        "temperatureC": 55.3,
        "baselineRuralF": 88,
        "deltaF": 43.5,
        "severity": "Critical",
        "surfaceType": "commercial_roof",
        "areaName": "West Van Buren Street (Commercial Retail Complex)",
        "censusTract": "OSM Way #109835105 • 24 impervious ways/450m"
      }
    },
    {
      "type": "Feature",
      "geometry": {
        "type": "Point",
        "coordinates": [
          -112.10082,
          33.44849
        ]
      },
      "properties": {
        "id": "phoenix-osm-109835109",
        "temperatureF": 129.9,
        "temperatureC": 54.4,
        "baselineRuralF": 88,
        "deltaF": 41.9,
        "severity": "Critical",
        "surfaceType": "commercial_roof",
        "areaName": "1910 West Washington Street (Commercial Retail Complex)",
        "censusTract": "OSM Way #109835109 • 18 impervious ways/450m"
      }
    },
    {
      "type": "Feature",
      "geometry": {
        "type": "Point",
        "coordinates": [
          -112.07731,
          33.44356
        ]
      },
      "properties": {
        "id": "phoenix-osm-109835118",
        "temperatureF": 130.7,
        "temperatureC": 54.8,
        "baselineRuralF": 88,
        "deltaF": 42.7,
        "severity": "Critical",
        "surfaceType": "commercial_roof",
        "areaName": "435 South 3rd Avenue (Commercial Retail Complex)",
        "censusTract": "OSM Way #109835118 • 22 impervious ways/450m"
      }
    },
    {
      "type": "Feature",
      "geometry": {
        "type": "Point",
        "coordinates": [
          -112.09053,
          33.45156
        ]
      },
      "properties": {
        "id": "phoenix-osm-109835120",
        "temperatureF": 123.8,
        "temperatureC": 51,
        "baselineRuralF": 88,
        "deltaF": 35.8,
        "severity": "Critical",
        "surfaceType": "commercial_roof",
        "areaName": "1402 West Van Buren Street (Commercial Retail Complex)",
        "censusTract": "OSM Way #109835120 • 7 impervious ways/450m"
      }
    },
    {
      "type": "Feature",
      "geometry": {
        "type": "Point",
        "coordinates": [
          -112.09842,
          33.45173
        ]
      },
      "properties": {
        "id": "phoenix-osm-109835121",
        "temperatureF": 131.5,
        "temperatureC": 55.3,
        "baselineRuralF": 88,
        "deltaF": 43.5,
        "severity": "Critical",
        "surfaceType": "commercial_roof",
        "areaName": "312 North 18th Avenue (Commercial Retail Complex)",
        "censusTract": "OSM Way #109835121 • 22 impervious ways/450m"
      }
    },
    {
      "type": "Feature",
      "geometry": {
        "type": "Point",
        "coordinates": [
          -112.10047,
          33.44445
        ]
      },
      "properties": {
        "id": "phoenix-osm-109835122",
        "temperatureF": 122.7,
        "temperatureC": 50.4,
        "baselineRuralF": 88,
        "deltaF": 34.7,
        "severity": "Critical",
        "surfaceType": "commercial_roof",
        "areaName": "Commercial Retail Complex (OSM #5122)",
        "censusTract": "OSM Way #109835122 • 5 impervious ways/450m"
      }
    },
    {
      "type": "Feature",
      "geometry": {
        "type": "Point",
        "coordinates": [
          -112.09985,
          33.44443
        ]
      },
      "properties": {
        "id": "phoenix-osm-109835127",
        "temperatureF": 122.7,
        "temperatureC": 50.4,
        "baselineRuralF": 88,
        "deltaF": 34.7,
        "severity": "Critical",
        "surfaceType": "commercial_roof",
        "areaName": "Commercial Retail Complex (OSM #5127)",
        "censusTract": "OSM Way #109835127 • 5 impervious ways/450m"
      }
    },
    {
      "type": "Feature",
      "geometry": {
        "type": "Point",
        "coordinates": [
          -112.09932,
          33.45104
        ]
      },
      "properties": {
        "id": "phoenix-osm-109835131",
        "temperatureF": 131.5,
        "temperatureC": 55.3,
        "baselineRuralF": 88,
        "deltaF": 43.5,
        "severity": "Critical",
        "surfaceType": "commercial_roof",
        "areaName": "Jack in the Box",
        "censusTract": "OSM Way #109835131 • 23 impervious ways/450m"
      }
    },
    {
      "type": "Feature",
      "geometry": {
        "type": "Point",
        "coordinates": [
          -112.08334,
          33.45354
        ]
      },
      "properties": {
        "id": "phoenix-osm-109835133",
        "temperatureF": 125.5,
        "temperatureC": 51.9,
        "baselineRuralF": 88,
        "deltaF": 37.5,
        "severity": "Critical",
        "surfaceType": "commercial_roof",
        "areaName": "Wolfe's Demolition, LLC",
        "censusTract": "OSM Way #109835133 • 10 impervious ways/450m"
      }
    },
    {
      "type": "Feature",
      "geometry": {
        "type": "Point",
        "coordinates": [
          -112.07207,
          33.44572
        ]
      },
      "properties": {
        "id": "phoenix-osm-109835135",
        "temperatureF": 131.8,
        "temperatureC": 55.4,
        "baselineRuralF": 88,
        "deltaF": 43.8,
        "severity": "Critical",
        "surfaceType": "asphalt",
        "areaName": "Surface Asphalt Parking Expanse (OSM #5135)",
        "censusTract": "OSM Way #109835135 • 27 impervious ways/450m"
      }
    },
    {
      "type": "Feature",
      "geometry": {
        "type": "Point",
        "coordinates": [
          -112.08362,
          33.45315
        ]
      },
      "properties": {
        "id": "phoenix-osm-109835139",
        "temperatureF": 125.5,
        "temperatureC": 51.9,
        "baselineRuralF": 88,
        "deltaF": 37.5,
        "severity": "Critical",
        "surfaceType": "commercial_roof",
        "areaName": "Aztec Documents",
        "censusTract": "OSM Way #109835139 • 10 impervious ways/450m"
      }
    },
    {
      "type": "Feature",
      "geometry": {
        "type": "Point",
        "coordinates": [
          -112.09939,
          33.44437
        ]
      },
      "properties": {
        "id": "phoenix-osm-109835142",
        "temperatureF": 122.7,
        "temperatureC": 50.4,
        "baselineRuralF": 88,
        "deltaF": 34.7,
        "severity": "Critical",
        "surfaceType": "commercial_roof",
        "areaName": "Commercial Retail Complex (OSM #5142)",
        "censusTract": "OSM Way #109835142 • 5 impervious ways/450m"
      }
    },
    {
      "type": "Feature",
      "geometry": {
        "type": "Point",
        "coordinates": [
          -112.09888,
          33.45178
        ]
      },
      "properties": {
        "id": "phoenix-osm-109835144",
        "temperatureF": 131.5,
        "temperatureC": 55.3,
        "baselineRuralF": 88,
        "deltaF": 43.5,
        "severity": "Critical",
        "surfaceType": "commercial_roof",
        "areaName": "Chase",
        "censusTract": "OSM Way #109835144 • 21 impervious ways/450m"
      }
    },
    {
      "type": "Feature",
      "geometry": {
        "type": "Point",
        "coordinates": [
          -112.07446,
          33.44764
        ]
      },
      "properties": {
        "id": "phoenix-osm-109835147",
        "temperatureF": 130.7,
        "temperatureC": 54.8,
        "baselineRuralF": 88,
        "deltaF": 42.7,
        "severity": "Critical",
        "surfaceType": "commercial_roof",
        "areaName": "CityScape Phoenix",
        "censusTract": "OSM Way #109835147 • 23 impervious ways/450m"
      }
    },
    {
      "type": "Feature",
      "geometry": {
        "type": "Point",
        "coordinates": [
          -112.09382,
          33.45162
        ]
      },
      "properties": {
        "id": "phoenix-osm-109835150",
        "temperatureF": 130.7,
        "temperatureC": 54.8,
        "baselineRuralF": 88,
        "deltaF": 42.7,
        "severity": "Critical",
        "surfaceType": "commercial_roof",
        "areaName": "West Van Buren Street (Commercial Retail Complex)",
        "censusTract": "OSM Way #109835150 • 21 impervious ways/450m"
      }
    },
    {
      "type": "Feature",
      "geometry": {
        "type": "Point",
        "coordinates": [
          -112.09982,
          33.44893
        ]
      },
      "properties": {
        "id": "phoenix-osm-109835155",
        "temperatureF": 131.5,
        "temperatureC": 55.3,
        "baselineRuralF": 88,
        "deltaF": 43.5,
        "severity": "Critical",
        "surfaceType": "commercial_roof",
        "areaName": "1835 West Adams Street (Commercial Retail Complex)",
        "censusTract": "OSM Way #109835155 • 22 impervious ways/450m"
      }
    },
    {
      "type": "Feature",
      "geometry": {
        "type": "Point",
        "coordinates": [
          -112.09329,
          33.45163
        ]
      },
      "properties": {
        "id": "phoenix-osm-109835156",
        "temperatureF": 128,
        "temperatureC": 53.3,
        "baselineRuralF": 88,
        "deltaF": 40,
        "severity": "Critical",
        "surfaceType": "commercial_roof",
        "areaName": "1550 West Van Buren Street (Commercial Retail Complex)",
        "censusTract": "OSM Way #109835156 • 16 impervious ways/450m"
      }
    },
    {
      "type": "Feature",
      "geometry": {
        "type": "Point",
        "coordinates": [
          -112.09845,
          33.45159
        ]
      },
      "properties": {
        "id": "phoenix-osm-109835159",
        "temperatureF": 131.5,
        "temperatureC": 55.3,
        "baselineRuralF": 88,
        "deltaF": 43.5,
        "severity": "Critical",
        "surfaceType": "commercial_roof",
        "areaName": "1800 West Van Buren Street (Commercial Retail Complex)",
        "censusTract": "OSM Way #109835159 • 22 impervious ways/450m"
      }
    },
    {
      "type": "Feature",
      "geometry": {
        "type": "Point",
        "coordinates": [
          -112.07892,
          33.44248
        ]
      },
      "properties": {
        "id": "phoenix-osm-109835161",
        "temperatureF": 127.5,
        "temperatureC": 53.1,
        "baselineRuralF": 88,
        "deltaF": 39.5,
        "severity": "Critical",
        "surfaceType": "commercial_roof",
        "areaName": "320 West Lincoln Street (Commercial Retail Complex)",
        "censusTract": "OSM Way #109835161 • 15 impervious ways/450m"
      }
    },
    {
      "type": "Feature",
      "geometry": {
        "type": "Point",
        "coordinates": [
          -112.07595,
          33.44308
        ]
      },
      "properties": {
        "id": "phoenix-osm-109835162",
        "temperatureF": 130.7,
        "temperatureC": 54.8,
        "baselineRuralF": 88,
        "deltaF": 42.7,
        "severity": "Critical",
        "surfaceType": "commercial_roof",
        "areaName": "Commercial Retail Complex (OSM #5162)",
        "censusTract": "OSM Way #109835162 • 23 impervious ways/450m"
      }
    },
    {
      "type": "Feature",
      "geometry": {
        "type": "Point",
        "coordinates": [
          -112.07681,
          33.44348
        ]
      },
      "properties": {
        "id": "phoenix-osm-109835166",
        "temperatureF": 130.7,
        "temperatureC": 54.8,
        "baselineRuralF": 88,
        "deltaF": 42.7,
        "severity": "Critical",
        "surfaceType": "commercial_roof",
        "areaName": "Commercial Retail Complex (OSM #5166)",
        "censusTract": "OSM Way #109835166 • 24 impervious ways/450m"
      }
    },
    {
      "type": "Feature",
      "geometry": {
        "type": "Point",
        "coordinates": [
          -112.07336,
          33.4466
        ]
      },
      "properties": {
        "id": "phoenix-osm-109838122",
        "temperatureF": 132.5,
        "temperatureC": 55.8,
        "baselineRuralF": 88,
        "deltaF": 44.5,
        "severity": "Critical",
        "surfaceType": "asphalt",
        "areaName": "Surface Asphalt Parking Expanse (OSM #8122)",
        "censusTract": "OSM Way #109838122 • 24 impervious ways/450m"
      }
    },
    {
      "type": "Feature",
      "geometry": {
        "type": "Point",
        "coordinates": [
          -112.0721,
          33.44295
        ]
      },
      "properties": {
        "id": "phoenix-osm-109838137",
        "temperatureF": 131.5,
        "temperatureC": 55.3,
        "baselineRuralF": 88,
        "deltaF": 43.5,
        "severity": "Critical",
        "surfaceType": "commercial_roof",
        "areaName": "101 East Buchanan Street (Commercial Retail Complex)",
        "censusTract": "OSM Way #109838137 • 25 impervious ways/450m"
      }
    },
    {
      "type": "Feature",
      "geometry": {
        "type": "Point",
        "coordinates": [
          -112.07349,
          33.4425
        ]
      },
      "properties": {
        "id": "phoenix-osm-109838188",
        "temperatureF": 130.7,
        "temperatureC": 54.8,
        "baselineRuralF": 88,
        "deltaF": 42.7,
        "severity": "Critical",
        "surfaceType": "commercial_roof",
        "areaName": "525 South Central Avenue (Commercial Retail Complex)",
        "censusTract": "OSM Way #109838188 • 25 impervious ways/450m"
      }
    },
    {
      "type": "Feature",
      "geometry": {
        "type": "Point",
        "coordinates": [
          -112.07415,
          33.44246
        ]
      },
      "properties": {
        "id": "phoenix-osm-109838191",
        "temperatureF": 130.7,
        "temperatureC": 54.8,
        "baselineRuralF": 88,
        "deltaF": 42.7,
        "severity": "Critical",
        "surfaceType": "commercial_roof",
        "areaName": "Commercial Retail Complex (OSM #8191)",
        "censusTract": "OSM Way #109838191 • 26 impervious ways/450m"
      }
    },
    {
      "type": "Feature",
      "geometry": {
        "type": "Point",
        "coordinates": [
          -112.07229,
          33.45809
        ]
      },
      "properties": {
        "id": "phoenix-osm-109878520",
        "temperatureF": 126,
        "temperatureC": 52.2,
        "baselineRuralF": 88,
        "deltaF": 38,
        "severity": "Critical",
        "surfaceType": "commercial_roof",
        "areaName": "909 North 1st Street (Commercial Retail Complex)",
        "censusTract": "OSM Way #109878520 • 11 impervious ways/450m"
      }
    },
    {
      "type": "Feature",
      "geometry": {
        "type": "Point",
        "coordinates": [
          -112.10063,
          33.45097
        ]
      },
      "properties": {
        "id": "phoenix-osm-109921042",
        "temperatureF": 131.5,
        "temperatureC": 55.3,
        "baselineRuralF": 88,
        "deltaF": 43.5,
        "severity": "Critical",
        "surfaceType": "commercial_roof",
        "areaName": "1909 West Van Buren Street (Commercial Retail Complex)",
        "censusTract": "OSM Way #109921042 • 22 impervious ways/450m"
      }
    },
    {
      "type": "Feature",
      "geometry": {
        "type": "Point",
        "coordinates": [
          -112.10062,
          33.45058
        ]
      },
      "properties": {
        "id": "phoenix-osm-109921086",
        "temperatureF": 131.5,
        "temperatureC": 55.3,
        "baselineRuralF": 88,
        "deltaF": 43.5,
        "severity": "Critical",
        "surfaceType": "commercial_roof",
        "areaName": "202 North 19th Avenue (Commercial Retail Complex)",
        "censusTract": "OSM Way #109921086 • 22 impervious ways/450m"
      }
    },
    {
      "type": "Feature",
      "geometry": {
        "type": "Point",
        "coordinates": [
          -112.09075,
          33.44741
        ]
      },
      "properties": {
        "id": "phoenix-osm-109924612",
        "temperatureF": 123.6,
        "temperatureC": 50.9,
        "baselineRuralF": 88,
        "deltaF": 35.6,
        "severity": "Critical",
        "surfaceType": "asphalt",
        "areaName": "Arizona State — Surface Asphalt Parking Expanse",
        "censusTract": "OSM Way #109924612 • 6 impervious ways/450m"
      }
    },
    {
      "type": "Feature",
      "geometry": {
        "type": "Point",
        "coordinates": [
          -112.09318,
          33.45099
        ]
      },
      "properties": {
        "id": "phoenix-osm-109924613",
        "temperatureF": 128,
        "temperatureC": 53.3,
        "baselineRuralF": 88,
        "deltaF": 40,
        "severity": "Critical",
        "surfaceType": "commercial_roof",
        "areaName": "1551 West Van Buren Street (Commercial Retail Complex)",
        "censusTract": "OSM Way #109924613 • 16 impervious ways/450m"
      }
    },
    {
      "type": "Feature",
      "geometry": {
        "type": "Point",
        "coordinates": [
          -112.09459,
          33.44765
        ]
      },
      "properties": {
        "id": "phoenix-osm-109924616",
        "temperatureF": 126.5,
        "temperatureC": 52.5,
        "baselineRuralF": 88,
        "deltaF": 38.5,
        "severity": "Critical",
        "surfaceType": "asphalt",
        "areaName": "Surface Asphalt Parking Expanse (OSM #4616)",
        "censusTract": "OSM Way #109924616 • 10 impervious ways/450m"
      }
    },
    {
      "type": "Feature",
      "geometry": {
        "type": "Point",
        "coordinates": [
          -112.09479,
          33.44868
        ]
      },
      "properties": {
        "id": "phoenix-osm-109924619",
        "temperatureF": 132.5,
        "temperatureC": 55.8,
        "baselineRuralF": 88,
        "deltaF": 44.5,
        "severity": "Critical",
        "surfaceType": "asphalt",
        "areaName": "Surface Asphalt Parking Expanse (OSM #4619)",
        "censusTract": "OSM Way #109924619 • 21 impervious ways/450m"
      }
    },
    {
      "type": "Feature",
      "geometry": {
        "type": "Point",
        "coordinates": [
          -112.09494,
          33.45098
        ]
      },
      "properties": {
        "id": "phoenix-osm-109924630",
        "temperatureF": 132.5,
        "temperatureC": 55.8,
        "baselineRuralF": 88,
        "deltaF": 44.5,
        "severity": "Critical",
        "surfaceType": "asphalt",
        "areaName": "West Van Buren Street (Surface Asphalt Parking Expanse)",
        "censusTract": "OSM Way #109924630 • 25 impervious ways/450m"
      }
    },
    {
      "type": "Feature",
      "geometry": {
        "type": "Point",
        "coordinates": [
          -112.08387,
          33.45122
        ]
      },
      "properties": {
        "id": "phoenix-osm-109930825",
        "temperatureF": 127.7,
        "temperatureC": 53.2,
        "baselineRuralF": 88,
        "deltaF": 39.7,
        "severity": "Critical",
        "surfaceType": "commercial_roof",
        "areaName": "Commercial Retail Complex (OSM #0825)",
        "censusTract": "OSM Way #109930825 • 14 impervious ways/450m"
      }
    },
    {
      "type": "Feature",
      "geometry": {
        "type": "Point",
        "coordinates": [
          -112.08424,
          33.45061
        ]
      },
      "properties": {
        "id": "phoenix-osm-109930831",
        "temperatureF": 128.7,
        "temperatureC": 53.7,
        "baselineRuralF": 88,
        "deltaF": 40.7,
        "severity": "Critical",
        "surfaceType": "asphalt",
        "areaName": "Surface Asphalt Parking Expanse (OSM #0831)",
        "censusTract": "OSM Way #109930831 • 14 impervious ways/450m"
      }
    },
    {
      "type": "Feature",
      "geometry": {
        "type": "Point",
        "coordinates": [
          -112.08449,
          33.45121
        ]
      },
      "properties": {
        "id": "phoenix-osm-109930832",
        "temperatureF": 127.7,
        "temperatureC": 53.2,
        "baselineRuralF": 88,
        "deltaF": 39.7,
        "severity": "Critical",
        "surfaceType": "commercial_roof",
        "areaName": "Commercial Retail Complex (OSM #0832)",
        "censusTract": "OSM Way #109930832 • 14 impervious ways/450m"
      }
    },
    {
      "type": "Feature",
      "geometry": {
        "type": "Point",
        "coordinates": [
          -112.08314,
          33.4464
        ]
      },
      "properties": {
        "id": "phoenix-osm-109930833",
        "temperatureF": 124.9,
        "temperatureC": 51.6,
        "baselineRuralF": 88,
        "deltaF": 36.9,
        "severity": "Critical",
        "surfaceType": "asphalt",
        "areaName": "Surface Asphalt Parking Expanse (OSM #0833)",
        "censusTract": "OSM Way #109930833 • 7 impervious ways/450m"
      }
    },
    {
      "type": "Feature",
      "geometry": {
        "type": "Point",
        "coordinates": [
          -112.08986,
          33.45715
        ]
      },
      "properties": {
        "id": "phoenix-osm-109935262",
        "temperatureF": 122.2,
        "temperatureC": 50.1,
        "baselineRuralF": 88,
        "deltaF": 34.2,
        "severity": "Critical",
        "surfaceType": "commercial_roof",
        "areaName": "1301 Grand Avenue (Commercial Retail Complex)",
        "censusTract": "OSM Way #109935262 • 4 impervious ways/450m"
      }
    },
    {
      "type": "Feature",
      "geometry": {
        "type": "Point",
        "coordinates": [
          -112.09431,
          33.45531
        ]
      },
      "properties": {
        "id": "phoenix-osm-109935267",
        "temperatureF": 124.4,
        "temperatureC": 51.3,
        "baselineRuralF": 88,
        "deltaF": 36.4,
        "severity": "Critical",
        "surfaceType": "commercial_roof",
        "areaName": "Industrial Logistics Zone (OSM #5267)",
        "censusTract": "OSM Way #109935267 • 8 impervious ways/450m"
      }
    },
    {
      "type": "Feature",
      "geometry": {
        "type": "Point",
        "coordinates": [
          -112.09437,
          33.45618
        ]
      },
      "properties": {
        "id": "phoenix-osm-109935272",
        "temperatureF": 122.2,
        "temperatureC": 50.1,
        "baselineRuralF": 88,
        "deltaF": 34.2,
        "severity": "Critical",
        "surfaceType": "commercial_roof",
        "areaName": "Industrial Logistics Zone (OSM #5272)",
        "censusTract": "OSM Way #109935272 • 4 impervious ways/450m"
      }
    },
    {
      "type": "Feature",
      "geometry": {
        "type": "Point",
        "coordinates": [
          -112.09014,
          33.45733
        ]
      },
      "properties": {
        "id": "phoenix-osm-109935273",
        "temperatureF": 122.7,
        "temperatureC": 50.4,
        "baselineRuralF": 88,
        "deltaF": 34.7,
        "severity": "Critical",
        "surfaceType": "commercial_roof",
        "areaName": "1325 Grand Avenue (Commercial Retail Complex)",
        "censusTract": "OSM Way #109935273 • 5 impervious ways/450m"
      }
    },
    {
      "type": "Feature",
      "geometry": {
        "type": "Point",
        "coordinates": [
          -112.09064,
          33.45757
        ]
      },
      "properties": {
        "id": "phoenix-osm-109935274",
        "temperatureF": 125.1,
        "temperatureC": 51.7,
        "baselineRuralF": 88,
        "deltaF": 37.1,
        "severity": "Critical",
        "surfaceType": "asphalt",
        "areaName": "Surface Asphalt Parking Expanse (OSM #5274)",
        "censusTract": "OSM Way #109935274 • 6 impervious ways/450m"
      }
    },
    {
      "type": "Feature",
      "geometry": {
        "type": "Point",
        "coordinates": [
          -112.09678,
          33.45152
        ]
      },
      "properties": {
        "id": "phoenix-osm-109968152",
        "temperatureF": 130.7,
        "temperatureC": 54.8,
        "baselineRuralF": 88,
        "deltaF": 42.7,
        "severity": "Critical",
        "surfaceType": "commercial_roof",
        "areaName": "1724 West Van Buren Street (Commercial Retail Complex)",
        "censusTract": "OSM Way #109968152 • 26 impervious ways/450m"
      }
    },
    {
      "type": "Feature",
      "geometry": {
        "type": "Point",
        "coordinates": [
          -112.09618,
          33.45159
        ]
      },
      "properties": {
        "id": "phoenix-osm-109968155",
        "temperatureF": 130.7,
        "temperatureC": 54.8,
        "baselineRuralF": 88,
        "deltaF": 42.7,
        "severity": "Critical",
        "surfaceType": "commercial_roof",
        "areaName": "Enterprise",
        "censusTract": "OSM Way #109968155 • 27 impervious ways/450m"
      }
    },
    {
      "type": "Feature",
      "geometry": {
        "type": "Point",
        "coordinates": [
          -112.09591,
          33.45154
        ]
      },
      "properties": {
        "id": "phoenix-osm-109968164",
        "temperatureF": 130.7,
        "temperatureC": 54.8,
        "baselineRuralF": 88,
        "deltaF": 42.7,
        "severity": "Critical",
        "surfaceType": "commercial_roof",
        "areaName": "1702 West Van Buren Street (Commercial Retail Complex)",
        "censusTract": "OSM Way #109968164 • 27 impervious ways/450m"
      }
    },
    {
      "type": "Feature",
      "geometry": {
        "type": "Point",
        "coordinates": [
          -112.09645,
          33.4515
        ]
      },
      "properties": {
        "id": "phoenix-osm-109968165",
        "temperatureF": 130.7,
        "temperatureC": 54.8,
        "baselineRuralF": 88,
        "deltaF": 42.7,
        "severity": "Critical",
        "surfaceType": "commercial_roof",
        "areaName": "1714 West Van Buren Street (Commercial Retail Complex)",
        "censusTract": "OSM Way #109968165 • 26 impervious ways/450m"
      }
    },
    {
      "type": "Feature",
      "geometry": {
        "type": "Point",
        "coordinates": [
          -112.07986,
          33.46557
        ]
      },
      "properties": {
        "id": "phoenix-osm-109972293",
        "temperatureF": 122.7,
        "temperatureC": 50.4,
        "baselineRuralF": 88,
        "deltaF": 34.7,
        "severity": "Critical",
        "surfaceType": "commercial_roof",
        "areaName": "Revival Art Collective",
        "censusTract": "OSM Way #109972293 • 5 impervious ways/450m"
      }
    },
    {
      "type": "Feature",
      "geometry": {
        "type": "Point",
        "coordinates": [
          -112.07781,
          33.46553
        ]
      },
      "properties": {
        "id": "phoenix-osm-109972295",
        "temperatureF": 125.5,
        "temperatureC": 51.9,
        "baselineRuralF": 88,
        "deltaF": 37.5,
        "severity": "Critical",
        "surfaceType": "commercial_roof",
        "areaName": "Western States Ticket Services",
        "censusTract": "OSM Way #109972295 • 10 impervious ways/450m"
      }
    },
    {
      "type": "Feature",
      "geometry": {
        "type": "Point",
        "coordinates": [
          -112.07701,
          33.46553
        ]
      },
      "properties": {
        "id": "phoenix-osm-109972296",
        "temperatureF": 126.6,
        "temperatureC": 52.6,
        "baselineRuralF": 88,
        "deltaF": 38.6,
        "severity": "Critical",
        "surfaceType": "commercial_roof",
        "areaName": "125 West McDowell Road (Commercial Retail Complex)",
        "censusTract": "OSM Way #109972296 • 12 impervious ways/450m"
      }
    },
    {
      "type": "Feature",
      "geometry": {
        "type": "Point",
        "coordinates": [
          -112.07853,
          33.46558
        ]
      },
      "properties": {
        "id": "phoenix-osm-109972297",
        "temperatureF": 124.4,
        "temperatureC": 51.3,
        "baselineRuralF": 88,
        "deltaF": 36.4,
        "severity": "Critical",
        "surfaceType": "commercial_roof",
        "areaName": "303 West McDowell Road (Commercial Retail Complex)",
        "censusTract": "OSM Way #109972297 • 8 impervious ways/450m"
      }
    },
    {
      "type": "Feature",
      "geometry": {
        "type": "Point",
        "coordinates": [
          -112.07735,
          33.46555
        ]
      },
      "properties": {
        "id": "phoenix-osm-109972304",
        "temperatureF": 125.5,
        "temperatureC": 51.9,
        "baselineRuralF": 88,
        "deltaF": 37.5,
        "severity": "Critical",
        "surfaceType": "commercial_roof",
        "areaName": "Commercial Property Maintenance",
        "censusTract": "OSM Way #109972304 • 10 impervious ways/450m"
      }
    },
    {
      "type": "Feature",
      "geometry": {
        "type": "Point",
        "coordinates": [
          -112.08004,
          33.46561
        ]
      },
      "properties": {
        "id": "phoenix-osm-109972308",
        "temperatureF": 122.7,
        "temperatureC": 50.4,
        "baselineRuralF": 88,
        "deltaF": 34.7,
        "severity": "Critical",
        "surfaceType": "commercial_roof",
        "areaName": "Life Challenge Inc",
        "censusTract": "OSM Way #109972308 • 5 impervious ways/450m"
      }
    },
    {
      "type": "Feature",
      "geometry": {
        "type": "Point",
        "coordinates": [
          -112.06407,
          33.45032
        ]
      },
      "properties": {
        "id": "phoenix-osm-110199777",
        "temperatureF": 132,
        "temperatureC": 55.6,
        "baselineRuralF": 88,
        "deltaF": 44,
        "severity": "Critical",
        "surfaceType": "asphalt",
        "areaName": "Surface Asphalt Parking Expanse (OSM #9777)",
        "censusTract": "OSM Way #110199777 • 20 impervious ways/450m"
      }
    },
    {
      "type": "Feature",
      "geometry": {
        "type": "Point",
        "coordinates": [
          -112.06452,
          33.45104
        ]
      },
      "properties": {
        "id": "phoenix-osm-110199780",
        "temperatureF": 132,
        "temperatureC": 55.6,
        "baselineRuralF": 88,
        "deltaF": 44,
        "severity": "Critical",
        "surfaceType": "asphalt",
        "areaName": "Surface Asphalt Parking Expanse (OSM #9780)",
        "censusTract": "OSM Way #110199780 • 20 impervious ways/450m"
      }
    },
    {
      "type": "Feature",
      "geometry": {
        "type": "Point",
        "coordinates": [
          -112.06793,
          33.44951
        ]
      },
      "properties": {
        "id": "phoenix-osm-110199787",
        "temperatureF": 127,
        "temperatureC": 52.8,
        "baselineRuralF": 88,
        "deltaF": 39,
        "severity": "Critical",
        "surfaceType": "asphalt",
        "areaName": "Surface Asphalt Parking Expanse (OSM #9787)",
        "censusTract": "OSM Way #110199787 • 15 impervious ways/450m"
      }
    },
    {
      "type": "Feature",
      "geometry": {
        "type": "Point",
        "coordinates": [
          -112.07739,
          33.45803
        ]
      },
      "properties": {
        "id": "phoenix-osm-110360825",
        "temperatureF": 100.1,
        "temperatureC": 37.8,
        "baselineRuralF": 88,
        "deltaF": 12.1,
        "severity": "Moderate",
        "surfaceType": "canopy",
        "areaName": "Roosevelt Park",
        "censusTract": "OSM Way #110360825 • 11 impervious ways/450m"
      }
    },
    {
      "type": "Feature",
      "geometry": {
        "type": "Point",
        "coordinates": [
          -112.06011,
          33.4447
        ]
      },
      "properties": {
        "id": "phoenix-osm-110361525",
        "temperatureF": 124.9,
        "temperatureC": 51.6,
        "baselineRuralF": 88,
        "deltaF": 36.9,
        "severity": "Critical",
        "surfaceType": "commercial_roof",
        "areaName": "Commercial Retail Complex (OSM #1525)",
        "censusTract": "OSM Way #110361525 • 9 impervious ways/450m"
      }
    },
    {
      "type": "Feature",
      "geometry": {
        "type": "Point",
        "coordinates": [
          -112.06263,
          33.44649
        ]
      },
      "properties": {
        "id": "phoenix-osm-110361526",
        "temperatureF": 128.2,
        "temperatureC": 53.4,
        "baselineRuralF": 88,
        "deltaF": 40.2,
        "severity": "Critical",
        "surfaceType": "commercial_roof",
        "areaName": "Commercial Retail Complex (OSM #1526)",
        "censusTract": "OSM Way #110361526 • 19 impervious ways/450m"
      }
    },
    {
      "type": "Feature",
      "geometry": {
        "type": "Point",
        "coordinates": [
          -112.05859,
          33.44668
        ]
      },
      "properties": {
        "id": "phoenix-osm-110361529",
        "temperatureF": 124.9,
        "temperatureC": 51.6,
        "baselineRuralF": 88,
        "deltaF": 36.9,
        "severity": "Critical",
        "surfaceType": "commercial_roof",
        "areaName": "1101 East Jefferson Street (Commercial Retail Complex)",
        "censusTract": "OSM Way #110361529 • 9 impervious ways/450m"
      }
    },
    {
      "type": "Feature",
      "geometry": {
        "type": "Point",
        "coordinates": [
          -112.06174,
          33.44667
        ]
      },
      "properties": {
        "id": "phoenix-osm-110361531",
        "temperatureF": 129.1,
        "temperatureC": 53.9,
        "baselineRuralF": 88,
        "deltaF": 41.1,
        "severity": "Critical",
        "surfaceType": "commercial_roof",
        "areaName": "901 East Jefferson Street (Commercial Retail Complex)",
        "censusTract": "OSM Way #110361531 • 18 impervious ways/450m"
      }
    },
    {
      "type": "Feature",
      "geometry": {
        "type": "Point",
        "coordinates": [
          -112.06364,
          33.44536
        ]
      },
      "properties": {
        "id": "phoenix-osm-110361534",
        "temperatureF": 125.8,
        "temperatureC": 52.1,
        "baselineRuralF": 88,
        "deltaF": 37.8,
        "severity": "Critical",
        "surfaceType": "commercial_roof",
        "areaName": "Commercial Retail Complex (OSM #1534)",
        "censusTract": "OSM Way #110361534 • 16 impervious ways/450m"
      }
    },
    {
      "type": "Feature",
      "geometry": {
        "type": "Point",
        "coordinates": [
          -112.05942,
          33.44667
        ]
      },
      "properties": {
        "id": "phoenix-osm-110361535",
        "temperatureF": 127.1,
        "temperatureC": 52.8,
        "baselineRuralF": 88,
        "deltaF": 39.1,
        "severity": "Critical",
        "surfaceType": "commercial_roof",
        "areaName": "1035 East Jefferson Street (Commercial Retail Complex)",
        "censusTract": "OSM Way #110361535 • 13 impervious ways/450m"
      }
    },
    {
      "type": "Feature",
      "geometry": {
        "type": "Point",
        "coordinates": [
          -112.06485,
          33.45922
        ]
      },
      "properties": {
        "id": "phoenix-osm-110639035",
        "temperatureF": 124.9,
        "temperatureC": 51.6,
        "baselineRuralF": 88,
        "deltaF": 36.9,
        "severity": "Critical",
        "surfaceType": "commercial_roof",
        "areaName": "1015 North 7th Street (Commercial Retail Complex)",
        "censusTract": "OSM Way #110639035 • 9 impervious ways/450m"
      }
    },
    {
      "type": "Feature",
      "geometry": {
        "type": "Point",
        "coordinates": [
          -112.06459,
          33.45884
        ]
      },
      "properties": {
        "id": "phoenix-osm-110639040",
        "temperatureF": 124.9,
        "temperatureC": 51.6,
        "baselineRuralF": 88,
        "deltaF": 36.9,
        "severity": "Critical",
        "surfaceType": "commercial_roof",
        "areaName": "712 East Roosevelt Street (Commercial Retail Complex)",
        "censusTract": "OSM Way #110639040 • 9 impervious ways/450m"
      }
    },
    {
      "type": "Feature",
      "geometry": {
        "type": "Point",
        "coordinates": [
          -112.06479,
          33.45732
        ]
      },
      "properties": {
        "id": "phoenix-osm-110639041",
        "temperatureF": 125.5,
        "temperatureC": 51.9,
        "baselineRuralF": 88,
        "deltaF": 37.5,
        "severity": "Critical",
        "surfaceType": "commercial_roof",
        "areaName": "825 North 7th Street (Commercial Retail Complex)",
        "censusTract": "OSM Way #110639041 • 10 impervious ways/450m"
      }
    },
    {
      "type": "Feature",
      "geometry": {
        "type": "Point",
        "coordinates": [
          -112.06491,
          33.45936
        ]
      },
      "properties": {
        "id": "phoenix-osm-110639052",
        "temperatureF": 124.9,
        "temperatureC": 51.6,
        "baselineRuralF": 88,
        "deltaF": 36.9,
        "severity": "Critical",
        "surfaceType": "commercial_roof",
        "areaName": "1017 North 7th Street (Commercial Retail Complex)",
        "censusTract": "OSM Way #110639052 • 9 impervious ways/450m"
      }
    },
    {
      "type": "Feature",
      "geometry": {
        "type": "Point",
        "coordinates": [
          -112.06476,
          33.45967
        ]
      },
      "properties": {
        "id": "phoenix-osm-110639057",
        "temperatureF": 124.9,
        "temperatureC": 51.6,
        "baselineRuralF": 88,
        "deltaF": 36.9,
        "severity": "Critical",
        "surfaceType": "commercial_roof",
        "areaName": "1025 North 7th Street (Commercial Retail Complex)",
        "censusTract": "OSM Way #110639057 • 9 impervious ways/450m"
      }
    },
    {
      "type": "Feature",
      "geometry": {
        "type": "Point",
        "coordinates": [
          -112.0649,
          33.45689
        ]
      },
      "properties": {
        "id": "phoenix-osm-110639060",
        "temperatureF": 126,
        "temperatureC": 52.2,
        "baselineRuralF": 88,
        "deltaF": 38,
        "severity": "Critical",
        "surfaceType": "commercial_roof",
        "areaName": "803 North 7th Street (Commercial Retail Complex)",
        "censusTract": "OSM Way #110639060 • 11 impervious ways/450m"
      }
    },
    {
      "type": "Feature",
      "geometry": {
        "type": "Point",
        "coordinates": [
          -112.06625,
          33.44633
        ]
      },
      "properties": {
        "id": "phoenix-osm-112550212",
        "temperatureF": 103.3,
        "temperatureC": 39.6,
        "baselineRuralF": 88,
        "deltaF": 15.3,
        "severity": "Moderate",
        "surfaceType": "canopy",
        "areaName": "Urban Park Canopy Buffer (OSM #0212)",
        "censusTract": "OSM Way #112550212 • 22 impervious ways/450m"
      }
    },
    {
      "type": "Feature",
      "geometry": {
        "type": "Point",
        "coordinates": [
          -112.06245,
          33.4447
        ]
      },
      "properties": {
        "id": "phoenix-osm-112550225",
        "temperatureF": 128.7,
        "temperatureC": 53.7,
        "baselineRuralF": 88,
        "deltaF": 40.7,
        "severity": "Critical",
        "surfaceType": "asphalt",
        "areaName": "Surface Asphalt Parking Expanse (OSM #0225)",
        "censusTract": "OSM Way #112550225 • 14 impervious ways/450m"
      }
    },
    {
      "type": "Feature",
      "geometry": {
        "type": "Point",
        "coordinates": [
          -112.06577,
          33.44666
        ]
      },
      "properties": {
        "id": "phoenix-osm-112550228",
        "temperatureF": 130.3,
        "temperatureC": 54.6,
        "baselineRuralF": 88,
        "deltaF": 42.3,
        "severity": "Critical",
        "surfaceType": "asphalt",
        "areaName": "Surface Asphalt Parking Expanse (OSM #0228)",
        "censusTract": "OSM Way #112550228 • 21 impervious ways/450m"
      }
    },
    {
      "type": "Feature",
      "geometry": {
        "type": "Point",
        "coordinates": [
          -112.06688,
          33.4466
        ]
      },
      "properties": {
        "id": "phoenix-osm-112550229",
        "temperatureF": 101.7,
        "temperatureC": 38.7,
        "baselineRuralF": 88,
        "deltaF": 13.7,
        "severity": "Moderate",
        "surfaceType": "canopy",
        "areaName": "Urban Park Canopy Buffer (OSM #0229)",
        "censusTract": "OSM Way #112550229 • 18 impervious ways/450m"
      }
    },
    {
      "type": "Feature",
      "geometry": {
        "type": "Point",
        "coordinates": [
          -112.06468,
          33.44469
        ]
      },
      "properties": {
        "id": "phoenix-osm-112550235",
        "temperatureF": 125.9,
        "temperatureC": 52.2,
        "baselineRuralF": 88,
        "deltaF": 37.9,
        "severity": "Critical",
        "surfaceType": "asphalt",
        "areaName": "Surface Asphalt Parking Expanse (OSM #0235)",
        "censusTract": "OSM Way #112550235 • 13 impervious ways/450m"
      }
    },
    {
      "type": "Feature",
      "geometry": {
        "type": "Point",
        "coordinates": [
          -112.07026,
          33.44607
        ]
      },
      "properties": {
        "id": "phoenix-osm-112550254",
        "temperatureF": 129.5,
        "temperatureC": 54.2,
        "baselineRuralF": 88,
        "deltaF": 41.5,
        "severity": "Critical",
        "surfaceType": "asphalt",
        "areaName": "Surface Asphalt Parking Expanse (OSM #0254)",
        "censusTract": "OSM Way #112550254 • 23 impervious ways/450m"
      }
    },
    {
      "type": "Feature",
      "geometry": {
        "type": "Point",
        "coordinates": [
          -112.06343,
          33.44553
        ]
      },
      "properties": {
        "id": "phoenix-osm-112550255",
        "temperatureF": 127.6,
        "temperatureC": 53.1,
        "baselineRuralF": 88,
        "deltaF": 39.6,
        "severity": "Critical",
        "surfaceType": "asphalt",
        "areaName": "Surface Asphalt Parking Expanse (OSM #0255)",
        "censusTract": "OSM Way #112550255 • 16 impervious ways/450m"
      }
    },
    {
      "type": "Feature",
      "geometry": {
        "type": "Point",
        "coordinates": [
          -112.06703,
          33.44654
        ]
      },
      "properties": {
        "id": "phoenix-osm-112550261",
        "temperatureF": 101.2,
        "temperatureC": 38.4,
        "baselineRuralF": 88,
        "deltaF": 13.2,
        "severity": "Moderate",
        "surfaceType": "canopy",
        "areaName": "Urban Park Canopy Buffer (OSM #0261)",
        "censusTract": "OSM Way #112550261 • 17 impervious ways/450m"
      }
    },
    {
      "type": "Feature",
      "geometry": {
        "type": "Point",
        "coordinates": [
          -112.06794,
          33.44633
        ]
      },
      "properties": {
        "id": "phoenix-osm-112550262",
        "temperatureF": 101.7,
        "temperatureC": 38.7,
        "baselineRuralF": 88,
        "deltaF": 13.7,
        "severity": "Moderate",
        "surfaceType": "canopy",
        "areaName": "Urban Park Canopy Buffer (OSM #0262)",
        "censusTract": "OSM Way #112550262 • 18 impervious ways/450m"
      }
    },
    {
      "type": "Feature",
      "geometry": {
        "type": "Point",
        "coordinates": [
          -112.0631,
          33.44851
        ]
      },
      "properties": {
        "id": "phoenix-osm-112550792",
        "temperatureF": 128.5,
        "temperatureC": 53.6,
        "baselineRuralF": 88,
        "deltaF": 40.5,
        "severity": "Critical",
        "surfaceType": "commercial_roof",
        "areaName": "816 East Washington Street (Commercial Retail Complex)",
        "censusTract": "OSM Way #112550792 • 25 impervious ways/450m"
      }
    },
    {
      "type": "Feature",
      "geometry": {
        "type": "Point",
        "coordinates": [
          -112.05874,
          33.44863
        ]
      },
      "properties": {
        "id": "phoenix-osm-112550794",
        "temperatureF": 124.9,
        "temperatureC": 51.6,
        "baselineRuralF": 88,
        "deltaF": 36.9,
        "severity": "Critical",
        "surfaceType": "commercial_roof",
        "areaName": "1100 East Washington Street (Commercial Retail Complex)",
        "censusTract": "OSM Way #112550794 • 9 impervious ways/450m"
      }
    },
    {
      "type": "Feature",
      "geometry": {
        "type": "Point",
        "coordinates": [
          -112.0623,
          33.44845
        ]
      },
      "properties": {
        "id": "phoenix-osm-112550796",
        "temperatureF": 130,
        "temperatureC": 54.4,
        "baselineRuralF": 88,
        "deltaF": 42,
        "severity": "Critical",
        "surfaceType": "commercial_roof",
        "areaName": "8aa East Washington Street (Commercial Retail Complex)",
        "censusTract": "OSM Way #112550796 • 24 impervious ways/450m"
      }
    },
    {
      "type": "Feature",
      "geometry": {
        "type": "Point",
        "coordinates": [
          -112.06632,
          33.44748
        ]
      },
      "properties": {
        "id": "phoenix-osm-112550797",
        "temperatureF": 128,
        "temperatureC": 53.3,
        "baselineRuralF": 88,
        "deltaF": 40,
        "severity": "Critical",
        "surfaceType": "commercial_roof",
        "areaName": "Commercial Retail Complex (OSM #0797)",
        "censusTract": "OSM Way #112550797 • 20 impervious ways/450m"
      }
    },
    {
      "type": "Feature",
      "geometry": {
        "type": "Point",
        "coordinates": [
          -112.06279,
          33.44853
        ]
      },
      "properties": {
        "id": "phoenix-osm-112550798",
        "temperatureF": 129.2,
        "temperatureC": 54,
        "baselineRuralF": 88,
        "deltaF": 41.2,
        "severity": "Critical",
        "surfaceType": "commercial_roof",
        "areaName": "818 East Washington Street (Commercial Retail Complex)",
        "censusTract": "OSM Way #112550798 • 25 impervious ways/450m"
      }
    },
    {
      "type": "Feature",
      "geometry": {
        "type": "Point",
        "coordinates": [
          -112.06252,
          33.44851
        ]
      },
      "properties": {
        "id": "phoenix-osm-112550800",
        "temperatureF": 130,
        "temperatureC": 54.4,
        "baselineRuralF": 88,
        "deltaF": 42,
        "severity": "Critical",
        "surfaceType": "commercial_roof",
        "areaName": "824,828 East Washington Street (Commercial Retail Complex)",
        "censusTract": "OSM Way #112550800 • 25 impervious ways/450m"
      }
    },
    {
      "type": "Feature",
      "geometry": {
        "type": "Point",
        "coordinates": [
          -112.07607,
          33.45089
        ]
      },
      "properties": {
        "id": "phoenix-osm-114324571",
        "temperatureF": 131.3,
        "temperatureC": 55.2,
        "baselineRuralF": 88,
        "deltaF": 43.3,
        "severity": "Critical",
        "surfaceType": "asphalt",
        "areaName": "Surface Asphalt Parking Expanse (OSM #4571)",
        "censusTract": "OSM Way #114324571 • 20 impervious ways/450m"
      }
    },
    {
      "type": "Feature",
      "geometry": {
        "type": "Point",
        "coordinates": [
          -112.07446,
          33.44786
        ]
      },
      "properties": {
        "id": "phoenix-osm-114986521",
        "temperatureF": 105.6,
        "temperatureC": 40.9,
        "baselineRuralF": 88,
        "deltaF": 17.6,
        "severity": "High",
        "surfaceType": "canopy",
        "areaName": "Patriots Park",
        "censusTract": "OSM Way #114986521 • 23 impervious ways/450m"
      }
    },
    {
      "type": "Feature",
      "geometry": {
        "type": "Point",
        "coordinates": [
          -112.07447,
          33.45322
        ]
      },
      "properties": {
        "id": "phoenix-osm-115012139",
        "temperatureF": 105.1,
        "temperatureC": 40.6,
        "baselineRuralF": 88,
        "deltaF": 17.1,
        "severity": "High",
        "surfaceType": "canopy",
        "areaName": "Civic Space Park",
        "censusTract": "OSM Way #115012139 • 20 impervious ways/450m"
      }
    },
    {
      "type": "Feature",
      "geometry": {
        "type": "Point",
        "coordinates": [
          -112.07211,
          33.45488
        ]
      },
      "properties": {
        "id": "phoenix-osm-115012173",
        "temperatureF": 130.4,
        "temperatureC": 54.7,
        "baselineRuralF": 88,
        "deltaF": 42.4,
        "severity": "Critical",
        "surfaceType": "asphalt",
        "areaName": "Surface Asphalt Parking Expanse (OSM #2173)",
        "censusTract": "OSM Way #115012173 • 17 impervious ways/450m"
      }
    },
    {
      "type": "Feature",
      "geometry": {
        "type": "Point",
        "coordinates": [
          -112.06368,
          33.45184
        ]
      },
      "properties": {
        "id": "phoenix-osm-115028041",
        "temperatureF": 129.3,
        "temperatureC": 54.1,
        "baselineRuralF": 88,
        "deltaF": 41.3,
        "severity": "Critical",
        "surfaceType": "asphalt",
        "areaName": "Surface Asphalt Parking Expanse (OSM #8041)",
        "censusTract": "OSM Way #115028041 • 15 impervious ways/450m"
      }
    },
    {
      "type": "Feature",
      "geometry": {
        "type": "Point",
        "coordinates": [
          -112.06277,
          33.45188
        ]
      },
      "properties": {
        "id": "phoenix-osm-115028043",
        "temperatureF": 129.3,
        "temperatureC": 54.1,
        "baselineRuralF": 88,
        "deltaF": 41.3,
        "severity": "Critical",
        "surfaceType": "asphalt",
        "areaName": "Surface Asphalt Parking Expanse (OSM #8043)",
        "censusTract": "OSM Way #115028043 • 15 impervious ways/450m"
      }
    },
    {
      "type": "Feature",
      "geometry": {
        "type": "Point",
        "coordinates": [
          -112.0719,
          33.44755
        ]
      },
      "properties": {
        "id": "phoenix-osm-115028068",
        "temperatureF": 130,
        "temperatureC": 54.4,
        "baselineRuralF": 88,
        "deltaF": 42,
        "severity": "Critical",
        "surfaceType": "commercial_roof",
        "areaName": "Commercial Retail Complex (OSM #8068)",
        "censusTract": "OSM Way #115028068 • 21 impervious ways/450m"
      }
    },
    {
      "type": "Feature",
      "geometry": {
        "type": "Point",
        "coordinates": [
          -112.06083,
          33.45078
        ]
      },
      "properties": {
        "id": "phoenix-osm-115032333",
        "temperatureF": 127.6,
        "temperatureC": 53.1,
        "baselineRuralF": 88,
        "deltaF": 39.6,
        "severity": "Critical",
        "surfaceType": "asphalt",
        "areaName": "Surface Asphalt Parking Expanse (OSM #2333)",
        "censusTract": "OSM Way #115032333 • 12 impervious ways/450m"
      }
    },
    {
      "type": "Feature",
      "geometry": {
        "type": "Point",
        "coordinates": [
          -112.06292,
          33.45073
        ]
      },
      "properties": {
        "id": "phoenix-osm-115032336",
        "temperatureF": 129.3,
        "temperatureC": 54.1,
        "baselineRuralF": 88,
        "deltaF": 41.3,
        "severity": "Critical",
        "surfaceType": "asphalt",
        "areaName": "Surface Asphalt Parking Expanse (OSM #2336)",
        "censusTract": "OSM Way #115032336 • 15 impervious ways/450m"
      }
    },
    {
      "type": "Feature",
      "geometry": {
        "type": "Point",
        "coordinates": [
          -112.06563,
          33.46092
        ]
      },
      "properties": {
        "id": "phoenix-osm-115856352",
        "temperatureF": 123.8,
        "temperatureC": 51,
        "baselineRuralF": 88,
        "deltaF": 35.8,
        "severity": "Critical",
        "surfaceType": "commercial_roof",
        "areaName": "R C Lurie Co",
        "censusTract": "OSM Way #115856352 • 7 impervious ways/450m"
      }
    },
    {
      "type": "Feature",
      "geometry": {
        "type": "Point",
        "coordinates": [
          -112.06723,
          33.45619
        ]
      },
      "properties": {
        "id": "phoenix-osm-116949126",
        "temperatureF": 130,
        "temperatureC": 54.4,
        "baselineRuralF": 88,
        "deltaF": 42,
        "severity": "Critical",
        "surfaceType": "asphalt",
        "areaName": "Surface Asphalt Parking Expanse (OSM #9126)",
        "censusTract": "OSM Way #116949126 • 15 impervious ways/450m"
      }
    },
    {
      "type": "Feature",
      "geometry": {
        "type": "Point",
        "coordinates": [
          -112.06386,
          33.45431
        ]
      },
      "properties": {
        "id": "phoenix-osm-117667812",
        "temperatureF": 128.7,
        "temperatureC": 53.7,
        "baselineRuralF": 88,
        "deltaF": 40.7,
        "severity": "Critical",
        "surfaceType": "asphalt",
        "areaName": "Surface Asphalt Parking Expanse (OSM #7812)",
        "censusTract": "OSM Way #117667812 • 14 impervious ways/450m"
      }
    },
    {
      "type": "Feature",
      "geometry": {
        "type": "Point",
        "coordinates": [
          -112.06487,
          33.45319
        ]
      },
      "properties": {
        "id": "phoenix-osm-117667813",
        "temperatureF": 129.3,
        "temperatureC": 54.1,
        "baselineRuralF": 88,
        "deltaF": 41.3,
        "severity": "Critical",
        "surfaceType": "asphalt",
        "areaName": "Surface Asphalt Parking Expanse (OSM #7813)",
        "censusTract": "OSM Way #117667813 • 15 impervious ways/450m"
      }
    },
    {
      "type": "Feature",
      "geometry": {
        "type": "Point",
        "coordinates": [
          -112.06139,
          33.45214
        ]
      },
      "properties": {
        "id": "phoenix-osm-118191295",
        "temperatureF": 101.8,
        "temperatureC": 38.8,
        "baselineRuralF": 88,
        "deltaF": 13.8,
        "severity": "Moderate",
        "surfaceType": "canopy",
        "areaName": "Verde Park",
        "censusTract": "OSM Way #118191295 • 14 impervious ways/450m"
      }
    },
    {
      "type": "Feature",
      "geometry": {
        "type": "Point",
        "coordinates": [
          -112.07706,
          33.44295
        ]
      },
      "properties": {
        "id": "phoenix-osm-118416121",
        "temperatureF": 130.7,
        "temperatureC": 54.8,
        "baselineRuralF": 88,
        "deltaF": 42.7,
        "severity": "Critical",
        "surfaceType": "commercial_roof",
        "areaName": "Commercial Retail Complex (OSM #6121)",
        "censusTract": "OSM Way #118416121 • 21 impervious ways/450m"
      }
    },
    {
      "type": "Feature",
      "geometry": {
        "type": "Point",
        "coordinates": [
          -112.07674,
          33.44063
        ]
      },
      "properties": {
        "id": "phoenix-osm-118416125",
        "temperatureF": 101.8,
        "temperatureC": 38.8,
        "baselineRuralF": 88,
        "deltaF": 13.8,
        "severity": "Moderate",
        "surfaceType": "canopy",
        "areaName": "Grant Park",
        "censusTract": "OSM Way #118416125 • 14 impervious ways/450m"
      }
    },
    {
      "type": "Feature",
      "geometry": {
        "type": "Point",
        "coordinates": [
          -112.10859,
          33.4626
        ]
      },
      "properties": {
        "id": "phoenix-osm-119089349",
        "temperatureF": 124,
        "temperatureC": 51.1,
        "baselineRuralF": 88,
        "deltaF": 36,
        "severity": "Critical",
        "surfaceType": "asphalt",
        "areaName": "Black Canyon Freeway",
        "censusTract": "OSM Way #119089349 • 4 impervious ways/450m"
      }
    },
    {
      "type": "Feature",
      "geometry": {
        "type": "Point",
        "coordinates": [
          -112.10947,
          33.4631
        ]
      },
      "properties": {
        "id": "phoenix-osm-119089366",
        "temperatureF": 124,
        "temperatureC": 51.1,
        "baselineRuralF": 88,
        "deltaF": 36,
        "severity": "Critical",
        "surfaceType": "asphalt",
        "areaName": "Black Canyon Freeway",
        "censusTract": "OSM Way #119089366 • 4 impervious ways/450m"
      }
    },
    {
      "type": "Feature",
      "geometry": {
        "type": "Point",
        "coordinates": [
          -112.09054,
          33.47603
        ]
      },
      "properties": {
        "id": "phoenix-osm-119240947",
        "temperatureF": 122.9,
        "temperatureC": 50.5,
        "baselineRuralF": 88,
        "deltaF": 34.9,
        "severity": "Critical",
        "surfaceType": "asphalt",
        "areaName": "Surface Asphalt Parking Expanse (OSM #0947)",
        "censusTract": "OSM Way #119240947 • 2 impervious ways/450m"
      }
    },
    {
      "type": "Feature",
      "geometry": {
        "type": "Point",
        "coordinates": [
          -112.08866,
          33.47363
        ]
      },
      "properties": {
        "id": "phoenix-osm-119240952",
        "temperatureF": 122.9,
        "temperatureC": 50.5,
        "baselineRuralF": 88,
        "deltaF": 34.9,
        "severity": "Critical",
        "surfaceType": "asphalt",
        "areaName": "Surface Asphalt Parking Expanse (OSM #0952)",
        "censusTract": "OSM Way #119240952 • 2 impervious ways/450m"
      }
    },
    {
      "type": "Feature",
      "geometry": {
        "type": "Point",
        "coordinates": [
          -112.09085,
          33.4774
        ]
      },
      "properties": {
        "id": "phoenix-osm-119245163",
        "temperatureF": 122.3,
        "temperatureC": 50.2,
        "baselineRuralF": 88,
        "deltaF": 34.3,
        "severity": "Critical",
        "surfaceType": "asphalt",
        "areaName": "Surface Asphalt Parking Expanse (OSM #5163)",
        "censusTract": "OSM Way #119245163 • 1 impervious ways/450m"
      }
    },
    {
      "type": "Feature",
      "geometry": {
        "type": "Point",
        "coordinates": [
          -112.09065,
          33.47149
        ]
      },
      "properties": {
        "id": "phoenix-osm-119253499",
        "temperatureF": 122.3,
        "temperatureC": 50.2,
        "baselineRuralF": 88,
        "deltaF": 34.3,
        "severity": "Critical",
        "surfaceType": "asphalt",
        "areaName": "Surface Asphalt Parking Expanse (OSM #3499)",
        "censusTract": "OSM Way #119253499 • 1 impervious ways/450m"
      }
    },
    {
      "type": "Feature",
      "geometry": {
        "type": "Point",
        "coordinates": [
          -112.11323,
          33.48095
        ]
      },
      "properties": {
        "id": "phoenix-osm-119371565",
        "temperatureF": 123.4,
        "temperatureC": 50.8,
        "baselineRuralF": 88,
        "deltaF": 35.4,
        "severity": "Critical",
        "surfaceType": "asphalt",
        "areaName": "Black Canyon Freeway",
        "censusTract": "OSM Way #119371565 • 3 impervious ways/450m"
      }
    },
    {
      "type": "Feature",
      "geometry": {
        "type": "Point",
        "coordinates": [
          -112.10983,
          33.46604
        ]
      },
      "properties": {
        "id": "phoenix-osm-119371574",
        "temperatureF": 122.9,
        "temperatureC": 50.5,
        "baselineRuralF": 88,
        "deltaF": 34.9,
        "severity": "Critical",
        "surfaceType": "asphalt",
        "areaName": "Black Canyon Freeway",
        "censusTract": "OSM Way #119371574 • 2 impervious ways/450m"
      }
    },
    {
      "type": "Feature",
      "geometry": {
        "type": "Point",
        "coordinates": [
          -112.01615,
          33.41683
        ]
      },
      "properties": {
        "id": "phoenix-osm-123105727",
        "temperatureF": 123.4,
        "temperatureC": 50.8,
        "baselineRuralF": 88,
        "deltaF": 35.4,
        "severity": "Critical",
        "surfaceType": "asphalt",
        "areaName": "Maricopa Freeway",
        "censusTract": "OSM Way #123105727 • 3 impervious ways/450m"
      }
    },
    {
      "type": "Feature",
      "geometry": {
        "type": "Point",
        "coordinates": [
          -112.11489,
          33.46169
        ]
      },
      "properties": {
        "id": "phoenix-osm-123105996",
        "temperatureF": 124.5,
        "temperatureC": 51.4,
        "baselineRuralF": 88,
        "deltaF": 36.5,
        "severity": "Critical",
        "surfaceType": "asphalt",
        "areaName": "Papago Freeway",
        "censusTract": "OSM Way #123105996 • 5 impervious ways/450m"
      }
    },
    {
      "type": "Feature",
      "geometry": {
        "type": "Point",
        "coordinates": [
          -112.08987,
          33.46177
        ]
      },
      "properties": {
        "id": "phoenix-osm-123105998",
        "temperatureF": 123.4,
        "temperatureC": 50.8,
        "baselineRuralF": 88,
        "deltaF": 35.4,
        "severity": "Critical",
        "surfaceType": "asphalt",
        "areaName": "Papago Freeway",
        "censusTract": "OSM Way #123105998 • 3 impervious ways/450m"
      }
    },
    {
      "type": "Feature",
      "geometry": {
        "type": "Point",
        "coordinates": [
          -112.10642,
          33.46196
        ]
      },
      "properties": {
        "id": "phoenix-osm-123106007",
        "temperatureF": 123.4,
        "temperatureC": 50.8,
        "baselineRuralF": 88,
        "deltaF": 35.4,
        "severity": "Critical",
        "surfaceType": "asphalt",
        "areaName": "Papago Freeway",
        "censusTract": "OSM Way #123106007 • 3 impervious ways/450m"
      }
    },
    {
      "type": "Feature",
      "geometry": {
        "type": "Point",
        "coordinates": [
          -112.12104,
          33.46215
        ]
      },
      "properties": {
        "id": "phoenix-osm-123106011",
        "temperatureF": 125.6,
        "temperatureC": 52,
        "baselineRuralF": 88,
        "deltaF": 37.6,
        "severity": "Critical",
        "surfaceType": "asphalt",
        "areaName": "Papago Freeway",
        "censusTract": "OSM Way #123106011 • 7 impervious ways/450m"
      }
    },
    {
      "type": "Feature",
      "geometry": {
        "type": "Point",
        "coordinates": [
          -112.05975,
          33.46212
        ]
      },
      "properties": {
        "id": "phoenix-osm-123106012",
        "temperatureF": 122.9,
        "temperatureC": 50.5,
        "baselineRuralF": 88,
        "deltaF": 34.9,
        "severity": "Critical",
        "surfaceType": "asphalt",
        "areaName": "Papago Freeway",
        "censusTract": "OSM Way #123106012 • 2 impervious ways/450m"
      }
    },
    {
      "type": "Feature",
      "geometry": {
        "type": "Point",
        "coordinates": [
          -112.09653,
          33.46156
        ]
      },
      "properties": {
        "id": "phoenix-osm-123106021",
        "temperatureF": 122.3,
        "temperatureC": 50.2,
        "baselineRuralF": 88,
        "deltaF": 34.3,
        "severity": "Critical",
        "surfaceType": "asphalt",
        "areaName": "Papago Freeway",
        "censusTract": "OSM Way #123106021 • 1 impervious ways/450m"
      }
    },
    {
      "type": "Feature",
      "geometry": {
        "type": "Point",
        "coordinates": [
          -112.04513,
          33.46219
        ]
      },
      "properties": {
        "id": "phoenix-osm-123106031",
        "temperatureF": 123.4,
        "temperatureC": 50.8,
        "baselineRuralF": 88,
        "deltaF": 35.4,
        "severity": "Critical",
        "surfaceType": "asphalt",
        "areaName": "Papago Freeway",
        "censusTract": "OSM Way #123106031 • 3 impervious ways/450m"
      }
    },
    {
      "type": "Feature",
      "geometry": {
        "type": "Point",
        "coordinates": [
          -112.12556,
          33.4619
        ]
      },
      "properties": {
        "id": "phoenix-osm-123106032",
        "temperatureF": 122.9,
        "temperatureC": 50.5,
        "baselineRuralF": 88,
        "deltaF": 34.9,
        "severity": "Critical",
        "surfaceType": "asphalt",
        "areaName": "Papago Freeway",
        "censusTract": "OSM Way #123106032 • 2 impervious ways/450m"
      }
    },
    {
      "type": "Feature",
      "geometry": {
        "type": "Point",
        "coordinates": [
          -112.0565,
          33.46177
        ]
      },
      "properties": {
        "id": "phoenix-osm-123106033",
        "temperatureF": 122.3,
        "temperatureC": 50.2,
        "baselineRuralF": 88,
        "deltaF": 34.3,
        "severity": "Critical",
        "surfaceType": "asphalt",
        "areaName": "Papago Freeway",
        "censusTract": "OSM Way #123106033 • 1 impervious ways/450m"
      }
    },
    {
      "type": "Feature",
      "geometry": {
        "type": "Point",
        "coordinates": [
          -112.08031,
          33.46113
        ]
      },
      "properties": {
        "id": "phoenix-osm-123106034",
        "temperatureF": 124.9,
        "temperatureC": 51.6,
        "baselineRuralF": 88,
        "deltaF": 36.9,
        "severity": "Critical",
        "surfaceType": "asphalt",
        "areaName": "Papago Freeway",
        "censusTract": "OSM Way #123106034 • 7 impervious ways/450m"
      }
    },
    {
      "type": "Feature",
      "geometry": {
        "type": "Point",
        "coordinates": [
          -112.03834,
          33.47582
        ]
      },
      "properties": {
        "id": "phoenix-osm-123445146",
        "temperatureF": 125.1,
        "temperatureC": 51.7,
        "baselineRuralF": 88,
        "deltaF": 37.1,
        "severity": "Critical",
        "surfaceType": "asphalt",
        "areaName": "Piestewa Freeway",
        "censusTract": "OSM Way #123445146 • 6 impervious ways/450m"
      }
    },
    {
      "type": "Feature",
      "geometry": {
        "type": "Point",
        "coordinates": [
          -112.03827,
          33.46359
        ]
      },
      "properties": {
        "id": "phoenix-osm-123445147",
        "temperatureF": 127.3,
        "temperatureC": 52.9,
        "baselineRuralF": 88,
        "deltaF": 39.3,
        "severity": "Critical",
        "surfaceType": "asphalt",
        "areaName": "Piestewa Freeway",
        "censusTract": "OSM Way #123445147 • 10 impervious ways/450m"
      }
    },
    {
      "type": "Feature",
      "geometry": {
        "type": "Point",
        "coordinates": [
          -112.03734,
          33.46209
        ]
      },
      "properties": {
        "id": "phoenix-osm-123445149",
        "temperatureF": 128.4,
        "temperatureC": 53.6,
        "baselineRuralF": 88,
        "deltaF": 40.4,
        "severity": "Critical",
        "surfaceType": "asphalt",
        "areaName": "Piestewa Freeway",
        "censusTract": "OSM Way #123445149 • 12 impervious ways/450m"
      }
    },
    {
      "type": "Feature",
      "geometry": {
        "type": "Point",
        "coordinates": [
          -112.03873,
          33.47236
        ]
      },
      "properties": {
        "id": "phoenix-osm-123445150",
        "temperatureF": 122.9,
        "temperatureC": 50.5,
        "baselineRuralF": 88,
        "deltaF": 34.9,
        "severity": "Critical",
        "surfaceType": "asphalt",
        "areaName": "Piestewa Freeway",
        "censusTract": "OSM Way #123445150 • 2 impervious ways/450m"
      }
    },
    {
      "type": "Feature",
      "geometry": {
        "type": "Point",
        "coordinates": [
          -112.03167,
          33.46197
        ]
      },
      "properties": {
        "id": "phoenix-osm-123445160",
        "temperatureF": 124.5,
        "temperatureC": 51.4,
        "baselineRuralF": 88,
        "deltaF": 36.5,
        "severity": "Critical",
        "surfaceType": "asphalt",
        "areaName": "Red Mountain Freeway",
        "censusTract": "OSM Way #123445160 • 5 impervious ways/450m"
      }
    },
    {
      "type": "Feature",
      "geometry": {
        "type": "Point",
        "coordinates": [
          -112.03053,
          33.46216
        ]
      },
      "properties": {
        "id": "phoenix-osm-123445161",
        "temperatureF": 124.5,
        "temperatureC": 51.4,
        "baselineRuralF": 88,
        "deltaF": 36.5,
        "severity": "Critical",
        "surfaceType": "asphalt",
        "areaName": "Red Mountain Freeway",
        "censusTract": "OSM Way #123445161 • 5 impervious ways/450m"
      }
    },
    {
      "type": "Feature",
      "geometry": {
        "type": "Point",
        "coordinates": [
          -112.04234,
          33.4624
        ]
      },
      "properties": {
        "id": "phoenix-osm-123445166",
        "temperatureF": 126.2,
        "temperatureC": 52.3,
        "baselineRuralF": 88,
        "deltaF": 38.2,
        "severity": "Critical",
        "surfaceType": "asphalt",
        "areaName": "Red Mountain Freeway",
        "censusTract": "OSM Way #123445166 • 8 impervious ways/450m"
      }
    }
  ]
}