{
  "type": "FeatureCollection",
  "features": [
    {
      "type": "Feature",
      "geometry": {
        "type": "Point",
        "coordinates": [
          -122.67654,
          45.50546
        ]
      },
      "properties": {
        "id": "portland-osm-5509099",
        "temperatureF": 108.5,
        "temperatureC": 42.5,
        "baselineRuralF": 76.2,
        "deltaF": 32.3,
        "severity": "Critical",
        "surfaceType": "asphalt",
        "areaName": "I 405 Highway Corridor (OSM #9099)",
        "censusTract": "OSM Way #5509099 • 7 impervious ways/450m"
      }
    },
    {
      "type": "Feature",
      "geometry": {
        "type": "Point",
        "coordinates": [
          -122.68285,
          45.53802
        ]
      },
      "properties": {
        "id": "portland-osm-5509112",
        "temperatureF": 105.2,
        "temperatureC": 40.7,
        "baselineRuralF": 76.2,
        "deltaF": 29,
        "severity": "Critical",
        "surfaceType": "asphalt",
        "areaName": "Fremont Bridge",
        "censusTract": "OSM Way #5509112 • 1 impervious ways/450m"
      }
    },
    {
      "type": "Feature",
      "geometry": {
        "type": "Point",
        "coordinates": [
          -122.68112,
          45.53947
        ]
      },
      "properties": {
        "id": "portland-osm-5509137",
        "temperatureF": 105.2,
        "temperatureC": 40.7,
        "baselineRuralF": 76.2,
        "deltaF": 29,
        "severity": "Critical",
        "surfaceType": "asphalt",
        "areaName": "Fremont Bridge",
        "censusTract": "OSM Way #5509137 • 1 impervious ways/450m"
      }
    },
    {
      "type": "Feature",
      "geometry": {
        "type": "Point",
        "coordinates": [
          -122.6854,
          45.50842
        ]
      },
      "properties": {
        "id": "portland-osm-5509189",
        "temperatureF": 106.3,
        "temperatureC": 41.3,
        "baselineRuralF": 76.2,
        "deltaF": 30.1,
        "severity": "Critical",
        "surfaceType": "asphalt",
        "areaName": "I 405 Highway Corridor (OSM #9189)",
        "censusTract": "OSM Way #5509189 • 3 impervious ways/450m"
      }
    },
    {
      "type": "Feature",
      "geometry": {
        "type": "Point",
        "coordinates": [
          -122.67341,
          45.50042
        ]
      },
      "properties": {
        "id": "portland-osm-5509362",
        "temperatureF": 109.1,
        "temperatureC": 42.8,
        "baselineRuralF": 76.2,
        "deltaF": 32.9,
        "severity": "Critical",
        "surfaceType": "asphalt",
        "areaName": "I 405 Highway Corridor (OSM #9362)",
        "censusTract": "OSM Way #5509362 • 8 impervious ways/450m"
      }
    },
    {
      "type": "Feature",
      "geometry": {
        "type": "Point",
        "coordinates": [
          -122.71781,
          45.52539
        ]
      },
      "properties": {
        "id": "portland-osm-5510644",
        "temperatureF": 104.7,
        "temperatureC": 40.4,
        "baselineRuralF": 76.2,
        "deltaF": 28.5,
        "severity": "Critical",
        "surfaceType": "asphalt",
        "areaName": "City of Portland — Surface Asphalt Parking Expanse",
        "censusTract": "OSM Way #5510644 • 0 impervious ways/450m"
      }
    },
    {
      "type": "Feature",
      "geometry": {
        "type": "Point",
        "coordinates": [
          -122.67794,
          45.5037
        ]
      },
      "properties": {
        "id": "portland-osm-5518549",
        "temperatureF": 109.1,
        "temperatureC": 42.8,
        "baselineRuralF": 76.2,
        "deltaF": 32.9,
        "severity": "Critical",
        "surfaceType": "asphalt",
        "areaName": "Southwest Arthur Street",
        "censusTract": "OSM Way #5518549 • 8 impervious ways/450m"
      }
    },
    {
      "type": "Feature",
      "geometry": {
        "type": "Point",
        "coordinates": [
          -122.6631,
          45.51724
        ]
      },
      "properties": {
        "id": "portland-osm-5520143",
        "temperatureF": 105.2,
        "temperatureC": 40.7,
        "baselineRuralF": 76.2,
        "deltaF": 29,
        "severity": "Critical",
        "surfaceType": "asphalt",
        "areaName": "Morrison Bridge",
        "censusTract": "OSM Way #5520143 • 1 impervious ways/450m"
      }
    },
    {
      "type": "Feature",
      "geometry": {
        "type": "Point",
        "coordinates": [
          -122.6736,
          45.49293
        ]
      },
      "properties": {
        "id": "portland-osm-5520285",
        "temperatureF": 106.3,
        "temperatureC": 41.3,
        "baselineRuralF": 76.2,
        "deltaF": 30.1,
        "severity": "Critical",
        "surfaceType": "asphalt",
        "areaName": "I 5 Highway Corridor (OSM #0285)",
        "censusTract": "OSM Way #5520285 • 3 impervious ways/450m"
      }
    },
    {
      "type": "Feature",
      "geometry": {
        "type": "Point",
        "coordinates": [
          -122.66707,
          45.50928
        ]
      },
      "properties": {
        "id": "portland-osm-5520326",
        "temperatureF": 106.3,
        "temperatureC": 41.3,
        "baselineRuralF": 76.2,
        "deltaF": 30.1,
        "severity": "Critical",
        "surfaceType": "asphalt",
        "areaName": "Marquam Bridge",
        "censusTract": "OSM Way #5520326 • 3 impervious ways/450m"
      }
    },
    {
      "type": "Feature",
      "geometry": {
        "type": "Point",
        "coordinates": [
          -122.67097,
          45.50685
        ]
      },
      "properties": {
        "id": "portland-osm-5520348",
        "temperatureF": 108,
        "temperatureC": 42.2,
        "baselineRuralF": 76.2,
        "deltaF": 31.8,
        "severity": "Critical",
        "surfaceType": "asphalt",
        "areaName": "Marquam Bridge",
        "censusTract": "OSM Way #5520348 • 6 impervious ways/450m"
      }
    },
    {
      "type": "Feature",
      "geometry": {
        "type": "Point",
        "coordinates": [
          -122.66184,
          45.50941
        ]
      },
      "properties": {
        "id": "portland-osm-5520902",
        "temperatureF": 106.3,
        "temperatureC": 41.3,
        "baselineRuralF": 76.2,
        "deltaF": 30.1,
        "severity": "Critical",
        "surfaceType": "asphalt",
        "areaName": "Southeast Martin Luther King Junior Boulevard",
        "censusTract": "OSM Way #5520902 • 3 impervious ways/450m"
      }
    },
    {
      "type": "Feature",
      "geometry": {
        "type": "Point",
        "coordinates": [
          -122.69705,
          45.53871
        ]
      },
      "properties": {
        "id": "portland-osm-5521014",
        "temperatureF": 105.8,
        "temperatureC": 41,
        "baselineRuralF": 76.2,
        "deltaF": 29.6,
        "severity": "Critical",
        "surfaceType": "asphalt",
        "areaName": "US 30 Highway Corridor (OSM #1014)",
        "censusTract": "OSM Way #5521014 • 2 impervious ways/450m"
      }
    },
    {
      "type": "Feature",
      "geometry": {
        "type": "Point",
        "coordinates": [
          -122.66897,
          45.50808
        ]
      },
      "properties": {
        "id": "portland-osm-5528057",
        "temperatureF": 106.3,
        "temperatureC": 41.3,
        "baselineRuralF": 76.2,
        "deltaF": 30.1,
        "severity": "Critical",
        "surfaceType": "asphalt",
        "areaName": "Marquam Bridge",
        "censusTract": "OSM Way #5528057 • 3 impervious ways/450m"
      }
    },
    {
      "type": "Feature",
      "geometry": {
        "type": "Point",
        "coordinates": [
          -122.69915,
          45.54148
        ]
      },
      "properties": {
        "id": "portland-osm-5532098",
        "temperatureF": 105.2,
        "temperatureC": 40.7,
        "baselineRuralF": 76.2,
        "deltaF": 29,
        "severity": "Critical",
        "surfaceType": "asphalt",
        "areaName": "Northwest Yeon Avenue",
        "censusTract": "OSM Way #5532098 • 1 impervious ways/450m"
      }
    },
    {
      "type": "Feature",
      "geometry": {
        "type": "Point",
        "coordinates": [
          -122.65944,
          45.52609
        ]
      },
      "properties": {
        "id": "portland-osm-5533822",
        "temperatureF": 116.2,
        "temperatureC": 46.8,
        "baselineRuralF": 76.2,
        "deltaF": 40,
        "severity": "Critical",
        "surfaceType": "asphalt",
        "areaName": "Banfield Freeway",
        "censusTract": "OSM Way #5533822 • 21 impervious ways/450m"
      }
    },
    {
      "type": "Feature",
      "geometry": {
        "type": "Point",
        "coordinates": [
          -122.67359,
          45.49971
        ]
      },
      "properties": {
        "id": "portland-osm-5536095",
        "temperatureF": 108,
        "temperatureC": 42.2,
        "baselineRuralF": 76.2,
        "deltaF": 31.8,
        "severity": "Critical",
        "surfaceType": "asphalt",
        "areaName": "I 405 Highway Corridor (OSM #6095)",
        "censusTract": "OSM Way #5536095 • 6 impervious ways/450m"
      }
    },
    {
      "type": "Feature",
      "geometry": {
        "type": "Point",
        "coordinates": [
          -122.67806,
          45.50317
        ]
      },
      "properties": {
        "id": "portland-osm-5537269",
        "temperatureF": 109.1,
        "temperatureC": 42.8,
        "baselineRuralF": 76.2,
        "deltaF": 32.9,
        "severity": "Critical",
        "surfaceType": "asphalt",
        "areaName": "Southwest Ross Island Way",
        "censusTract": "OSM Way #5537269 • 8 impervious ways/450m"
      }
    },
    {
      "type": "Feature",
      "geometry": {
        "type": "Point",
        "coordinates": [
          -122.67736,
          45.50014
        ]
      },
      "properties": {
        "id": "portland-osm-5538994",
        "temperatureF": 109.1,
        "temperatureC": 42.8,
        "baselineRuralF": 76.2,
        "deltaF": 32.9,
        "severity": "Critical",
        "surfaceType": "asphalt",
        "areaName": "US 26 Highway Corridor (OSM #8994)",
        "censusTract": "OSM Way #5538994 • 8 impervious ways/450m"
      }
    },
    {
      "type": "Feature",
      "geometry": {
        "type": "Point",
        "coordinates": [
          -122.7119,
          45.50758
        ]
      },
      "properties": {
        "id": "portland-osm-5540130",
        "temperatureF": 104.7,
        "temperatureC": 40.4,
        "baselineRuralF": 76.2,
        "deltaF": 28.5,
        "severity": "Critical",
        "surfaceType": "asphalt",
        "areaName": "Sunset Highway",
        "censusTract": "OSM Way #5540130 • 0 impervious ways/450m"
      }
    },
    {
      "type": "Feature",
      "geometry": {
        "type": "Point",
        "coordinates": [
          -122.74045,
          45.50819
        ]
      },
      "properties": {
        "id": "portland-osm-15582659",
        "temperatureF": 104.7,
        "temperatureC": 40.4,
        "baselineRuralF": 76.2,
        "deltaF": 28.5,
        "severity": "Critical",
        "surfaceType": "asphalt",
        "areaName": "Sunset Highway",
        "censusTract": "OSM Way #15582659 • 0 impervious ways/450m"
      }
    },
    {
      "type": "Feature",
      "geometry": {
        "type": "Point",
        "coordinates": [
          -122.6868,
          45.52864
        ]
      },
      "properties": {
        "id": "portland-osm-15610066",
        "temperatureF": 104.3,
        "temperatureC": 40.2,
        "baselineRuralF": 76.2,
        "deltaF": 28.1,
        "severity": "Critical",
        "surfaceType": "asphalt",
        "areaName": "I 405 Highway Corridor (OSM #0066)",
        "censusTract": "OSM Way #15610066 • 2 impervious ways/450m"
      }
    },
    {
      "type": "Feature",
      "geometry": {
        "type": "Point",
        "coordinates": [
          -122.68699,
          45.52773
        ]
      },
      "properties": {
        "id": "portland-osm-15610069",
        "temperatureF": 104.3,
        "temperatureC": 40.2,
        "baselineRuralF": 76.2,
        "deltaF": 28.1,
        "severity": "Critical",
        "surfaceType": "asphalt",
        "areaName": "I 405 Highway Corridor (OSM #0069)",
        "censusTract": "OSM Way #15610069 • 2 impervious ways/450m"
      }
    },
    {
      "type": "Feature",
      "geometry": {
        "type": "Point",
        "coordinates": [
          -122.68179,
          45.51954
        ]
      },
      "properties": {
        "id": "portland-osm-23515081",
        "temperatureF": 109.1,
        "temperatureC": 42.8,
        "baselineRuralF": 76.2,
        "deltaF": 32.9,
        "severity": "Critical",
        "surfaceType": "asphalt",
        "areaName": "SmartPark",
        "censusTract": "OSM Way #23515081 • 8 impervious ways/450m"
      }
    },
    {
      "type": "Feature",
      "geometry": {
        "type": "Point",
        "coordinates": [
          -122.67,
          45.49352
        ]
      },
      "properties": {
        "id": "portland-osm-23544510",
        "temperatureF": 105.8,
        "temperatureC": 41,
        "baselineRuralF": 76.2,
        "deltaF": 29.6,
        "severity": "Critical",
        "surfaceType": "asphalt",
        "areaName": "Surface Asphalt Parking Expanse (OSM #4510)",
        "censusTract": "OSM Way #23544510 • 2 impervious ways/450m"
      }
    },
    {
      "type": "Feature",
      "geometry": {
        "type": "Point",
        "coordinates": [
          -122.67375,
          45.50257
        ]
      },
      "properties": {
        "id": "portland-osm-23551942",
        "temperatureF": 111.8,
        "temperatureC": 44.3,
        "baselineRuralF": 76.2,
        "deltaF": 35.6,
        "severity": "Critical",
        "surfaceType": "asphalt",
        "areaName": "I 405 Highway Corridor (OSM #1942)",
        "censusTract": "OSM Way #23551942 • 13 impervious ways/450m"
      }
    },
    {
      "type": "Feature",
      "geometry": {
        "type": "Point",
        "coordinates": [
          -122.68596,
          45.47054
        ]
      },
      "properties": {
        "id": "portland-osm-23552317",
        "temperatureF": 105.2,
        "temperatureC": 40.7,
        "baselineRuralF": 76.2,
        "deltaF": 29,
        "severity": "Critical",
        "surfaceType": "asphalt",
        "areaName": "Terwilliger Curves",
        "censusTract": "OSM Way #23552317 • 1 impervious ways/450m"
      }
    },
    {
      "type": "Feature",
      "geometry": {
        "type": "Point",
        "coordinates": [
          -122.67377,
          45.49307
        ]
      },
      "properties": {
        "id": "portland-osm-23552318",
        "temperatureF": 106.3,
        "temperatureC": 41.3,
        "baselineRuralF": 76.2,
        "deltaF": 30.1,
        "severity": "Critical",
        "surfaceType": "asphalt",
        "areaName": "I 5 Highway Corridor (OSM #2318)",
        "censusTract": "OSM Way #23552318 • 3 impervious ways/450m"
      }
    },
    {
      "type": "Feature",
      "geometry": {
        "type": "Point",
        "coordinates": [
          -122.66072,
          45.52346
        ]
      },
      "properties": {
        "id": "portland-osm-23630238",
        "temperatureF": 109.1,
        "temperatureC": 42.8,
        "baselineRuralF": 76.2,
        "deltaF": 32.9,
        "severity": "Critical",
        "surfaceType": "asphalt",
        "areaName": "Northeast Grand Avenue",
        "censusTract": "OSM Way #23630238 • 8 impervious ways/450m"
      }
    },
    {
      "type": "Feature",
      "geometry": {
        "type": "Point",
        "coordinates": [
          -122.66788,
          45.51382
        ]
      },
      "properties": {
        "id": "portland-osm-23647929",
        "temperatureF": 105.2,
        "temperatureC": 40.7,
        "baselineRuralF": 76.2,
        "deltaF": 29,
        "severity": "Critical",
        "surfaceType": "asphalt",
        "areaName": "Marquam Bridge",
        "censusTract": "OSM Way #23647929 • 1 impervious ways/450m"
      }
    },
    {
      "type": "Feature",
      "geometry": {
        "type": "Point",
        "coordinates": [
          -122.66741,
          45.51549
        ]
      },
      "properties": {
        "id": "portland-osm-23647930",
        "temperatureF": 105.8,
        "temperatureC": 41,
        "baselineRuralF": 76.2,
        "deltaF": 29.6,
        "severity": "Critical",
        "surfaceType": "asphalt",
        "areaName": "I 5 Highway Corridor (OSM #7930)",
        "censusTract": "OSM Way #23647930 • 2 impervious ways/450m"
      }
    },
    {
      "type": "Feature",
      "geometry": {
        "type": "Point",
        "coordinates": [
          -122.69608,
          45.53737
        ]
      },
      "properties": {
        "id": "portland-osm-23729223",
        "temperatureF": 105.8,
        "temperatureC": 41,
        "baselineRuralF": 76.2,
        "deltaF": 29.6,
        "severity": "Critical",
        "surfaceType": "asphalt",
        "areaName": "US 30 Highway Corridor (OSM #9223)",
        "censusTract": "OSM Way #23729223 • 2 impervious ways/450m"
      }
    },
    {
      "type": "Feature",
      "geometry": {
        "type": "Point",
        "coordinates": [
          -122.65671,
          45.54708
        ]
      },
      "properties": {
        "id": "portland-osm-25709381",
        "temperatureF": 79.6,
        "temperatureC": 26.4,
        "baselineRuralF": 76.2,
        "deltaF": 3.4,
        "severity": "Low",
        "surfaceType": "canopy",
        "areaName": "Irving Park",
        "censusTract": "OSM Way #25709381 • 3 impervious ways/450m"
      }
    },
    {
      "type": "Feature",
      "geometry": {
        "type": "Point",
        "coordinates": [
          -122.65906,
          45.55718
        ]
      },
      "properties": {
        "id": "portland-osm-25709638",
        "temperatureF": 103.9,
        "temperatureC": 39.9,
        "baselineRuralF": 76.2,
        "deltaF": 27.7,
        "severity": "Critical",
        "surfaceType": "asphalt",
        "areaName": "Surface Asphalt Parking Expanse (OSM #9638)",
        "censusTract": "OSM Way #25709638 • 0 impervious ways/450m"
      }
    },
    {
      "type": "Feature",
      "geometry": {
        "type": "Point",
        "coordinates": [
          -122.66092,
          45.56593
        ]
      },
      "properties": {
        "id": "portland-osm-25710099",
        "temperatureF": 105.2,
        "temperatureC": 40.7,
        "baselineRuralF": 76.2,
        "deltaF": 29,
        "severity": "Critical",
        "surfaceType": "asphalt",
        "areaName": "Safeway — Surface Asphalt Parking Expanse",
        "censusTract": "OSM Way #25710099 • 1 impervious ways/450m"
      }
    },
    {
      "type": "Feature",
      "geometry": {
        "type": "Point",
        "coordinates": [
          -122.66765,
          45.56017
        ]
      },
      "properties": {
        "id": "portland-osm-25710180",
        "temperatureF": 106.3,
        "temperatureC": 41.3,
        "baselineRuralF": 76.2,
        "deltaF": 30.1,
        "severity": "Critical",
        "surfaceType": "asphalt",
        "areaName": "Surface Asphalt Parking Expanse (OSM #0180)",
        "censusTract": "OSM Way #25710180 • 3 impervious ways/450m"
      }
    },
    {
      "type": "Feature",
      "geometry": {
        "type": "Point",
        "coordinates": [
          -122.64478,
          45.56448
        ]
      },
      "properties": {
        "id": "portland-osm-25710211",
        "temperatureF": 77.9,
        "temperatureC": 25.5,
        "baselineRuralF": 76.2,
        "deltaF": 1.7,
        "severity": "Low",
        "surfaceType": "canopy",
        "areaName": "Alberta Park",
        "censusTract": "OSM Way #25710211 • 0 impervious ways/450m"
      }
    },
    {
      "type": "Feature",
      "geometry": {
        "type": "Point",
        "coordinates": [
          -122.66125,
          45.54915
        ]
      },
      "properties": {
        "id": "portland-osm-25714036",
        "temperatureF": 104.8,
        "temperatureC": 40.4,
        "baselineRuralF": 76.2,
        "deltaF": 28.6,
        "severity": "Critical",
        "surfaceType": "asphalt",
        "areaName": "Surface Asphalt Parking Expanse (OSM #4036)",
        "censusTract": "OSM Way #25714036 • 3 impervious ways/450m"
      }
    },
    {
      "type": "Feature",
      "geometry": {
        "type": "Point",
        "coordinates": [
          -122.67361,
          45.56817
        ]
      },
      "properties": {
        "id": "portland-osm-26404177",
        "temperatureF": 78.5,
        "temperatureC": 25.8,
        "baselineRuralF": 76.2,
        "deltaF": 2.3,
        "severity": "Low",
        "surfaceType": "canopy",
        "areaName": "Peninsula Park",
        "censusTract": "OSM Way #26404177 • 1 impervious ways/450m"
      }
    },
    {
      "type": "Feature",
      "geometry": {
        "type": "Point",
        "coordinates": [
          -122.66083,
          45.50902
        ]
      },
      "properties": {
        "id": "portland-osm-27400749",
        "temperatureF": 105.8,
        "temperatureC": 41,
        "baselineRuralF": 76.2,
        "deltaF": 29.6,
        "severity": "Critical",
        "surfaceType": "asphalt",
        "areaName": "Southeast Grand Avenue",
        "censusTract": "OSM Way #27400749 • 2 impervious ways/450m"
      }
    },
    {
      "type": "Feature",
      "geometry": {
        "type": "Point",
        "coordinates": [
          -122.67167,
          45.52039
        ]
      },
      "properties": {
        "id": "portland-osm-27401099",
        "temperatureF": 77.9,
        "temperatureC": 25.5,
        "baselineRuralF": 76.2,
        "deltaF": 1.7,
        "severity": "Low",
        "surfaceType": "canopy",
        "areaName": "Governor Tom McCall Waterfront Park",
        "censusTract": "OSM Way #27401099 • 0 impervious ways/450m"
      }
    },
    {
      "type": "Feature",
      "geometry": {
        "type": "Point",
        "coordinates": [
          -122.65356,
          45.53077
        ]
      },
      "properties": {
        "id": "portland-osm-29038630",
        "temperatureF": 88.2,
        "temperatureC": 31.2,
        "baselineRuralF": 76.2,
        "deltaF": 12,
        "severity": "Moderate",
        "surfaceType": "canopy",
        "areaName": "Holladay Park",
        "censusTract": "OSM Way #29038630 • 20 impervious ways/450m"
      }
    },
    {
      "type": "Feature",
      "geometry": {
        "type": "Point",
        "coordinates": [
          -122.69149,
          45.52671
        ]
      },
      "properties": {
        "id": "portland-osm-29396952",
        "temperatureF": 80.1,
        "temperatureC": 26.7,
        "baselineRuralF": 76.2,
        "deltaF": 3.9,
        "severity": "Low",
        "surfaceType": "canopy",
        "areaName": "Couch Park",
        "censusTract": "OSM Way #29396952 • 4 impervious ways/450m"
      }
    },
    {
      "type": "Feature",
      "geometry": {
        "type": "Point",
        "coordinates": [
          -122.61354,
          45.53047
        ]
      },
      "properties": {
        "id": "portland-osm-30288038",
        "temperatureF": 104.7,
        "temperatureC": 40.4,
        "baselineRuralF": 76.2,
        "deltaF": 28.5,
        "severity": "Critical",
        "surfaceType": "asphalt",
        "areaName": "Providence Health and Services — Surface Asphalt Parking Expanse",
        "censusTract": "OSM Way #30288038 • 0 impervious ways/450m"
      }
    },
    {
      "type": "Feature",
      "geometry": {
        "type": "Point",
        "coordinates": [
          -122.66751,
          45.53532
        ]
      },
      "properties": {
        "id": "portland-osm-30288605",
        "temperatureF": 116.2,
        "temperatureC": 46.8,
        "baselineRuralF": 76.2,
        "deltaF": 40,
        "severity": "Critical",
        "surfaceType": "asphalt",
        "areaName": "I 5;US 30 Highway Corridor (OSM #8605)",
        "censusTract": "OSM Way #30288605 • 23 impervious ways/450m"
      }
    },
    {
      "type": "Feature",
      "geometry": {
        "type": "Point",
        "coordinates": [
          -122.66534,
          45.5304
        ]
      },
      "properties": {
        "id": "portland-osm-30288757",
        "temperatureF": 116.2,
        "temperatureC": 46.8,
        "baselineRuralF": 76.2,
        "deltaF": 40,
        "severity": "Critical",
        "surfaceType": "asphalt",
        "areaName": "I 5;US 30 Highway Corridor (OSM #8757)",
        "censusTract": "OSM Way #30288757 • 28 impervious ways/450m"
      }
    },
    {
      "type": "Feature",
      "geometry": {
        "type": "Point",
        "coordinates": [
          -122.66514,
          45.52944
        ]
      },
      "properties": {
        "id": "portland-osm-30288775",
        "temperatureF": 116.2,
        "temperatureC": 46.8,
        "baselineRuralF": 76.2,
        "deltaF": 40,
        "severity": "Critical",
        "surfaceType": "asphalt",
        "areaName": "I 5;US 30 Highway Corridor (OSM #8775)",
        "censusTract": "OSM Way #30288775 • 24 impervious ways/450m"
      }
    },
    {
      "type": "Feature",
      "geometry": {
        "type": "Point",
        "coordinates": [
          -122.66988,
          45.47566
        ]
      },
      "properties": {
        "id": "portland-osm-30291069",
        "temperatureF": 104.7,
        "temperatureC": 40.4,
        "baselineRuralF": 76.2,
        "deltaF": 28.5,
        "severity": "Critical",
        "surfaceType": "asphalt",
        "areaName": "Surface Asphalt Parking Expanse (OSM #1069)",
        "censusTract": "OSM Way #30291069 • 0 impervious ways/450m"
      }
    },
    {
      "type": "Feature",
      "geometry": {
        "type": "Point",
        "coordinates": [
          -122.70286,
          45.51317
        ]
      },
      "properties": {
        "id": "portland-osm-30313248",
        "temperatureF": 105.2,
        "temperatureC": 40.7,
        "baselineRuralF": 76.2,
        "deltaF": 29,
        "severity": "Critical",
        "surfaceType": "asphalt",
        "areaName": "Sunset Highway",
        "censusTract": "OSM Way #30313248 • 1 impervious ways/450m"
      }
    },
    {
      "type": "Feature",
      "geometry": {
        "type": "Point",
        "coordinates": [
          -122.70737,
          45.51081
        ]
      },
      "properties": {
        "id": "portland-osm-30313278",
        "temperatureF": 105.2,
        "temperatureC": 40.7,
        "baselineRuralF": 76.2,
        "deltaF": 29,
        "severity": "Critical",
        "surfaceType": "asphalt",
        "areaName": "Sunset Highway",
        "censusTract": "OSM Way #30313278 • 1 impervious ways/450m"
      }
    },
    {
      "type": "Feature",
      "geometry": {
        "type": "Point",
        "coordinates": [
          -122.73459,
          45.55585
        ]
      },
      "properties": {
        "id": "portland-osm-30409935",
        "temperatureF": 104.7,
        "temperatureC": 40.4,
        "baselineRuralF": 76.2,
        "deltaF": 28.5,
        "severity": "Critical",
        "surfaceType": "asphalt",
        "areaName": "Northwest Saint Helens Road",
        "censusTract": "OSM Way #30409935 • 0 impervious ways/450m"
      }
    },
    {
      "type": "Feature",
      "geometry": {
        "type": "Point",
        "coordinates": [
          -122.66043,
          45.5009
        ]
      },
      "properties": {
        "id": "portland-osm-30454545",
        "temperatureF": 105.2,
        "temperatureC": 40.7,
        "baselineRuralF": 76.2,
        "deltaF": 29,
        "severity": "Critical",
        "surfaceType": "asphalt",
        "areaName": "Southeast McLoughlin Boulevard",
        "censusTract": "OSM Way #30454545 • 1 impervious ways/450m"
      }
    },
    {
      "type": "Feature",
      "geometry": {
        "type": "Point",
        "coordinates": [
          -122.67875,
          45.56945
        ]
      },
      "properties": {
        "id": "portland-osm-30474322",
        "temperatureF": 103.9,
        "temperatureC": 39.9,
        "baselineRuralF": 76.2,
        "deltaF": 27.7,
        "severity": "Critical",
        "surfaceType": "asphalt",
        "areaName": "I 5 Highway Corridor (OSM #4322)",
        "censusTract": "OSM Way #30474322 • 0 impervious ways/450m"
      }
    },
    {
      "type": "Feature",
      "geometry": {
        "type": "Point",
        "coordinates": [
          -122.67747,
          45.54613
        ]
      },
      "properties": {
        "id": "portland-osm-30474340",
        "temperatureF": 105.2,
        "temperatureC": 40.7,
        "baselineRuralF": 76.2,
        "deltaF": 29,
        "severity": "Critical",
        "surfaceType": "asphalt",
        "areaName": "I 5 Highway Corridor (OSM #4340)",
        "censusTract": "OSM Way #30474340 • 1 impervious ways/450m"
      }
    },
    {
      "type": "Feature",
      "geometry": {
        "type": "Point",
        "coordinates": [
          -122.67122,
          45.5401
        ]
      },
      "properties": {
        "id": "portland-osm-30474343",
        "temperatureF": 105.8,
        "temperatureC": 41,
        "baselineRuralF": 76.2,
        "deltaF": 29.6,
        "severity": "Critical",
        "surfaceType": "asphalt",
        "areaName": "I 5;US 30 Highway Corridor (OSM #4343)",
        "censusTract": "OSM Way #30474343 • 2 impervious ways/450m"
      }
    },
    {
      "type": "Feature",
      "geometry": {
        "type": "Point",
        "coordinates": [
          -122.66514,
          45.5304
        ]
      },
      "properties": {
        "id": "portland-osm-30474366",
        "temperatureF": 116.2,
        "temperatureC": 46.8,
        "baselineRuralF": 76.2,
        "deltaF": 40,
        "severity": "Critical",
        "surfaceType": "asphalt",
        "areaName": "I 5;US 30 Highway Corridor (OSM #4366)",
        "censusTract": "OSM Way #30474366 • 29 impervious ways/450m"
      }
    },
    {
      "type": "Feature",
      "geometry": {
        "type": "Point",
        "coordinates": [
          -122.66535,
          45.52934
        ]
      },
      "properties": {
        "id": "portland-osm-30474367",
        "temperatureF": 116.2,
        "temperatureC": 46.8,
        "baselineRuralF": 76.2,
        "deltaF": 40,
        "severity": "Critical",
        "surfaceType": "asphalt",
        "areaName": "I 5;US 30 Highway Corridor (OSM #4367)",
        "censusTract": "OSM Way #30474367 • 24 impervious ways/450m"
      }
    },
    {
      "type": "Feature",
      "geometry": {
        "type": "Point",
        "coordinates": [
          -122.66563,
          45.52206
        ]
      },
      "properties": {
        "id": "portland-osm-30474370",
        "temperatureF": 105.8,
        "temperatureC": 41,
        "baselineRuralF": 76.2,
        "deltaF": 29.6,
        "severity": "Critical",
        "surfaceType": "asphalt",
        "areaName": "I 5 Highway Corridor (OSM #4370)",
        "censusTract": "OSM Way #30474370 • 2 impervious ways/450m"
      }
    },
    {
      "type": "Feature",
      "geometry": {
        "type": "Point",
        "coordinates": [
          -122.66527,
          45.52581
        ]
      },
      "properties": {
        "id": "portland-osm-30474371",
        "temperatureF": 110.7,
        "temperatureC": 43.7,
        "baselineRuralF": 76.2,
        "deltaF": 34.5,
        "severity": "Critical",
        "surfaceType": "asphalt",
        "areaName": "I 5 Highway Corridor (OSM #4371)",
        "censusTract": "OSM Way #30474371 • 11 impervious ways/450m"
      }
    },
    {
      "type": "Feature",
      "geometry": {
        "type": "Point",
        "coordinates": [
          -122.67383,
          45.49955
        ]
      },
      "properties": {
        "id": "portland-osm-30474372",
        "temperatureF": 108,
        "temperatureC": 42.2,
        "baselineRuralF": 76.2,
        "deltaF": 31.8,
        "severity": "Critical",
        "surfaceType": "asphalt",
        "areaName": "I 5 Highway Corridor (OSM #4372)",
        "censusTract": "OSM Way #30474372 • 6 impervious ways/450m"
      }
    },
    {
      "type": "Feature",
      "geometry": {
        "type": "Point",
        "coordinates": [
          -122.67319,
          45.50086
        ]
      },
      "properties": {
        "id": "portland-osm-30474373",
        "temperatureF": 109.1,
        "temperatureC": 42.8,
        "baselineRuralF": 76.2,
        "deltaF": 32.9,
        "severity": "Critical",
        "surfaceType": "asphalt",
        "areaName": "I 5 Highway Corridor (OSM #4373)",
        "censusTract": "OSM Way #30474373 • 8 impervious ways/450m"
      }
    },
    {
      "type": "Feature",
      "geometry": {
        "type": "Point",
        "coordinates": [
          -122.67241,
          45.50494
        ]
      },
      "properties": {
        "id": "portland-osm-30474374",
        "temperatureF": 108.5,
        "temperatureC": 42.5,
        "baselineRuralF": 76.2,
        "deltaF": 32.3,
        "severity": "Critical",
        "surfaceType": "asphalt",
        "areaName": "Marquam Bridge",
        "censusTract": "OSM Way #30474374 • 7 impervious ways/450m"
      }
    },
    {
      "type": "Feature",
      "geometry": {
        "type": "Point",
        "coordinates": [
          -122.67895,
          45.47973
        ]
      },
      "properties": {
        "id": "portland-osm-30474377",
        "temperatureF": 105.2,
        "temperatureC": 40.7,
        "baselineRuralF": 76.2,
        "deltaF": 29,
        "severity": "Critical",
        "surfaceType": "asphalt",
        "areaName": "I 5 Highway Corridor (OSM #4377)",
        "censusTract": "OSM Way #30474377 • 1 impervious ways/450m"
      }
    },
    {
      "type": "Feature",
      "geometry": {
        "type": "Point",
        "coordinates": [
          -122.68878,
          45.46839
        ]
      },
      "properties": {
        "id": "portland-osm-30474378",
        "temperatureF": 105.2,
        "temperatureC": 40.7,
        "baselineRuralF": 76.2,
        "deltaF": 29,
        "severity": "Critical",
        "surfaceType": "asphalt",
        "areaName": "Terwilliger Curves",
        "censusTract": "OSM Way #30474378 • 1 impervious ways/450m"
      }
    },
    {
      "type": "Feature",
      "geometry": {
        "type": "Point",
        "coordinates": [
          -122.67871,
          45.47979
        ]
      },
      "properties": {
        "id": "portland-osm-30474380",
        "temperatureF": 105.2,
        "temperatureC": 40.7,
        "baselineRuralF": 76.2,
        "deltaF": 29,
        "severity": "Critical",
        "surfaceType": "asphalt",
        "areaName": "I 5 Highway Corridor (OSM #4380)",
        "censusTract": "OSM Way #30474380 • 1 impervious ways/450m"
      }
    },
    {
      "type": "Feature",
      "geometry": {
        "type": "Point",
        "coordinates": [
          -122.67607,
          45.48996
        ]
      },
      "properties": {
        "id": "portland-osm-30474382",
        "temperatureF": 105.8,
        "temperatureC": 41,
        "baselineRuralF": 76.2,
        "deltaF": 29.6,
        "severity": "Critical",
        "surfaceType": "asphalt",
        "areaName": "I 5 Highway Corridor (OSM #4382)",
        "censusTract": "OSM Way #30474382 • 2 impervious ways/450m"
      }
    },
    {
      "type": "Feature",
      "geometry": {
        "type": "Point",
        "coordinates": [
          -122.67531,
          45.50037
        ]
      },
      "properties": {
        "id": "portland-osm-31559197",
        "temperatureF": 110.2,
        "temperatureC": 43.4,
        "baselineRuralF": 76.2,
        "deltaF": 34,
        "severity": "Critical",
        "surfaceType": "asphalt",
        "areaName": "US 26 Highway Corridor (OSM #9197)",
        "censusTract": "OSM Way #31559197 • 10 impervious ways/450m"
      }
    },
    {
      "type": "Feature",
      "geometry": {
        "type": "Point",
        "coordinates": [
          -122.68513,
          45.50782
        ]
      },
      "properties": {
        "id": "portland-osm-31575249",
        "temperatureF": 106.3,
        "temperatureC": 41.3,
        "baselineRuralF": 76.2,
        "deltaF": 30.1,
        "severity": "Critical",
        "surfaceType": "asphalt",
        "areaName": "Southwest Broadway",
        "censusTract": "OSM Way #31575249 • 3 impervious ways/450m"
      }
    },
    {
      "type": "Feature",
      "geometry": {
        "type": "Point",
        "coordinates": [
          -122.68226,
          45.51345
        ]
      },
      "properties": {
        "id": "portland-osm-31732602",
        "temperatureF": 106.5,
        "temperatureC": 41.4,
        "baselineRuralF": 76.2,
        "deltaF": 30.3,
        "severity": "Critical",
        "surfaceType": "asphalt",
        "areaName": "City Center Parking",
        "censusTract": "OSM Way #31732602 • 6 impervious ways/450m"
      }
    },
    {
      "type": "Feature",
      "geometry": {
        "type": "Point",
        "coordinates": [
          -122.68245,
          45.51307
        ]
      },
      "properties": {
        "id": "portland-osm-31732608",
        "temperatureF": 106.7,
        "temperatureC": 41.5,
        "baselineRuralF": 76.2,
        "deltaF": 30.5,
        "severity": "Critical",
        "surfaceType": "asphalt",
        "areaName": "AAA — Surface Asphalt Parking Expanse",
        "censusTract": "OSM Way #31732608 • 5 impervious ways/450m"
      }
    },
    {
      "type": "Feature",
      "geometry": {
        "type": "Point",
        "coordinates": [
          -122.68365,
          45.51089
        ]
      },
      "properties": {
        "id": "portland-osm-31732616",
        "temperatureF": 107.4,
        "temperatureC": 41.9,
        "baselineRuralF": 76.2,
        "deltaF": 31.2,
        "severity": "Critical",
        "surfaceType": "asphalt",
        "areaName": "Parking Structure 1",
        "censusTract": "OSM Way #31732616 • 5 impervious ways/450m"
      }
    },
    {
      "type": "Feature",
      "geometry": {
        "type": "Point",
        "coordinates": [
          -122.6829,
          45.51743
        ]
      },
      "properties": {
        "id": "portland-osm-31742331",
        "temperatureF": 110.2,
        "temperatureC": 43.4,
        "baselineRuralF": 76.2,
        "deltaF": 34,
        "severity": "Critical",
        "surfaceType": "asphalt",
        "areaName": "City Center Parking",
        "censusTract": "OSM Way #31742331 • 10 impervious ways/450m"
      }
    },
    {
      "type": "Feature",
      "geometry": {
        "type": "Point",
        "coordinates": [
          -122.67716,
          45.5122
        ]
      },
      "properties": {
        "id": "portland-osm-31742358",
        "temperatureF": 103.5,
        "temperatureC": 39.7,
        "baselineRuralF": 76.2,
        "deltaF": 27.3,
        "severity": "Critical",
        "surfaceType": "asphalt",
        "areaName": "Crown Plaza Parking",
        "censusTract": "OSM Way #31742358 • 2 impervious ways/450m"
      }
    },
    {
      "type": "Feature",
      "geometry": {
        "type": "Point",
        "coordinates": [
          -122.6616,
          45.52543
        ]
      },
      "properties": {
        "id": "portland-osm-31779699",
        "temperatureF": 113.5,
        "temperatureC": 45.3,
        "baselineRuralF": 76.2,
        "deltaF": 37.3,
        "severity": "Critical",
        "surfaceType": "asphalt",
        "areaName": "Banfield Freeway",
        "censusTract": "OSM Way #31779699 • 16 impervious ways/450m"
      }
    },
    {
      "type": "Feature",
      "geometry": {
        "type": "Point",
        "coordinates": [
          -122.65527,
          45.53316
        ]
      },
      "properties": {
        "id": "portland-osm-31798893",
        "temperatureF": 114.7,
        "temperatureC": 45.9,
        "baselineRuralF": 76.2,
        "deltaF": 38.5,
        "severity": "Critical",
        "surfaceType": "asphalt",
        "areaName": "Surface Asphalt Parking Expanse (OSM #8893)",
        "censusTract": "OSM Way #31798893 • 44 impervious ways/450m"
      }
    },
    {
      "type": "Feature",
      "geometry": {
        "type": "Point",
        "coordinates": [
          -122.6518,
          45.53323
        ]
      },
      "properties": {
        "id": "portland-osm-31798928",
        "temperatureF": 115.4,
        "temperatureC": 46.3,
        "baselineRuralF": 76.2,
        "deltaF": 39.2,
        "severity": "Critical",
        "surfaceType": "asphalt",
        "areaName": "Surface Asphalt Parking Expanse (OSM #8928)",
        "censusTract": "OSM Way #31798928 • 30 impervious ways/450m"
      }
    },
    {
      "type": "Feature",
      "geometry": {
        "type": "Point",
        "coordinates": [
          -122.65029,
          45.53226
        ]
      },
      "properties": {
        "id": "portland-osm-31798962",
        "temperatureF": 115.4,
        "temperatureC": 46.3,
        "baselineRuralF": 76.2,
        "deltaF": 39.2,
        "severity": "Critical",
        "surfaceType": "asphalt",
        "areaName": "Surface Asphalt Parking Expanse (OSM #8962)",
        "censusTract": "OSM Way #31798962 • 23 impervious ways/450m"
      }
    },
    {
      "type": "Feature",
      "geometry": {
        "type": "Point",
        "coordinates": [
          -122.65233,
          45.53187
        ]
      },
      "properties": {
        "id": "portland-osm-31798992",
        "temperatureF": 114.7,
        "temperatureC": 45.9,
        "baselineRuralF": 76.2,
        "deltaF": 38.5,
        "severity": "Critical",
        "surfaceType": "asphalt",
        "areaName": "Surface Asphalt Parking Expanse (OSM #8992)",
        "censusTract": "OSM Way #31798992 • 24 impervious ways/450m"
      }
    },
    {
      "type": "Feature",
      "geometry": {
        "type": "Point",
        "coordinates": [
          -122.67418,
          45.50388
        ]
      },
      "properties": {
        "id": "portland-osm-31827207",
        "temperatureF": 110.7,
        "temperatureC": 43.7,
        "baselineRuralF": 76.2,
        "deltaF": 34.5,
        "severity": "Critical",
        "surfaceType": "asphalt",
        "areaName": "I 405 Highway Corridor (OSM #7207)",
        "censusTract": "OSM Way #31827207 • 11 impervious ways/450m"
      }
    },
    {
      "type": "Feature",
      "geometry": {
        "type": "Point",
        "coordinates": [
          -122.67598,
          45.50503
        ]
      },
      "properties": {
        "id": "portland-osm-31827237",
        "temperatureF": 109.1,
        "temperatureC": 42.8,
        "baselineRuralF": 76.2,
        "deltaF": 32.9,
        "severity": "Critical",
        "surfaceType": "asphalt",
        "areaName": "I 405 Highway Corridor (OSM #7237)",
        "censusTract": "OSM Way #31827237 • 8 impervious ways/450m"
      }
    },
    {
      "type": "Feature",
      "geometry": {
        "type": "Point",
        "coordinates": [
          -122.67486,
          45.50386
        ]
      },
      "properties": {
        "id": "portland-osm-31827239",
        "temperatureF": 110.7,
        "temperatureC": 43.7,
        "baselineRuralF": 76.2,
        "deltaF": 34.5,
        "severity": "Critical",
        "surfaceType": "asphalt",
        "areaName": "I 405 Highway Corridor (OSM #7239)",
        "censusTract": "OSM Way #31827239 • 11 impervious ways/450m"
      }
    },
    {
      "type": "Feature",
      "geometry": {
        "type": "Point",
        "coordinates": [
          -122.64072,
          45.46995
        ]
      },
      "properties": {
        "id": "portland-osm-32353068",
        "temperatureF": 77.9,
        "temperatureC": 25.5,
        "baselineRuralF": 76.2,
        "deltaF": 1.7,
        "severity": "Low",
        "surfaceType": "canopy",
        "areaName": "Westmoreland Park",
        "censusTract": "OSM Way #32353068 • 0 impervious ways/450m"
      }
    },
    {
      "type": "Feature",
      "geometry": {
        "type": "Point",
        "coordinates": [
          -122.65275,
          45.46753
        ]
      },
      "properties": {
        "id": "portland-osm-32353148",
        "temperatureF": 103.1,
        "temperatureC": 39.5,
        "baselineRuralF": 76.2,
        "deltaF": 26.9,
        "severity": "Critical",
        "surfaceType": "commercial_roof",
        "areaName": "Commercial Retail Complex (OSM #3148)",
        "censusTract": "OSM Way #32353148 • 0 impervious ways/450m"
      }
    },
    {
      "type": "Feature",
      "geometry": {
        "type": "Point",
        "coordinates": [
          -122.64156,
          45.49792
        ]
      },
      "properties": {
        "id": "portland-osm-32353735",
        "temperatureF": 77.9,
        "temperatureC": 25.5,
        "baselineRuralF": 76.2,
        "deltaF": 1.7,
        "severity": "Low",
        "surfaceType": "canopy",
        "areaName": "Powell Park",
        "censusTract": "OSM Way #32353735 • 0 impervious ways/450m"
      }
    },
    {
      "type": "Feature",
      "geometry": {
        "type": "Point",
        "coordinates": [
          -122.61261,
          45.48366
        ]
      },
      "properties": {
        "id": "portland-osm-32356576",
        "temperatureF": 77.9,
        "temperatureC": 25.5,
        "baselineRuralF": 76.2,
        "deltaF": 1.7,
        "severity": "Low",
        "surfaceType": "canopy",
        "areaName": "Woodstock Park",
        "censusTract": "OSM Way #32356576 • 0 impervious ways/450m"
      }
    },
    {
      "type": "Feature",
      "geometry": {
        "type": "Point",
        "coordinates": [
          -122.62441,
          45.47309
        ]
      },
      "properties": {
        "id": "portland-osm-32356598",
        "temperatureF": 77.9,
        "temperatureC": 25.5,
        "baselineRuralF": 76.2,
        "deltaF": 1.7,
        "severity": "Low",
        "surfaceType": "canopy",
        "areaName": "Berkeley Park",
        "censusTract": "OSM Way #32356598 • 0 impervious ways/450m"
      }
    },
    {
      "type": "Feature",
      "geometry": {
        "type": "Point",
        "coordinates": [
          -122.67657,
          45.51746
        ]
      },
      "properties": {
        "id": "portland-osm-32482524",
        "temperatureF": 102.4,
        "temperatureC": 39.1,
        "baselineRuralF": 76.2,
        "deltaF": 26.2,
        "severity": "Critical",
        "surfaceType": "asphalt",
        "areaName": "SmartPark",
        "censusTract": "OSM Way #32482524 • 0 impervious ways/450m"
      }
    },
    {
      "type": "Feature",
      "geometry": {
        "type": "Point",
        "coordinates": [
          -122.67088,
          45.52495
        ]
      },
      "properties": {
        "id": "portland-osm-32482536",
        "temperatureF": 109.1,
        "temperatureC": 42.8,
        "baselineRuralF": 76.2,
        "deltaF": 32.9,
        "severity": "Critical",
        "surfaceType": "asphalt",
        "areaName": "SmartPark",
        "censusTract": "OSM Way #32482536 • 8 impervious ways/450m"
      }
    },
    {
      "type": "Feature",
      "geometry": {
        "type": "Point",
        "coordinates": [
          -122.68525,
          45.51511
        ]
      },
      "properties": {
        "id": "portland-osm-32914950",
        "temperatureF": 107.4,
        "temperatureC": 41.9,
        "baselineRuralF": 76.2,
        "deltaF": 31.2,
        "severity": "Critical",
        "surfaceType": "asphalt",
        "areaName": "City Center Parking",
        "censusTract": "OSM Way #32914950 • 5 impervious ways/450m"
      }
    },
    {
      "type": "Feature",
      "geometry": {
        "type": "Point",
        "coordinates": [
          -122.6938,
          45.57266
        ]
      },
      "properties": {
        "id": "portland-osm-33007656",
        "temperatureF": 77.2,
        "temperatureC": 25.1,
        "baselineRuralF": 76.2,
        "deltaF": 1,
        "severity": "Low",
        "surfaceType": "canopy",
        "areaName": "Arbor Lodge Park",
        "censusTract": "OSM Way #33007656 • 0 impervious ways/450m"
      }
    },
    {
      "type": "Feature",
      "geometry": {
        "type": "Point",
        "coordinates": [
          -122.67122,
          45.55143
        ]
      },
      "properties": {
        "id": "portland-osm-33011104",
        "temperatureF": 79.6,
        "temperatureC": 26.4,
        "baselineRuralF": 76.2,
        "deltaF": 3.4,
        "severity": "Low",
        "surfaceType": "canopy",
        "areaName": "Unthank Park",
        "censusTract": "OSM Way #33011104 • 3 impervious ways/450m"
      }
    },
    {
      "type": "Feature",
      "geometry": {
        "type": "Point",
        "coordinates": [
          -122.65992,
          45.55721
        ]
      },
      "properties": {
        "id": "portland-osm-33011105",
        "temperatureF": 79,
        "temperatureC": 26.1,
        "baselineRuralF": 76.2,
        "deltaF": 2.8,
        "severity": "Low",
        "surfaceType": "canopy",
        "areaName": "King Elementary School Park",
        "censusTract": "OSM Way #33011105 • 2 impervious ways/450m"
      }
    },
    {
      "type": "Feature",
      "geometry": {
        "type": "Point",
        "coordinates": [
          -122.72394,
          45.56776
        ]
      },
      "properties": {
        "id": "portland-osm-33014938",
        "temperatureF": 103.1,
        "temperatureC": 39.5,
        "baselineRuralF": 76.2,
        "deltaF": 26.9,
        "severity": "Critical",
        "surfaceType": "commercial_roof",
        "areaName": "Industrial Logistics Zone (OSM #4938)",
        "censusTract": "OSM Way #33014938 • 0 impervious ways/450m"
      }
    },
    {
      "type": "Feature",
      "geometry": {
        "type": "Point",
        "coordinates": [
          -122.69398,
          45.57537
        ]
      },
      "properties": {
        "id": "portland-osm-33047107",
        "temperatureF": 77.2,
        "temperatureC": 25.1,
        "baselineRuralF": 76.2,
        "deltaF": 1,
        "severity": "Low",
        "surfaceType": "canopy",
        "areaName": "Gammans Park",
        "censusTract": "OSM Way #33047107 • 0 impervious ways/450m"
      }
    },
    {
      "type": "Feature",
      "geometry": {
        "type": "Point",
        "coordinates": [
          -122.71351,
          45.48598
        ]
      },
      "properties": {
        "id": "portland-osm-33083736",
        "temperatureF": 77.9,
        "temperatureC": 25.5,
        "baselineRuralF": 76.2,
        "deltaF": 1.7,
        "severity": "Low",
        "surfaceType": "canopy",
        "areaName": "Albert Kelly Park",
        "censusTract": "OSM Way #33083736 • 0 impervious ways/450m"
      }
    },
    {
      "type": "Feature",
      "geometry": {
        "type": "Point",
        "coordinates": [
          -122.65493,
          45.49854
        ]
      },
      "properties": {
        "id": "portland-osm-33084739",
        "temperatureF": 77.9,
        "temperatureC": 25.5,
        "baselineRuralF": 76.2,
        "deltaF": 1.7,
        "severity": "Low",
        "surfaceType": "canopy",
        "areaName": "Brooklyn Park",
        "censusTract": "OSM Way #33084739 • 0 impervious ways/450m"
      }
    },
    {
      "type": "Feature",
      "geometry": {
        "type": "Point",
        "coordinates": [
          -122.70037,
          45.47054
        ]
      },
      "properties": {
        "id": "portland-osm-33089655",
        "temperatureF": 77.9,
        "temperatureC": 25.5,
        "baselineRuralF": 76.2,
        "deltaF": 1.7,
        "severity": "Low",
        "surfaceType": "canopy",
        "areaName": "'Scht Wiwnu Park",
        "censusTract": "OSM Way #33089655 • 0 impervious ways/450m"
      }
    },
    {
      "type": "Feature",
      "geometry": {
        "type": "Point",
        "coordinates": [
          -122.6674,
          45.5442
        ]
      },
      "properties": {
        "id": "portland-osm-33090106",
        "temperatureF": 79.6,
        "temperatureC": 26.4,
        "baselineRuralF": 76.2,
        "deltaF": 3.4,
        "severity": "Low",
        "surfaceType": "canopy",
        "areaName": "Dawson Park",
        "censusTract": "OSM Way #33090106 • 3 impervious ways/450m"
      }
    },
    {
      "type": "Feature",
      "geometry": {
        "type": "Point",
        "coordinates": [
          -122.62299,
          45.56662
        ]
      },
      "properties": {
        "id": "portland-osm-33112436",
        "temperatureF": 77.9,
        "temperatureC": 25.5,
        "baselineRuralF": 76.2,
        "deltaF": 1.7,
        "severity": "Low",
        "surfaceType": "canopy",
        "areaName": "Fernhill Park",
        "censusTract": "OSM Way #33112436 • 0 impervious ways/450m"
      }
    },
    {
      "type": "Feature",
      "geometry": {
        "type": "Point",
        "coordinates": [
          -122.63126,
          45.49128
        ]
      },
      "properties": {
        "id": "portland-osm-33112438",
        "temperatureF": 77.9,
        "temperatureC": 25.5,
        "baselineRuralF": 76.2,
        "deltaF": 1.7,
        "severity": "Low",
        "surfaceType": "canopy",
        "areaName": "Kenilworth Park",
        "censusTract": "OSM Way #33112438 • 0 impervious ways/450m"
      }
    },
    {
      "type": "Feature",
      "geometry": {
        "type": "Point",
        "coordinates": [
          -122.6329,
          45.50954
        ]
      },
      "properties": {
        "id": "portland-osm-33112439",
        "temperatureF": 77.9,
        "temperatureC": 25.5,
        "baselineRuralF": 76.2,
        "deltaF": 1.7,
        "severity": "Low",
        "surfaceType": "canopy",
        "areaName": "Sewallcrest Park",
        "censusTract": "OSM Way #33112439 • 0 impervious ways/450m"
      }
    },
    {
      "type": "Feature",
      "geometry": {
        "type": "Point",
        "coordinates": [
          -122.67607,
          45.54449
        ]
      },
      "properties": {
        "id": "portland-osm-33194347",
        "temperatureF": 105.2,
        "temperatureC": 40.7,
        "baselineRuralF": 76.2,
        "deltaF": 29,
        "severity": "Critical",
        "surfaceType": "asphalt",
        "areaName": "I 5 Highway Corridor (OSM #4347)",
        "censusTract": "OSM Way #33194347 • 1 impervious ways/450m"
      }
    },
    {
      "type": "Feature",
      "geometry": {
        "type": "Point",
        "coordinates": [
          -122.75432,
          45.51572
        ]
      },
      "properties": {
        "id": "portland-osm-33288887",
        "temperatureF": 103.7,
        "temperatureC": 39.8,
        "baselineRuralF": 76.2,
        "deltaF": 27.5,
        "severity": "Critical",
        "surfaceType": "commercial_roof",
        "areaName": "West Hills Plaza",
        "censusTract": "OSM Way #33288887 • 1 impervious ways/450m"
      }
    },
    {
      "type": "Feature",
      "geometry": {
        "type": "Point",
        "coordinates": [
          -122.75311,
          45.51646
        ]
      },
      "properties": {
        "id": "portland-osm-33288936",
        "temperatureF": 103.7,
        "temperatureC": 39.8,
        "baselineRuralF": 76.2,
        "deltaF": 27.5,
        "severity": "Critical",
        "surfaceType": "commercial_roof",
        "areaName": "Barnes-Miller Village",
        "censusTract": "OSM Way #33288936 • 1 impervious ways/450m"
      }
    },
    {
      "type": "Feature",
      "geometry": {
        "type": "Point",
        "coordinates": [
          -122.68164,
          45.52333
        ]
      },
      "properties": {
        "id": "portland-osm-34198762",
        "temperatureF": 105.9,
        "temperatureC": 41.1,
        "baselineRuralF": 76.2,
        "deltaF": 29.7,
        "severity": "Critical",
        "surfaceType": "commercial_roof",
        "areaName": "Powell's City of Books",
        "censusTract": "OSM Way #34198762 • 5 impervious ways/450m"
      }
    },
    {
      "type": "Feature",
      "geometry": {
        "type": "Point",
        "coordinates": [
          -122.67769,
          45.5154
        ]
      },
      "properties": {
        "id": "portland-osm-34198763",
        "temperatureF": 78.1,
        "temperatureC": 25.6,
        "baselineRuralF": 76.2,
        "deltaF": 1.9,
        "severity": "Low",
        "surfaceType": "canopy",
        "areaName": "Chapman Square",
        "censusTract": "OSM Way #34198763 • 3 impervious ways/450m"
      }
    },
    {
      "type": "Feature",
      "geometry": {
        "type": "Point",
        "coordinates": [
          -122.67732,
          45.51606
        ]
      },
      "properties": {
        "id": "portland-osm-34198764",
        "temperatureF": 77.5,
        "temperatureC": 25.3,
        "baselineRuralF": 76.2,
        "deltaF": 1.3,
        "severity": "Low",
        "surfaceType": "canopy",
        "areaName": "Lownsdale Square",
        "censusTract": "OSM Way #34198764 • 2 impervious ways/450m"
      }
    },
    {
      "type": "Feature",
      "geometry": {
        "type": "Point",
        "coordinates": [
          -122.67805,
          45.51473
        ]
      },
      "properties": {
        "id": "portland-osm-34198765",
        "temperatureF": 78.6,
        "temperatureC": 25.9,
        "baselineRuralF": 76.2,
        "deltaF": 2.4,
        "severity": "Low",
        "surfaceType": "canopy",
        "areaName": "Terry Schrunk Plaza",
        "censusTract": "OSM Way #34198765 • 4 impervious ways/450m"
      }
    },
    {
      "type": "Feature",
      "geometry": {
        "type": "Point",
        "coordinates": [
          -122.68185,
          45.52905
        ]
      },
      "properties": {
        "id": "portland-osm-34198766",
        "temperatureF": 80.7,
        "temperatureC": 27.1,
        "baselineRuralF": 76.2,
        "deltaF": 4.5,
        "severity": "Low",
        "surfaceType": "canopy",
        "areaName": "Jamison Square",
        "censusTract": "OSM Way #34198766 • 5 impervious ways/450m"
      }
    },
    {
      "type": "Feature",
      "geometry": {
        "type": "Point",
        "coordinates": [
          -122.73016,
          45.52667
        ]
      },
      "properties": {
        "id": "portland-osm-34689003",
        "temperatureF": 104.7,
        "temperatureC": 40.4,
        "baselineRuralF": 76.2,
        "deltaF": 28.5,
        "severity": "Critical",
        "surfaceType": "asphalt",
        "areaName": "North Parking Lot",
        "censusTract": "OSM Way #34689003 • 0 impervious ways/450m"
      }
    },
    {
      "type": "Feature",
      "geometry": {
        "type": "Point",
        "coordinates": [
          -122.66827,
          45.53366
        ]
      },
      "properties": {
        "id": "portland-osm-34813954",
        "temperatureF": 115.7,
        "temperatureC": 46.5,
        "baselineRuralF": 76.2,
        "deltaF": 39.5,
        "severity": "Critical",
        "surfaceType": "asphalt",
        "areaName": "East Garage",
        "censusTract": "OSM Way #34813954 • 20 impervious ways/450m"
      }
    },
    {
      "type": "Feature",
      "geometry": {
        "type": "Point",
        "coordinates": [
          -122.66926,
          45.53367
        ]
      },
      "properties": {
        "id": "portland-osm-34814074",
        "temperatureF": 111.8,
        "temperatureC": 44.3,
        "baselineRuralF": 76.2,
        "deltaF": 35.6,
        "severity": "Critical",
        "surfaceType": "asphalt",
        "areaName": "West Garage",
        "censusTract": "OSM Way #34814074 • 13 impervious ways/450m"
      }
    },
    {
      "type": "Feature",
      "geometry": {
        "type": "Point",
        "coordinates": [
          -122.6669,
          45.53257
        ]
      },
      "properties": {
        "id": "portland-osm-34814274",
        "temperatureF": 116.2,
        "temperatureC": 46.8,
        "baselineRuralF": 76.2,
        "deltaF": 40,
        "severity": "Critical",
        "surfaceType": "asphalt",
        "areaName": "Garden Garage",
        "censusTract": "OSM Way #34814274 • 30 impervious ways/450m"
      }
    },
    {
      "type": "Feature",
      "geometry": {
        "type": "Point",
        "coordinates": [
          -122.71681,
          45.51116
        ]
      },
      "properties": {
        "id": "portland-osm-35915908",
        "temperatureF": 106.3,
        "temperatureC": 41.3,
        "baselineRuralF": 76.2,
        "deltaF": 30.1,
        "severity": "Critical",
        "surfaceType": "asphalt",
        "areaName": "Parking Kitty — Surface Asphalt Parking Expanse",
        "censusTract": "OSM Way #35915908 • 3 impervious ways/450m"
      }
    },
    {
      "type": "Feature",
      "geometry": {
        "type": "Point",
        "coordinates": [
          -122.71881,
          45.50905
        ]
      },
      "properties": {
        "id": "portland-osm-35916808",
        "temperatureF": 106.3,
        "temperatureC": 41.3,
        "baselineRuralF": 76.2,
        "deltaF": 30.1,
        "severity": "Critical",
        "surfaceType": "asphalt",
        "areaName": "Surface Asphalt Parking Expanse (OSM #6808)",
        "censusTract": "OSM Way #35916808 • 3 impervious ways/450m"
      }
    },
    {
      "type": "Feature",
      "geometry": {
        "type": "Point",
        "coordinates": [
          -122.71712,
          45.50966
        ]
      },
      "properties": {
        "id": "portland-osm-35917354",
        "temperatureF": 106.3,
        "temperatureC": 41.3,
        "baselineRuralF": 76.2,
        "deltaF": 30.1,
        "severity": "Critical",
        "surfaceType": "asphalt",
        "areaName": "Parking Zone: 400",
        "censusTract": "OSM Way #35917354 • 3 impervious ways/450m"
      }
    },
    {
      "type": "Feature",
      "geometry": {
        "type": "Point",
        "coordinates": [
          -122.71657,
          45.51275
        ]
      },
      "properties": {
        "id": "portland-osm-35917362",
        "temperatureF": 106.3,
        "temperatureC": 41.3,
        "baselineRuralF": 76.2,
        "deltaF": 30.1,
        "severity": "Critical",
        "surfaceType": "asphalt",
        "areaName": "Surface Asphalt Parking Expanse (OSM #7362)",
        "censusTract": "OSM Way #35917362 • 3 impervious ways/450m"
      }
    },
    {
      "type": "Feature",
      "geometry": {
        "type": "Point",
        "coordinates": [
          -122.65632,
          45.53413
        ]
      },
      "properties": {
        "id": "portland-osm-35928049",
        "temperatureF": 114.7,
        "temperatureC": 45.9,
        "baselineRuralF": 76.2,
        "deltaF": 38.5,
        "severity": "Critical",
        "surfaceType": "asphalt",
        "areaName": "Surface Asphalt Parking Expanse (OSM #8049)",
        "censusTract": "OSM Way #35928049 • 52 impervious ways/450m"
      }
    },
    {
      "type": "Feature",
      "geometry": {
        "type": "Point",
        "coordinates": [
          -122.65508,
          45.5347
        ]
      },
      "properties": {
        "id": "portland-osm-36437953",
        "temperatureF": 115.4,
        "temperatureC": 46.3,
        "baselineRuralF": 76.2,
        "deltaF": 39.2,
        "severity": "Critical",
        "surfaceType": "asphalt",
        "areaName": "Surface Asphalt Parking Expanse (OSM #7953)",
        "censusTract": "OSM Way #36437953 • 41 impervious ways/450m"
      }
    },
    {
      "type": "Feature",
      "geometry": {
        "type": "Point",
        "coordinates": [
          -122.68261,
          45.51839
        ]
      },
      "properties": {
        "id": "portland-osm-36735404",
        "temperatureF": 109.6,
        "temperatureC": 43.1,
        "baselineRuralF": 76.2,
        "deltaF": 33.4,
        "severity": "Critical",
        "surfaceType": "asphalt",
        "areaName": "City Center Parking",
        "censusTract": "OSM Way #36735404 • 9 impervious ways/450m"
      }
    },
    {
      "type": "Feature",
      "geometry": {
        "type": "Point",
        "coordinates": [
          -122.68765,
          45.51935
        ]
      },
      "properties": {
        "id": "portland-osm-36741777",
        "temperatureF": 107,
        "temperatureC": 41.7,
        "baselineRuralF": 76.2,
        "deltaF": 30.8,
        "severity": "Critical",
        "surfaceType": "commercial_roof",
        "areaName": "937 Southwest 14th Avenue (Commercial Retail Complex)",
        "censusTract": "OSM Way #36741777 • 7 impervious ways/450m"
      }
    },
    {
      "type": "Feature",
      "geometry": {
        "type": "Point",
        "coordinates": [
          -122.68748,
          45.51945
        ]
      },
      "properties": {
        "id": "portland-osm-36741847",
        "temperatureF": 109.1,
        "temperatureC": 42.8,
        "baselineRuralF": 76.2,
        "deltaF": 32.9,
        "severity": "Critical",
        "surfaceType": "asphalt",
        "areaName": "Surface Asphalt Parking Expanse (OSM #1847)",
        "censusTract": "OSM Way #36741847 • 8 impervious ways/450m"
      }
    },
    {
      "type": "Feature",
      "geometry": {
        "type": "Point",
        "coordinates": [
          -122.68541,
          45.51978
        ]
      },
      "properties": {
        "id": "portland-osm-36741851",
        "temperatureF": 107.5,
        "temperatureC": 41.9,
        "baselineRuralF": 76.2,
        "deltaF": 31.3,
        "severity": "Critical",
        "surfaceType": "commercial_roof",
        "areaName": "The Portland Clinic (Administrative Office)",
        "censusTract": "OSM Way #36741851 • 8 impervious ways/450m"
      }
    },
    {
      "type": "Feature",
      "geometry": {
        "type": "Point",
        "coordinates": [
          -122.68505,
          45.51964
        ]
      },
      "properties": {
        "id": "portland-osm-36741854",
        "temperatureF": 109.1,
        "temperatureC": 42.8,
        "baselineRuralF": 76.2,
        "deltaF": 32.9,
        "severity": "Critical",
        "surfaceType": "asphalt",
        "areaName": "Surface Asphalt Parking Expanse (OSM #1854)",
        "censusTract": "OSM Way #36741854 • 8 impervious ways/450m"
      }
    },
    {
      "type": "Feature",
      "geometry": {
        "type": "Point",
        "coordinates": [
          -122.68436,
          45.51948
        ]
      },
      "properties": {
        "id": "portland-osm-36741881",
        "temperatureF": 109.1,
        "temperatureC": 42.8,
        "baselineRuralF": 76.2,
        "deltaF": 32.9,
        "severity": "Critical",
        "surfaceType": "asphalt",
        "areaName": "Surface Asphalt Parking Expanse (OSM #1881)",
        "censusTract": "OSM Way #36741881 • 8 impervious ways/450m"
      }
    },
    {
      "type": "Feature",
      "geometry": {
        "type": "Point",
        "coordinates": [
          -122.68563,
          45.51891
        ]
      },
      "properties": {
        "id": "portland-osm-36741918",
        "temperatureF": 109.6,
        "temperatureC": 43.1,
        "baselineRuralF": 76.2,
        "deltaF": 33.4,
        "severity": "Critical",
        "surfaceType": "asphalt",
        "areaName": "City Center Parking",
        "censusTract": "OSM Way #36741918 • 9 impervious ways/450m"
      }
    },
    {
      "type": "Feature",
      "geometry": {
        "type": "Point",
        "coordinates": [
          -122.66325,
          45.53184
        ]
      },
      "properties": {
        "id": "portland-osm-36796195",
        "temperatureF": 115.4,
        "temperatureC": 46.3,
        "baselineRuralF": 76.2,
        "deltaF": 39.2,
        "severity": "Critical",
        "surfaceType": "asphalt",
        "areaName": "Surface Asphalt Parking Expanse (OSM #6195)",
        "censusTract": "OSM Way #36796195 • 54 impervious ways/450m"
      }
    },
    {
      "type": "Feature",
      "geometry": {
        "type": "Point",
        "coordinates": [
          -122.66449,
          45.53279
        ]
      },
      "properties": {
        "id": "portland-osm-36796199",
        "temperatureF": 116.2,
        "temperatureC": 46.8,
        "baselineRuralF": 76.2,
        "deltaF": 40,
        "severity": "Critical",
        "surfaceType": "asphalt",
        "areaName": "Surface Asphalt Parking Expanse (OSM #6199)",
        "censusTract": "OSM Way #36796199 • 51 impervious ways/450m"
      }
    },
    {
      "type": "Feature",
      "geometry": {
        "type": "Point",
        "coordinates": [
          -122.6562,
          45.53488
        ]
      },
      "properties": {
        "id": "portland-osm-36800064",
        "temperatureF": 113.9,
        "temperatureC": 45.5,
        "baselineRuralF": 76.2,
        "deltaF": 37.7,
        "severity": "Critical",
        "surfaceType": "commercial_roof",
        "areaName": "Suul Suul Korean Street Food",
        "censusTract": "OSM Way #36800064 • 46 impervious ways/450m"
      }
    },
    {
      "type": "Feature",
      "geometry": {
        "type": "Point",
        "coordinates": [
          -122.65637,
          45.53488
        ]
      },
      "properties": {
        "id": "portland-osm-36800065",
        "temperatureF": 115.4,
        "temperatureC": 46.3,
        "baselineRuralF": 76.2,
        "deltaF": 39.2,
        "severity": "Critical",
        "surfaceType": "asphalt",
        "areaName": "Surface Asphalt Parking Expanse (OSM #0065)",
        "censusTract": "OSM Way #36800065 • 48 impervious ways/450m"
      }
    },
    {
      "type": "Feature",
      "geometry": {
        "type": "Point",
        "coordinates": [
          -122.65736,
          45.53399
        ]
      },
      "properties": {
        "id": "portland-osm-36800068",
        "temperatureF": 115.4,
        "temperatureC": 46.3,
        "baselineRuralF": 76.2,
        "deltaF": 39.2,
        "severity": "Critical",
        "surfaceType": "asphalt",
        "areaName": "Surface Asphalt Parking Expanse (OSM #0068)",
        "censusTract": "OSM Way #36800068 • 56 impervious ways/450m"
      }
    },
    {
      "type": "Feature",
      "geometry": {
        "type": "Point",
        "coordinates": [
          -122.65726,
          45.53457
        ]
      },
      "properties": {
        "id": "portland-osm-36800696",
        "temperatureF": 115.4,
        "temperatureC": 46.3,
        "baselineRuralF": 76.2,
        "deltaF": 39.2,
        "severity": "Critical",
        "surfaceType": "asphalt",
        "areaName": "Surface Asphalt Parking Expanse (OSM #0696)",
        "censusTract": "OSM Way #36800696 • 53 impervious ways/450m"
      }
    },
    {
      "type": "Feature",
      "geometry": {
        "type": "Point",
        "coordinates": [
          -122.65813,
          45.53476
        ]
      },
      "properties": {
        "id": "portland-osm-36802135",
        "temperatureF": 115.4,
        "temperatureC": 46.3,
        "baselineRuralF": 76.2,
        "deltaF": 39.2,
        "severity": "Critical",
        "surfaceType": "asphalt",
        "areaName": "Surface Asphalt Parking Expanse (OSM #2135)",
        "censusTract": "OSM Way #36802135 • 54 impervious ways/450m"
      }
    },
    {
      "type": "Feature",
      "geometry": {
        "type": "Point",
        "coordinates": [
          -122.65831,
          45.53458
        ]
      },
      "properties": {
        "id": "portland-osm-36802137",
        "temperatureF": 115.4,
        "temperatureC": 46.3,
        "baselineRuralF": 76.2,
        "deltaF": 39.2,
        "severity": "Critical",
        "surfaceType": "asphalt",
        "areaName": "Surface Asphalt Parking Expanse (OSM #2137)",
        "censusTract": "OSM Way #36802137 • 56 impervious ways/450m"
      }
    },
    {
      "type": "Feature",
      "geometry": {
        "type": "Point",
        "coordinates": [
          -122.65828,
          45.53407
        ]
      },
      "properties": {
        "id": "portland-osm-36802434",
        "temperatureF": 115.4,
        "temperatureC": 46.3,
        "baselineRuralF": 76.2,
        "deltaF": 39.2,
        "severity": "Critical",
        "surfaceType": "asphalt",
        "areaName": "Chipotle — Surface Asphalt Parking Expanse",
        "censusTract": "OSM Way #36802434 • 57 impervious ways/450m"
      }
    },
    {
      "type": "Feature",
      "geometry": {
        "type": "Point",
        "coordinates": [
          -122.65916,
          45.5341
        ]
      },
      "properties": {
        "id": "portland-osm-36803741",
        "temperatureF": 115.4,
        "temperatureC": 46.3,
        "baselineRuralF": 76.2,
        "deltaF": 39.2,
        "severity": "Critical",
        "surfaceType": "asphalt",
        "areaName": "Burger King — Surface Asphalt Parking Expanse",
        "censusTract": "OSM Way #36803741 • 64 impervious ways/450m"
      }
    },
    {
      "type": "Feature",
      "geometry": {
        "type": "Point",
        "coordinates": [
          -122.66014,
          45.53458
        ]
      },
      "properties": {
        "id": "portland-osm-36805156",
        "temperatureF": 115.4,
        "temperatureC": 46.3,
        "baselineRuralF": 76.2,
        "deltaF": 39.2,
        "severity": "Critical",
        "surfaceType": "asphalt",
        "areaName": "Walgreens — Surface Asphalt Parking Expanse",
        "censusTract": "OSM Way #36805156 • 65 impervious ways/450m"
      }
    },
    {
      "type": "Feature",
      "geometry": {
        "type": "Point",
        "coordinates": [
          -122.66013,
          45.534
        ]
      },
      "properties": {
        "id": "portland-osm-36805555",
        "temperatureF": 115.4,
        "temperatureC": 46.3,
        "baselineRuralF": 76.2,
        "deltaF": 39.2,
        "severity": "Critical",
        "surfaceType": "asphalt",
        "areaName": "Surface Asphalt Parking Expanse (OSM #5555)",
        "censusTract": "OSM Way #36805555 • 66 impervious ways/450m"
      }
    },
    {
      "type": "Feature",
      "geometry": {
        "type": "Point",
        "coordinates": [
          -122.66134,
          45.53407
        ]
      },
      "properties": {
        "id": "portland-osm-36805560",
        "temperatureF": 115.4,
        "temperatureC": 46.3,
        "baselineRuralF": 76.2,
        "deltaF": 39.2,
        "severity": "Critical",
        "surfaceType": "asphalt",
        "areaName": "Surface Asphalt Parking Expanse (OSM #5560)",
        "censusTract": "OSM Way #36805560 • 63 impervious ways/450m"
      }
    },
    {
      "type": "Feature",
      "geometry": {
        "type": "Point",
        "coordinates": [
          -122.66197,
          45.53405
        ]
      },
      "properties": {
        "id": "portland-osm-36805562",
        "temperatureF": 115.4,
        "temperatureC": 46.3,
        "baselineRuralF": 76.2,
        "deltaF": 39.2,
        "severity": "Critical",
        "surfaceType": "asphalt",
        "areaName": "Surface Asphalt Parking Expanse (OSM #5562)",
        "censusTract": "OSM Way #36805562 • 62 impervious ways/450m"
      }
    },
    {
      "type": "Feature",
      "geometry": {
        "type": "Point",
        "coordinates": [
          -122.66239,
          45.53415
        ]
      },
      "properties": {
        "id": "portland-osm-36805564",
        "temperatureF": 115.4,
        "temperatureC": 46.3,
        "baselineRuralF": 76.2,
        "deltaF": 39.2,
        "severity": "Critical",
        "surfaceType": "asphalt",
        "areaName": "Surface Asphalt Parking Expanse (OSM #5564)",
        "censusTract": "OSM Way #36805564 • 59 impervious ways/450m"
      }
    },
    {
      "type": "Feature",
      "geometry": {
        "type": "Point",
        "coordinates": [
          -122.66138,
          45.5333
        ]
      },
      "properties": {
        "id": "portland-osm-36805711",
        "temperatureF": 115.4,
        "temperatureC": 46.3,
        "baselineRuralF": 76.2,
        "deltaF": 39.2,
        "severity": "Critical",
        "surfaceType": "asphalt",
        "areaName": "Surface Asphalt Parking Expanse (OSM #5711)",
        "censusTract": "OSM Way #36805711 • 67 impervious ways/450m"
      }
    },
    {
      "type": "Feature",
      "geometry": {
        "type": "Point",
        "coordinates": [
          -122.66236,
          45.53275
        ]
      },
      "properties": {
        "id": "portland-osm-36805713",
        "temperatureF": 115.4,
        "temperatureC": 46.3,
        "baselineRuralF": 76.2,
        "deltaF": 39.2,
        "severity": "Critical",
        "surfaceType": "asphalt",
        "areaName": "Surface Asphalt Parking Expanse (OSM #5713)",
        "censusTract": "OSM Way #36805713 • 63 impervious ways/450m"
      }
    },
    {
      "type": "Feature",
      "geometry": {
        "type": "Point",
        "coordinates": [
          -122.66129,
          45.5325
        ]
      },
      "properties": {
        "id": "portland-osm-36805715",
        "temperatureF": 115.4,
        "temperatureC": 46.3,
        "baselineRuralF": 76.2,
        "deltaF": 39.2,
        "severity": "Critical",
        "surfaceType": "asphalt",
        "areaName": "Surface Asphalt Parking Expanse (OSM #5715)",
        "censusTract": "OSM Way #36805715 • 61 impervious ways/450m"
      }
    },
    {
      "type": "Feature",
      "geometry": {
        "type": "Point",
        "coordinates": [
          -122.66077,
          45.50164
        ]
      },
      "properties": {
        "id": "portland-osm-37183244",
        "temperatureF": 105.2,
        "temperatureC": 40.7,
        "baselineRuralF": 76.2,
        "deltaF": 29,
        "severity": "Critical",
        "surfaceType": "asphalt",
        "areaName": "Southeast Martin Luther King Junior Boulevard",
        "censusTract": "OSM Way #37183244 • 1 impervious ways/450m"
      }
    },
    {
      "type": "Feature",
      "geometry": {
        "type": "Point",
        "coordinates": [
          -122.6359,
          45.53412
        ]
      },
      "properties": {
        "id": "portland-osm-39193313",
        "temperatureF": 88.9,
        "temperatureC": 31.6,
        "baselineRuralF": 76.2,
        "deltaF": 12.7,
        "severity": "Moderate",
        "surfaceType": "canopy",
        "areaName": "Fred Meyer — Urban Park Canopy Buffer",
        "censusTract": "OSM Way #39193313 • 20 impervious ways/450m"
      }
    },
    {
      "type": "Feature",
      "geometry": {
        "type": "Point",
        "coordinates": [
          -122.65151,
          45.53075
        ]
      },
      "properties": {
        "id": "portland-osm-39239717",
        "temperatureF": 114.4,
        "temperatureC": 45.8,
        "baselineRuralF": 76.2,
        "deltaF": 38.2,
        "severity": "Critical",
        "surfaceType": "asphalt",
        "areaName": "Surface Asphalt Parking Expanse (OSM #9717)",
        "censusTract": "OSM Way #39239717 • 19 impervious ways/450m"
      }
    },
    {
      "type": "Feature",
      "geometry": {
        "type": "Point",
        "coordinates": [
          -122.66133,
          45.53459
        ]
      },
      "properties": {
        "id": "portland-osm-39239785",
        "temperatureF": 115.4,
        "temperatureC": 46.3,
        "baselineRuralF": 76.2,
        "deltaF": 39.2,
        "severity": "Critical",
        "surfaceType": "asphalt",
        "areaName": "401 Northeast Weidler Street (Surface Asphalt Parking Expanse)",
        "censusTract": "OSM Way #39239785 • 63 impervious ways/450m"
      }
    },
    {
      "type": "Feature",
      "geometry": {
        "type": "Point",
        "coordinates": [
          -122.65411,
          45.52965
        ]
      },
      "properties": {
        "id": "portland-osm-39241352",
        "temperatureF": 112,
        "temperatureC": 44.4,
        "baselineRuralF": 76.2,
        "deltaF": 35.8,
        "severity": "Critical",
        "surfaceType": "asphalt",
        "areaName": "1135 Northeast Lloyd Boulevard (Surface Asphalt Parking Expanse)",
        "censusTract": "OSM Way #39241352 • 16 impervious ways/450m"
      }
    },
    {
      "type": "Feature",
      "geometry": {
        "type": "Point",
        "coordinates": [
          -122.65492,
          45.53399
        ]
      },
      "properties": {
        "id": "portland-osm-39241389",
        "temperatureF": 114.7,
        "temperatureC": 45.9,
        "baselineRuralF": 76.2,
        "deltaF": 38.5,
        "severity": "Critical",
        "surfaceType": "asphalt",
        "areaName": "Surface Asphalt Parking Expanse (OSM #1389)",
        "censusTract": "OSM Way #39241389 • 44 impervious ways/450m"
      }
    },
    {
      "type": "Feature",
      "geometry": {
        "type": "Point",
        "coordinates": [
          -122.6568,
          45.53528
        ]
      },
      "properties": {
        "id": "portland-osm-39241529",
        "temperatureF": 113.9,
        "temperatureC": 45.5,
        "baselineRuralF": 76.2,
        "deltaF": 37.7,
        "severity": "Critical",
        "surfaceType": "commercial_roof",
        "areaName": "835 Northeast Broadway (Commercial Retail Complex)",
        "censusTract": "OSM Way #39241529 • 46 impervious ways/450m"
      }
    },
    {
      "type": "Feature",
      "geometry": {
        "type": "Point",
        "coordinates": [
          -122.64878,
          45.53527
        ]
      },
      "properties": {
        "id": "portland-osm-39241758",
        "temperatureF": 114.6,
        "temperatureC": 45.9,
        "baselineRuralF": 76.2,
        "deltaF": 38.4,
        "severity": "Critical",
        "surfaceType": "commercial_roof",
        "areaName": "Commercial Retail Complex (OSM #1758)",
        "censusTract": "OSM Way #39241758 • 24 impervious ways/450m"
      }
    },
    {
      "type": "Feature",
      "geometry": {
        "type": "Point",
        "coordinates": [
          -122.64918,
          45.53395
        ]
      },
      "properties": {
        "id": "portland-osm-39241920",
        "temperatureF": 116.2,
        "temperatureC": 46.8,
        "baselineRuralF": 76.2,
        "deltaF": 40,
        "severity": "Critical",
        "surfaceType": "asphalt",
        "areaName": "Surface Asphalt Parking Expanse (OSM #1920)",
        "censusTract": "OSM Way #39241920 • 26 impervious ways/450m"
      }
    },
    {
      "type": "Feature",
      "geometry": {
        "type": "Point",
        "coordinates": [
          -122.65116,
          45.53377
        ]
      },
      "properties": {
        "id": "portland-osm-39241921",
        "temperatureF": 115.4,
        "temperatureC": 46.3,
        "baselineRuralF": 76.2,
        "deltaF": 39.2,
        "severity": "Critical",
        "surfaceType": "asphalt",
        "areaName": "Surface Asphalt Parking Expanse (OSM #1921)",
        "censusTract": "OSM Way #39241921 • 29 impervious ways/450m"
      }
    },
    {
      "type": "Feature",
      "geometry": {
        "type": "Point",
        "coordinates": [
          -122.65223,
          45.53398
        ]
      },
      "properties": {
        "id": "portland-osm-39241922",
        "temperatureF": 115.4,
        "temperatureC": 46.3,
        "baselineRuralF": 76.2,
        "deltaF": 39.2,
        "severity": "Critical",
        "surfaceType": "asphalt",
        "areaName": "Surface Asphalt Parking Expanse (OSM #1922)",
        "censusTract": "OSM Way #39241922 • 34 impervious ways/450m"
      }
    },
    {
      "type": "Feature",
      "geometry": {
        "type": "Point",
        "coordinates": [
          -122.65083,
          45.53393
        ]
      },
      "properties": {
        "id": "portland-osm-39241926",
        "temperatureF": 113.9,
        "temperatureC": 45.5,
        "baselineRuralF": 76.2,
        "deltaF": 37.7,
        "severity": "Critical",
        "surfaceType": "commercial_roof",
        "areaName": "Faith Catering",
        "censusTract": "OSM Way #39241926 • 31 impervious ways/450m"
      }
    },
    {
      "type": "Feature",
      "geometry": {
        "type": "Point",
        "coordinates": [
          -122.64789,
          45.53184
        ]
      },
      "properties": {
        "id": "portland-osm-39241978",
        "temperatureF": 116.2,
        "temperatureC": 46.8,
        "baselineRuralF": 76.2,
        "deltaF": 40,
        "severity": "Critical",
        "surfaceType": "asphalt",
        "areaName": "Surface Asphalt Parking Expanse (OSM #1978)",
        "censusTract": "OSM Way #39241978 • 27 impervious ways/450m"
      }
    },
    {
      "type": "Feature",
      "geometry": {
        "type": "Point",
        "coordinates": [
          -122.65913,
          45.53087
        ]
      },
      "properties": {
        "id": "portland-osm-39241999",
        "temperatureF": 114.7,
        "temperatureC": 45.9,
        "baselineRuralF": 76.2,
        "deltaF": 38.5,
        "severity": "Critical",
        "surfaceType": "asphalt",
        "areaName": "Surface Asphalt Parking Expanse (OSM #1999)",
        "censusTract": "OSM Way #39241999 • 49 impervious ways/450m"
      }
    },
    {
      "type": "Feature",
      "geometry": {
        "type": "Point",
        "coordinates": [
          -122.66016,
          45.52947
        ]
      },
      "properties": {
        "id": "portland-osm-39242061",
        "temperatureF": 115.4,
        "temperatureC": 46.3,
        "baselineRuralF": 76.2,
        "deltaF": 39.2,
        "severity": "Critical",
        "surfaceType": "asphalt",
        "areaName": "Surface Asphalt Parking Expanse (OSM #2061)",
        "censusTract": "OSM Way #39242061 • 38 impervious ways/450m"
      }
    },
    {
      "type": "Feature",
      "geometry": {
        "type": "Point",
        "coordinates": [
          -122.66017,
          45.52912
        ]
      },
      "properties": {
        "id": "portland-osm-39242062",
        "temperatureF": 115.4,
        "temperatureC": 46.3,
        "baselineRuralF": 76.2,
        "deltaF": 39.2,
        "severity": "Critical",
        "surfaceType": "asphalt",
        "areaName": "Surface Asphalt Parking Expanse (OSM #2062)",
        "censusTract": "OSM Way #39242062 • 36 impervious ways/450m"
      }
    },
    {
      "type": "Feature",
      "geometry": {
        "type": "Point",
        "coordinates": [
          -122.66036,
          45.5288
        ]
      },
      "properties": {
        "id": "portland-osm-39242064",
        "temperatureF": 115.4,
        "temperatureC": 46.3,
        "baselineRuralF": 76.2,
        "deltaF": 39.2,
        "severity": "Critical",
        "surfaceType": "asphalt",
        "areaName": "Surface Asphalt Parking Expanse (OSM #2064)",
        "censusTract": "OSM Way #39242064 • 34 impervious ways/450m"
      }
    },
    {
      "type": "Feature",
      "geometry": {
        "type": "Point",
        "coordinates": [
          -122.6602,
          45.52984
        ]
      },
      "properties": {
        "id": "portland-osm-39242072",
        "temperatureF": 115.4,
        "temperatureC": 46.3,
        "baselineRuralF": 76.2,
        "deltaF": 39.2,
        "severity": "Critical",
        "surfaceType": "asphalt",
        "areaName": "Surface Asphalt Parking Expanse (OSM #2072)",
        "censusTract": "OSM Way #39242072 • 37 impervious ways/450m"
      }
    },
    {
      "type": "Feature",
      "geometry": {
        "type": "Point",
        "coordinates": [
          -122.6591,
          45.55268
        ]
      },
      "properties": {
        "id": "portland-osm-39271736",
        "temperatureF": 79,
        "temperatureC": 26.1,
        "baselineRuralF": 76.2,
        "deltaF": 2.8,
        "severity": "Low",
        "surfaceType": "canopy",
        "areaName": "Two Plum Park",
        "censusTract": "OSM Way #39271736 • 2 impervious ways/450m"
      }
    },
    {
      "type": "Feature",
      "geometry": {
        "type": "Point",
        "coordinates": [
          -122.65285,
          45.56104
        ]
      },
      "properties": {
        "id": "portland-osm-39272213",
        "temperatureF": 78.5,
        "temperatureC": 25.8,
        "baselineRuralF": 76.2,
        "deltaF": 2.3,
        "severity": "Low",
        "surfaceType": "canopy",
        "areaName": "Roselawn Park",
        "censusTract": "OSM Way #39272213 • 1 impervious ways/450m"
      }
    },
    {
      "type": "Feature",
      "geometry": {
        "type": "Point",
        "coordinates": [
          -122.66019,
          45.56149
        ]
      },
      "properties": {
        "id": "portland-osm-39272347",
        "temperatureF": 105.8,
        "temperatureC": 41,
        "baselineRuralF": 76.2,
        "deltaF": 29.6,
        "severity": "Critical",
        "surfaceType": "asphalt",
        "areaName": "Surface Asphalt Parking Expanse (OSM #2347)",
        "censusTract": "OSM Way #39272347 • 2 impervious ways/450m"
      }
    },
    {
      "type": "Feature",
      "geometry": {
        "type": "Point",
        "coordinates": [
          -122.66003,
          45.56227
        ]
      },
      "properties": {
        "id": "portland-osm-39272349",
        "temperatureF": 106.3,
        "temperatureC": 41.3,
        "baselineRuralF": 76.2,
        "deltaF": 30.1,
        "severity": "Critical",
        "surfaceType": "asphalt",
        "areaName": "Surface Asphalt Parking Expanse (OSM #2349)",
        "censusTract": "OSM Way #39272349 • 3 impervious ways/450m"
      }
    },
    {
      "type": "Feature",
      "geometry": {
        "type": "Point",
        "coordinates": [
          -122.64276,
          45.53526
        ]
      },
      "properties": {
        "id": "portland-osm-39273417",
        "temperatureF": 114.6,
        "temperatureC": 45.9,
        "baselineRuralF": 76.2,
        "deltaF": 38.4,
        "severity": "Critical",
        "surfaceType": "commercial_roof",
        "areaName": "2207 Northeast Broadway (Commercial Retail Complex)",
        "censusTract": "OSM Way #39273417 • 23 impervious ways/450m"
      }
    },
    {
      "type": "Feature",
      "geometry": {
        "type": "Point",
        "coordinates": [
          -122.64452,
          45.53465
        ]
      },
      "properties": {
        "id": "portland-osm-39273537",
        "temperatureF": 116.2,
        "temperatureC": 46.8,
        "baselineRuralF": 76.2,
        "deltaF": 40,
        "severity": "Critical",
        "surfaceType": "asphalt",
        "areaName": "Surface Asphalt Parking Expanse (OSM #3537)",
        "censusTract": "OSM Way #39273537 • 21 impervious ways/450m"
      }
    },
    {
      "type": "Feature",
      "geometry": {
        "type": "Point",
        "coordinates": [
          -122.64517,
          45.53465
        ]
      },
      "properties": {
        "id": "portland-osm-39273643",
        "temperatureF": 115.7,
        "temperatureC": 46.5,
        "baselineRuralF": 76.2,
        "deltaF": 39.5,
        "severity": "Critical",
        "surfaceType": "asphalt",
        "areaName": "Surface Asphalt Parking Expanse (OSM #3643)",
        "censusTract": "OSM Way #39273643 • 20 impervious ways/450m"
      }
    },
    {
      "type": "Feature",
      "geometry": {
        "type": "Point",
        "coordinates": [
          -122.6453,
          45.53464
        ]
      },
      "properties": {
        "id": "portland-osm-39273644",
        "temperatureF": 114.1,
        "temperatureC": 45.6,
        "baselineRuralF": 76.2,
        "deltaF": 37.9,
        "severity": "Critical",
        "surfaceType": "commercial_roof",
        "areaName": "Banfield Pet Hospital",
        "censusTract": "OSM Way #39273644 • 20 impervious ways/450m"
      }
    },
    {
      "type": "Feature",
      "geometry": {
        "type": "Point",
        "coordinates": [
          -122.6497,
          45.53527
        ]
      },
      "properties": {
        "id": "portland-osm-39273646",
        "temperatureF": 116.2,
        "temperatureC": 46.8,
        "baselineRuralF": 76.2,
        "deltaF": 40,
        "severity": "Critical",
        "surfaceType": "asphalt",
        "areaName": "Surface Asphalt Parking Expanse (OSM #3646)",
        "censusTract": "OSM Way #39273646 • 28 impervious ways/450m"
      }
    },
    {
      "type": "Feature",
      "geometry": {
        "type": "Point",
        "coordinates": [
          -122.65765,
          45.53307
        ]
      },
      "properties": {
        "id": "portland-osm-39273776",
        "temperatureF": 114.7,
        "temperatureC": 45.9,
        "baselineRuralF": 76.2,
        "deltaF": 38.5,
        "severity": "Critical",
        "surfaceType": "asphalt",
        "areaName": "Surface Asphalt Parking Expanse (OSM #3776)",
        "censusTract": "OSM Way #39273776 • 56 impervious ways/450m"
      }
    },
    {
      "type": "Feature",
      "geometry": {
        "type": "Point",
        "coordinates": [
          -122.65802,
          45.53222
        ]
      },
      "properties": {
        "id": "portland-osm-39273789",
        "temperatureF": 114.7,
        "temperatureC": 45.9,
        "baselineRuralF": 76.2,
        "deltaF": 38.5,
        "severity": "Critical",
        "surfaceType": "asphalt",
        "areaName": "Surface Asphalt Parking Expanse (OSM #3789)",
        "censusTract": "OSM Way #39273789 • 58 impervious ways/450m"
      }
    },
    {
      "type": "Feature",
      "geometry": {
        "type": "Point",
        "coordinates": [
          -122.66336,
          45.53532
        ]
      },
      "properties": {
        "id": "portland-osm-39273999",
        "temperatureF": 116.2,
        "temperatureC": 46.8,
        "baselineRuralF": 76.2,
        "deltaF": 40,
        "severity": "Critical",
        "surfaceType": "asphalt",
        "areaName": "Surface Asphalt Parking Expanse (OSM #3999)",
        "censusTract": "OSM Way #39273999 • 49 impervious ways/450m"
      }
    },
    {
      "type": "Feature",
      "geometry": {
        "type": "Point",
        "coordinates": [
          -122.64439,
          45.53555
        ]
      },
      "properties": {
        "id": "portland-osm-39274101",
        "temperatureF": 115.7,
        "temperatureC": 46.5,
        "baselineRuralF": 76.2,
        "deltaF": 39.5,
        "severity": "Critical",
        "surfaceType": "asphalt",
        "areaName": "Surface Asphalt Parking Expanse (OSM #4101)",
        "censusTract": "OSM Way #39274101 • 20 impervious ways/450m"
      }
    },
    {
      "type": "Feature",
      "geometry": {
        "type": "Point",
        "coordinates": [
          -122.63463,
          45.53489
        ]
      },
      "properties": {
        "id": "portland-osm-39274108",
        "temperatureF": 112.8,
        "temperatureC": 44.9,
        "baselineRuralF": 76.2,
        "deltaF": 36.6,
        "severity": "Critical",
        "surfaceType": "commercial_roof",
        "areaName": "Commercial Retail Complex (OSM #4108)",
        "censusTract": "OSM Way #39274108 • 19 impervious ways/450m"
      }
    },
    {
      "type": "Feature",
      "geometry": {
        "type": "Point",
        "coordinates": [
          -122.63555,
          45.53494
        ]
      },
      "properties": {
        "id": "portland-osm-39274179",
        "temperatureF": 112.8,
        "temperatureC": 44.9,
        "baselineRuralF": 76.2,
        "deltaF": 36.6,
        "severity": "Critical",
        "surfaceType": "commercial_roof",
        "areaName": "2916 Northeast Broadway (Commercial Retail Complex)",
        "censusTract": "OSM Way #39274179 • 19 impervious ways/450m"
      }
    },
    {
      "type": "Feature",
      "geometry": {
        "type": "Point",
        "coordinates": [
          -122.64807,
          45.53527
        ]
      },
      "properties": {
        "id": "portland-osm-39274198",
        "temperatureF": 114.6,
        "temperatureC": 45.9,
        "baselineRuralF": 76.2,
        "deltaF": 38.4,
        "severity": "Critical",
        "surfaceType": "commercial_roof",
        "areaName": "1717 Northeast Broadway (Commercial Retail Complex)",
        "censusTract": "OSM Way #39274198 • 25 impervious ways/450m"
      }
    },
    {
      "type": "Feature",
      "geometry": {
        "type": "Point",
        "coordinates": [
          -122.64826,
          45.53526
        ]
      },
      "properties": {
        "id": "portland-osm-39274266",
        "temperatureF": 116.2,
        "temperatureC": 46.8,
        "baselineRuralF": 76.2,
        "deltaF": 40,
        "severity": "Critical",
        "surfaceType": "asphalt",
        "areaName": "Surface Asphalt Parking Expanse (OSM #4266)",
        "censusTract": "OSM Way #39274266 • 25 impervious ways/450m"
      }
    },
    {
      "type": "Feature",
      "geometry": {
        "type": "Point",
        "coordinates": [
          -122.65111,
          45.53482
        ]
      },
      "properties": {
        "id": "portland-osm-39274298",
        "temperatureF": 116.2,
        "temperatureC": 46.8,
        "baselineRuralF": 76.2,
        "deltaF": 40,
        "severity": "Critical",
        "surfaceType": "asphalt",
        "areaName": "Surface Asphalt Parking Expanse (OSM #4298)",
        "censusTract": "OSM Way #39274298 • 31 impervious ways/450m"
      }
    },
    {
      "type": "Feature",
      "geometry": {
        "type": "Point",
        "coordinates": [
          -122.65525,
          45.53551
        ]
      },
      "properties": {
        "id": "portland-osm-39274301",
        "temperatureF": 116.2,
        "temperatureC": 46.8,
        "baselineRuralF": 76.2,
        "deltaF": 40,
        "severity": "Critical",
        "surfaceType": "asphalt",
        "areaName": "Surface Asphalt Parking Expanse (OSM #4301)",
        "censusTract": "OSM Way #39274301 • 39 impervious ways/450m"
      }
    },
    {
      "type": "Feature",
      "geometry": {
        "type": "Point",
        "coordinates": [
          -122.6571,
          45.53554
        ]
      },
      "properties": {
        "id": "portland-osm-39274362",
        "temperatureF": 115.4,
        "temperatureC": 46.3,
        "baselineRuralF": 76.2,
        "deltaF": 39.2,
        "severity": "Critical",
        "surfaceType": "asphalt",
        "areaName": "OnPoint — Surface Asphalt Parking Expanse",
        "censusTract": "OSM Way #39274362 • 46 impervious ways/450m"
      }
    },
    {
      "type": "Feature",
      "geometry": {
        "type": "Point",
        "coordinates": [
          -122.65222,
          45.53527
        ]
      },
      "properties": {
        "id": "portland-osm-39274407",
        "temperatureF": 116.2,
        "temperatureC": 46.8,
        "baselineRuralF": 76.2,
        "deltaF": 40,
        "severity": "Critical",
        "surfaceType": "asphalt",
        "areaName": "Surface Asphalt Parking Expanse (OSM #4407)",
        "censusTract": "OSM Way #39274407 • 32 impervious ways/450m"
      }
    },
    {
      "type": "Feature",
      "geometry": {
        "type": "Point",
        "coordinates": [
          -122.65627,
          45.53559
        ]
      },
      "properties": {
        "id": "portland-osm-39274438",
        "temperatureF": 116.2,
        "temperatureC": 46.8,
        "baselineRuralF": 76.2,
        "deltaF": 40,
        "severity": "Critical",
        "surfaceType": "asphalt",
        "areaName": "Surface Asphalt Parking Expanse (OSM #4438)",
        "censusTract": "OSM Way #39274438 • 42 impervious ways/450m"
      }
    },
    {
      "type": "Feature",
      "geometry": {
        "type": "Point",
        "coordinates": [
          -122.6583,
          45.53614
        ]
      },
      "properties": {
        "id": "portland-osm-39274480",
        "temperatureF": 114.6,
        "temperatureC": 45.9,
        "baselineRuralF": 76.2,
        "deltaF": 38.4,
        "severity": "Critical",
        "surfaceType": "commercial_roof",
        "areaName": "1836 Northeast 7th Avenue (Commercial Retail Complex)",
        "censusTract": "OSM Way #39274480 • 47 impervious ways/450m"
      }
    },
    {
      "type": "Feature",
      "geometry": {
        "type": "Point",
        "coordinates": [
          -122.65882,
          45.53627
        ]
      },
      "properties": {
        "id": "portland-osm-39274574",
        "temperatureF": 116.2,
        "temperatureC": 46.8,
        "baselineRuralF": 76.2,
        "deltaF": 40,
        "severity": "Critical",
        "surfaceType": "asphalt",
        "areaName": "Surface Asphalt Parking Expanse (OSM #4574)",
        "censusTract": "OSM Way #39274574 • 49 impervious ways/450m"
      }
    },
    {
      "type": "Feature",
      "geometry": {
        "type": "Point",
        "coordinates": [
          -122.65992,
          45.53619
        ]
      },
      "properties": {
        "id": "portland-osm-39274581",
        "temperatureF": 116.2,
        "temperatureC": 46.8,
        "baselineRuralF": 76.2,
        "deltaF": 40,
        "severity": "Critical",
        "surfaceType": "asphalt",
        "areaName": "Surface Asphalt Parking Expanse (OSM #4581)",
        "censusTract": "OSM Way #39274581 • 52 impervious ways/450m"
      }
    },
    {
      "type": "Feature",
      "geometry": {
        "type": "Point",
        "coordinates": [
          -122.63957,
          45.535
        ]
      },
      "properties": {
        "id": "portland-osm-39274943",
        "temperatureF": 115.4,
        "temperatureC": 46.3,
        "baselineRuralF": 76.2,
        "deltaF": 39.2,
        "severity": "Critical",
        "surfaceType": "asphalt",
        "areaName": "Surface Asphalt Parking Expanse (OSM #4943)",
        "censusTract": "OSM Way #39274943 • 23 impervious ways/450m"
      }
    },
    {
      "type": "Feature",
      "geometry": {
        "type": "Point",
        "coordinates": [
          -122.63882,
          45.53463
        ]
      },
      "properties": {
        "id": "portland-osm-39274962",
        "temperatureF": 115.4,
        "temperatureC": 46.3,
        "baselineRuralF": 76.2,
        "deltaF": 39.2,
        "severity": "Critical",
        "surfaceType": "asphalt",
        "areaName": "Surface Asphalt Parking Expanse (OSM #4962)",
        "censusTract": "OSM Way #39274962 • 22 impervious ways/450m"
      }
    },
    {
      "type": "Feature",
      "geometry": {
        "type": "Point",
        "coordinates": [
          -122.63851,
          45.53492
        ]
      },
      "properties": {
        "id": "portland-osm-39274963",
        "temperatureF": 114.9,
        "temperatureC": 46.1,
        "baselineRuralF": 76.2,
        "deltaF": 38.7,
        "severity": "Critical",
        "surfaceType": "asphalt",
        "areaName": "Surface Asphalt Parking Expanse (OSM #4963)",
        "censusTract": "OSM Way #39274963 • 20 impervious ways/450m"
      }
    },
    {
      "type": "Feature",
      "geometry": {
        "type": "Point",
        "coordinates": [
          -122.63769,
          45.53493
        ]
      },
      "properties": {
        "id": "portland-osm-39274967",
        "temperatureF": 114.9,
        "temperatureC": 46.1,
        "baselineRuralF": 76.2,
        "deltaF": 38.7,
        "severity": "Critical",
        "surfaceType": "asphalt",
        "areaName": "Surface Asphalt Parking Expanse (OSM #4967)",
        "censusTract": "OSM Way #39274967 • 20 impervious ways/450m"
      }
    },
    {
      "type": "Feature",
      "geometry": {
        "type": "Point",
        "coordinates": [
          -122.63942,
          45.53537
        ]
      },
      "properties": {
        "id": "portland-osm-39274968",
        "temperatureF": 115.4,
        "temperatureC": 46.3,
        "baselineRuralF": 76.2,
        "deltaF": 39.2,
        "severity": "Critical",
        "surfaceType": "asphalt",
        "areaName": "Surface Asphalt Parking Expanse (OSM #4968)",
        "censusTract": "OSM Way #39274968 • 21 impervious ways/450m"
      }
    },
    {
      "type": "Feature",
      "geometry": {
        "type": "Point",
        "coordinates": [
          -122.62812,
          45.55291
        ]
      },
      "properties": {
        "id": "portland-osm-39275590",
        "temperatureF": 77.9,
        "temperatureC": 25.5,
        "baselineRuralF": 76.2,
        "deltaF": 1.7,
        "severity": "Low",
        "surfaceType": "canopy",
        "areaName": "Wilshire Park",
        "censusTract": "OSM Way #39275590 • 0 impervious ways/450m"
      }
    },
    {
      "type": "Feature",
      "geometry": {
        "type": "Point",
        "coordinates": [
          -122.66102,
          45.53185
        ]
      },
      "properties": {
        "id": "portland-osm-39335535",
        "temperatureF": 115.4,
        "temperatureC": 46.3,
        "baselineRuralF": 76.2,
        "deltaF": 39.2,
        "severity": "Critical",
        "surfaceType": "asphalt",
        "areaName": "Surface Asphalt Parking Expanse (OSM #5535)",
        "censusTract": "OSM Way #39335535 • 61 impervious ways/450m"
      }
    },
    {
      "type": "Feature",
      "geometry": {
        "type": "Point",
        "coordinates": [
          -122.66014,
          45.53187
        ]
      },
      "properties": {
        "id": "portland-osm-39335560",
        "temperatureF": 115.4,
        "temperatureC": 46.3,
        "baselineRuralF": 76.2,
        "deltaF": 39.2,
        "severity": "Critical",
        "surfaceType": "asphalt",
        "areaName": "Surface Asphalt Parking Expanse (OSM #5560)",
        "censusTract": "OSM Way #39335560 • 57 impervious ways/450m"
      }
    },
    {
      "type": "Feature",
      "geometry": {
        "type": "Point",
        "coordinates": [
          -122.65913,
          45.53187
        ]
      },
      "properties": {
        "id": "portland-osm-39335561",
        "temperatureF": 115.4,
        "temperatureC": 46.3,
        "baselineRuralF": 76.2,
        "deltaF": 39.2,
        "severity": "Critical",
        "surfaceType": "asphalt",
        "areaName": "Surface Asphalt Parking Expanse (OSM #5561)",
        "censusTract": "OSM Way #39335561 • 58 impervious ways/450m"
      }
    },
    {
      "type": "Feature",
      "geometry": {
        "type": "Point",
        "coordinates": [
          -122.65801,
          45.53168
        ]
      },
      "properties": {
        "id": "portland-osm-39335568",
        "temperatureF": 88.7,
        "temperatureC": 31.5,
        "baselineRuralF": 76.2,
        "deltaF": 12.5,
        "severity": "Moderate",
        "surfaceType": "canopy",
        "areaName": "Urban Park Canopy Buffer (OSM #5568)",
        "censusTract": "OSM Way #39335568 • 56 impervious ways/450m"
      }
    },
    {
      "type": "Feature",
      "geometry": {
        "type": "Point",
        "coordinates": [
          -122.65708,
          45.5325
        ]
      },
      "properties": {
        "id": "portland-osm-39335572",
        "temperatureF": 114.7,
        "temperatureC": 45.9,
        "baselineRuralF": 76.2,
        "deltaF": 38.5,
        "severity": "Critical",
        "surfaceType": "asphalt",
        "areaName": "Surface Asphalt Parking Expanse (OSM #5572)",
        "censusTract": "OSM Way #39335572 • 55 impervious ways/450m"
      }
    },
    {
      "type": "Feature",
      "geometry": {
        "type": "Point",
        "coordinates": [
          -122.65891,
          45.5338
        ]
      },
      "properties": {
        "id": "portland-osm-39335668",
        "temperatureF": 115.4,
        "temperatureC": 46.3,
        "baselineRuralF": 76.2,
        "deltaF": 39.2,
        "severity": "Critical",
        "surfaceType": "asphalt",
        "areaName": "Burger King — Surface Asphalt Parking Expanse",
        "censusTract": "OSM Way #39335668 • 64 impervious ways/450m"
      }
    },
    {
      "type": "Feature",
      "geometry": {
        "type": "Point",
        "coordinates": [
          -122.65932,
          45.53476
        ]
      },
      "properties": {
        "id": "portland-osm-39335711",
        "temperatureF": 115.4,
        "temperatureC": 46.3,
        "baselineRuralF": 76.2,
        "deltaF": 39.2,
        "severity": "Critical",
        "surfaceType": "asphalt",
        "areaName": "Surface Asphalt Parking Expanse (OSM #5711)",
        "censusTract": "OSM Way #39335711 • 62 impervious ways/450m"
      }
    },
    {
      "type": "Feature",
      "geometry": {
        "type": "Point",
        "coordinates": [
          -122.66014,
          45.53256
        ]
      },
      "properties": {
        "id": "portland-osm-39335779",
        "temperatureF": 115.4,
        "temperatureC": 46.3,
        "baselineRuralF": 76.2,
        "deltaF": 39.2,
        "severity": "Critical",
        "surfaceType": "asphalt",
        "areaName": "Surface Asphalt Parking Expanse (OSM #5779)",
        "censusTract": "OSM Way #39335779 • 64 impervious ways/450m"
      }
    },
    {
      "type": "Feature",
      "geometry": {
        "type": "Point",
        "coordinates": [
          -122.65933,
          45.53243
        ]
      },
      "properties": {
        "id": "portland-osm-39335781",
        "temperatureF": 115.4,
        "temperatureC": 46.3,
        "baselineRuralF": 76.2,
        "deltaF": 39.2,
        "severity": "Critical",
        "surfaceType": "asphalt",
        "areaName": "Surface Asphalt Parking Expanse (OSM #5781)",
        "censusTract": "OSM Way #39335781 • 63 impervious ways/450m"
      }
    },
    {
      "type": "Feature",
      "geometry": {
        "type": "Point",
        "coordinates": [
          -122.66317,
          45.53367
        ]
      },
      "properties": {
        "id": "portland-osm-39335802",
        "temperatureF": 116.2,
        "temperatureC": 46.8,
        "baselineRuralF": 76.2,
        "deltaF": 40,
        "severity": "Critical",
        "surfaceType": "asphalt",
        "areaName": "Surface Asphalt Parking Expanse (OSM #5802)",
        "censusTract": "OSM Way #39335802 • 58 impervious ways/450m"
      }
    },
    {
      "type": "Feature",
      "geometry": {
        "type": "Point",
        "coordinates": [
          -122.66459,
          45.53377
        ]
      },
      "properties": {
        "id": "portland-osm-39335847",
        "temperatureF": 116.2,
        "temperatureC": 46.8,
        "baselineRuralF": 76.2,
        "deltaF": 40,
        "severity": "Critical",
        "surfaceType": "asphalt",
        "areaName": "Surface Asphalt Parking Expanse (OSM #5847)",
        "censusTract": "OSM Way #39335847 • 49 impervious ways/450m"
      }
    },
    {
      "type": "Feature",
      "geometry": {
        "type": "Point",
        "coordinates": [
          -122.66302,
          45.5346
        ]
      },
      "properties": {
        "id": "portland-osm-39335855",
        "temperatureF": 116.2,
        "temperatureC": 46.8,
        "baselineRuralF": 76.2,
        "deltaF": 40,
        "severity": "Critical",
        "surfaceType": "asphalt",
        "areaName": "Surface Asphalt Parking Expanse (OSM #5855)",
        "censusTract": "OSM Way #39335855 • 55 impervious ways/450m"
      }
    },
    {
      "type": "Feature",
      "geometry": {
        "type": "Point",
        "coordinates": [
          -122.66133,
          45.53476
        ]
      },
      "properties": {
        "id": "portland-osm-39335903",
        "temperatureF": 115.4,
        "temperatureC": 46.3,
        "baselineRuralF": 76.2,
        "deltaF": 39.2,
        "severity": "Critical",
        "surfaceType": "asphalt",
        "areaName": "Surface Asphalt Parking Expanse (OSM #5903)",
        "censusTract": "OSM Way #39335903 • 62 impervious ways/450m"
      }
    },
    {
      "type": "Feature",
      "geometry": {
        "type": "Point",
        "coordinates": [
          -122.6609,
          45.53486
        ]
      },
      "properties": {
        "id": "portland-osm-39335913",
        "temperatureF": 115.4,
        "temperatureC": 46.3,
        "baselineRuralF": 76.2,
        "deltaF": 39.2,
        "severity": "Critical",
        "surfaceType": "asphalt",
        "areaName": "Surface Asphalt Parking Expanse (OSM #5913)",
        "censusTract": "OSM Way #39335913 • 63 impervious ways/450m"
      }
    },
    {
      "type": "Feature",
      "geometry": {
        "type": "Point",
        "coordinates": [
          -122.65932,
          45.53531
        ]
      },
      "properties": {
        "id": "portland-osm-39335961",
        "temperatureF": 115.4,
        "temperatureC": 46.3,
        "baselineRuralF": 76.2,
        "deltaF": 39.2,
        "severity": "Critical",
        "surfaceType": "asphalt",
        "areaName": "Surface Asphalt Parking Expanse (OSM #5961)",
        "censusTract": "OSM Way #39335961 • 58 impervious ways/450m"
      }
    },
    {
      "type": "Feature",
      "geometry": {
        "type": "Point",
        "coordinates": [
          -122.65477,
          45.53528
        ]
      },
      "properties": {
        "id": "portland-osm-39335984",
        "temperatureF": 116.2,
        "temperatureC": 46.8,
        "baselineRuralF": 76.2,
        "deltaF": 40,
        "severity": "Critical",
        "surfaceType": "asphalt",
        "areaName": "Surface Asphalt Parking Expanse (OSM #5984)",
        "censusTract": "OSM Way #39335984 • 39 impervious ways/450m"
      }
    },
    {
      "type": "Feature",
      "geometry": {
        "type": "Point",
        "coordinates": [
          -122.65626,
          45.53611
        ]
      },
      "properties": {
        "id": "portland-osm-39336004",
        "temperatureF": 116.2,
        "temperatureC": 46.8,
        "baselineRuralF": 76.2,
        "deltaF": 40,
        "severity": "Critical",
        "surfaceType": "asphalt",
        "areaName": "Surface Asphalt Parking Expanse (OSM #6004)",
        "censusTract": "OSM Way #39336004 • 37 impervious ways/450m"
      }
    },
    {
      "type": "Feature",
      "geometry": {
        "type": "Point",
        "coordinates": [
          -122.67173,
          45.52565
        ]
      },
      "properties": {
        "id": "portland-osm-39336143",
        "temperatureF": 109.1,
        "temperatureC": 42.8,
        "baselineRuralF": 76.2,
        "deltaF": 32.9,
        "severity": "Critical",
        "surfaceType": "asphalt",
        "areaName": "Surface Asphalt Parking Expanse (OSM #6143)",
        "censusTract": "OSM Way #39336143 • 8 impervious ways/450m"
      }
    },
    {
      "type": "Feature",
      "geometry": {
        "type": "Point",
        "coordinates": [
          -122.673,
          45.52634
        ]
      },
      "properties": {
        "id": "portland-osm-39336183",
        "temperatureF": 109.6,
        "temperatureC": 43.1,
        "baselineRuralF": 76.2,
        "deltaF": 33.4,
        "severity": "Critical",
        "surfaceType": "asphalt",
        "areaName": "Surface Asphalt Parking Expanse (OSM #6183)",
        "censusTract": "OSM Way #39336183 • 9 impervious ways/450m"
      }
    },
    {
      "type": "Feature",
      "geometry": {
        "type": "Point",
        "coordinates": [
          -122.65112,
          45.51744
        ]
      },
      "properties": {
        "id": "portland-osm-39337803",
        "temperatureF": 105,
        "temperatureC": 40.6,
        "baselineRuralF": 76.2,
        "deltaF": 28.8,
        "severity": "Critical",
        "surfaceType": "asphalt",
        "areaName": "Surface Asphalt Parking Expanse (OSM #7803)",
        "censusTract": "OSM Way #39337803 • 2 impervious ways/450m"
      }
    },
    {
      "type": "Feature",
      "geometry": {
        "type": "Point",
        "coordinates": [
          -122.65033,
          45.51697
        ]
      },
      "properties": {
        "id": "portland-osm-39337804",
        "temperatureF": 103.5,
        "temperatureC": 39.7,
        "baselineRuralF": 76.2,
        "deltaF": 27.3,
        "severity": "Critical",
        "surfaceType": "commercial_roof",
        "areaName": "King Harvest Natural Foods",
        "censusTract": "OSM Way #39337804 • 2 impervious ways/450m"
      }
    },
    {
      "type": "Feature",
      "geometry": {
        "type": "Point",
        "coordinates": [
          -122.65111,
          45.51773
        ]
      },
      "properties": {
        "id": "portland-osm-39337809",
        "temperatureF": 103.5,
        "temperatureC": 39.7,
        "baselineRuralF": 76.2,
        "deltaF": 27.3,
        "severity": "Critical",
        "surfaceType": "commercial_roof",
        "areaName": "Commercial Retail Complex (OSM #7809)",
        "censusTract": "OSM Way #39337809 • 2 impervious ways/450m"
      }
    },
    {
      "type": "Feature",
      "geometry": {
        "type": "Point",
        "coordinates": [
          -122.64707,
          45.51576
        ]
      },
      "properties": {
        "id": "portland-osm-39338024",
        "temperatureF": 80.7,
        "temperatureC": 27.1,
        "baselineRuralF": 76.2,
        "deltaF": 4.5,
        "severity": "Low",
        "surfaceType": "canopy",
        "areaName": "Colonel Summers Park",
        "censusTract": "OSM Way #39338024 • 5 impervious ways/450m"
      }
    },
    {
      "type": "Feature",
      "geometry": {
        "type": "Point",
        "coordinates": [
          -122.63813,
          45.50411
        ]
      },
      "properties": {
        "id": "portland-osm-39365891",
        "temperatureF": 77.9,
        "temperatureC": 25.5,
        "baselineRuralF": 76.2,
        "deltaF": 1.7,
        "severity": "Low",
        "surfaceType": "canopy",
        "areaName": "Piccolo Park",
        "censusTract": "OSM Way #39365891 • 0 impervious ways/450m"
      }
    },
    {
      "type": "Feature",
      "geometry": {
        "type": "Point",
        "coordinates": [
          -122.64691,
          45.53557
        ]
      },
      "properties": {
        "id": "portland-osm-39371259",
        "temperatureF": 116.2,
        "temperatureC": 46.8,
        "baselineRuralF": 76.2,
        "deltaF": 40,
        "severity": "Critical",
        "surfaceType": "asphalt",
        "areaName": "Surface Asphalt Parking Expanse (OSM #1259)",
        "censusTract": "OSM Way #39371259 • 24 impervious ways/450m"
      }
    },
    {
      "type": "Feature",
      "geometry": {
        "type": "Point",
        "coordinates": [
          -122.6473,
          45.53558
        ]
      },
      "properties": {
        "id": "portland-osm-39371263",
        "temperatureF": 116.2,
        "temperatureC": 46.8,
        "baselineRuralF": 76.2,
        "deltaF": 40,
        "severity": "Critical",
        "surfaceType": "asphalt",
        "areaName": "Surface Asphalt Parking Expanse (OSM #1263)",
        "censusTract": "OSM Way #39371263 • 25 impervious ways/450m"
      }
    },
    {
      "type": "Feature",
      "geometry": {
        "type": "Point",
        "coordinates": [
          -122.6457,
          45.53558
        ]
      },
      "properties": {
        "id": "portland-osm-39371265",
        "temperatureF": 116.2,
        "temperatureC": 46.8,
        "baselineRuralF": 76.2,
        "deltaF": 40,
        "severity": "Critical",
        "surfaceType": "asphalt",
        "areaName": "Surface Asphalt Parking Expanse (OSM #1265)",
        "censusTract": "OSM Way #39371265 • 21 impervious ways/450m"
      }
    },
    {
      "type": "Feature",
      "geometry": {
        "type": "Point",
        "coordinates": [
          -122.64647,
          45.53526
        ]
      },
      "properties": {
        "id": "portland-osm-39371283",
        "temperatureF": 116.2,
        "temperatureC": 46.8,
        "baselineRuralF": 76.2,
        "deltaF": 40,
        "severity": "Critical",
        "surfaceType": "asphalt",
        "areaName": "Surface Asphalt Parking Expanse (OSM #1283)",
        "censusTract": "OSM Way #39371283 • 25 impervious ways/450m"
      }
    },
    {
      "type": "Feature",
      "geometry": {
        "type": "Point",
        "coordinates": [
          -122.63147,
          45.53536
        ]
      },
      "properties": {
        "id": "portland-osm-39372888",
        "temperatureF": 110.1,
        "temperatureC": 43.4,
        "baselineRuralF": 76.2,
        "deltaF": 33.9,
        "severity": "Critical",
        "surfaceType": "commercial_roof",
        "areaName": "3255 Northeast Broadway (Commercial Retail Complex)",
        "censusTract": "OSM Way #39372888 • 14 impervious ways/450m"
      }
    },
    {
      "type": "Feature",
      "geometry": {
        "type": "Point",
        "coordinates": [
          -122.64143,
          45.53481
        ]
      },
      "properties": {
        "id": "portland-osm-39372920",
        "temperatureF": 114.4,
        "temperatureC": 45.8,
        "baselineRuralF": 76.2,
        "deltaF": 38.2,
        "severity": "Critical",
        "surfaceType": "asphalt",
        "areaName": "Surface Asphalt Parking Expanse (OSM #2920)",
        "censusTract": "OSM Way #39372920 • 19 impervious ways/450m"
      }
    },
    {
      "type": "Feature",
      "geometry": {
        "type": "Point",
        "coordinates": [
          -122.64152,
          45.53526
        ]
      },
      "properties": {
        "id": "portland-osm-39372924",
        "temperatureF": 115.1,
        "temperatureC": 46.2,
        "baselineRuralF": 76.2,
        "deltaF": 38.9,
        "severity": "Critical",
        "surfaceType": "asphalt",
        "areaName": "Surface Asphalt Parking Expanse (OSM #2924)",
        "censusTract": "OSM Way #39372924 • 19 impervious ways/450m"
      }
    },
    {
      "type": "Feature",
      "geometry": {
        "type": "Point",
        "coordinates": [
          -122.64334,
          45.53474
        ]
      },
      "properties": {
        "id": "portland-osm-39372990",
        "temperatureF": 116.2,
        "temperatureC": 46.8,
        "baselineRuralF": 76.2,
        "deltaF": 40,
        "severity": "Critical",
        "surfaceType": "asphalt",
        "areaName": "Surface Asphalt Parking Expanse (OSM #2990)",
        "censusTract": "OSM Way #39372990 • 23 impervious ways/450m"
      }
    },
    {
      "type": "Feature",
      "geometry": {
        "type": "Point",
        "coordinates": [
          -122.64738,
          45.53487
        ]
      },
      "properties": {
        "id": "portland-osm-39373007",
        "temperatureF": 116.2,
        "temperatureC": 46.8,
        "baselineRuralF": 76.2,
        "deltaF": 40,
        "severity": "Critical",
        "surfaceType": "asphalt",
        "areaName": "Surface Asphalt Parking Expanse (OSM #3007)",
        "censusTract": "OSM Way #39373007 • 25 impervious ways/450m"
      }
    },
    {
      "type": "Feature",
      "geometry": {
        "type": "Point",
        "coordinates": [
          -122.65205,
          45.53469
        ]
      },
      "properties": {
        "id": "portland-osm-39373020",
        "temperatureF": 116.2,
        "temperatureC": 46.8,
        "baselineRuralF": 76.2,
        "deltaF": 40,
        "severity": "Critical",
        "surfaceType": "asphalt",
        "areaName": "Surface Asphalt Parking Expanse (OSM #3020)",
        "censusTract": "OSM Way #39373020 • 33 impervious ways/450m"
      }
    },
    {
      "type": "Feature",
      "geometry": {
        "type": "Point",
        "coordinates": [
          -122.65089,
          45.54887
        ]
      },
      "properties": {
        "id": "portland-osm-39375179",
        "temperatureF": 104.7,
        "temperatureC": 40.4,
        "baselineRuralF": 76.2,
        "deltaF": 28.5,
        "severity": "Critical",
        "surfaceType": "asphalt",
        "areaName": "Surface Asphalt Parking Expanse (OSM #5179)",
        "censusTract": "OSM Way #39375179 • 0 impervious ways/450m"
      }
    },
    {
      "type": "Feature",
      "geometry": {
        "type": "Point",
        "coordinates": [
          -122.67159,
          45.551
        ]
      },
      "properties": {
        "id": "portland-osm-39375583",
        "temperatureF": 105,
        "temperatureC": 40.6,
        "baselineRuralF": 76.2,
        "deltaF": 28.8,
        "severity": "Critical",
        "surfaceType": "asphalt",
        "areaName": "Surface Asphalt Parking Expanse (OSM #5583)",
        "censusTract": "OSM Way #39375583 • 2 impervious ways/450m"
      }
    },
    {
      "type": "Feature",
      "geometry": {
        "type": "Point",
        "coordinates": [
          -122.64788,
          45.55279
        ]
      },
      "properties": {
        "id": "portland-osm-39375657",
        "temperatureF": 77.9,
        "temperatureC": 25.5,
        "baselineRuralF": 76.2,
        "deltaF": 1.7,
        "severity": "Low",
        "surfaceType": "canopy",
        "areaName": "Urban Park Canopy Buffer (OSM #5657)",
        "censusTract": "OSM Way #39375657 • 0 impervious ways/450m"
      }
    },
    {
      "type": "Feature",
      "geometry": {
        "type": "Point",
        "coordinates": [
          -122.65272,
          45.53978
        ]
      },
      "properties": {
        "id": "portland-osm-39375771",
        "temperatureF": 77.9,
        "temperatureC": 25.5,
        "baselineRuralF": 76.2,
        "deltaF": 1.7,
        "severity": "Low",
        "surfaceType": "canopy",
        "areaName": "Urban Park Canopy Buffer (OSM #5771)",
        "censusTract": "OSM Way #39375771 • 0 impervious ways/450m"
      }
    },
    {
      "type": "Feature",
      "geometry": {
        "type": "Point",
        "coordinates": [
          -122.63499,
          45.53309
        ]
      },
      "properties": {
        "id": "portland-osm-39375944",
        "temperatureF": 113.3,
        "temperatureC": 45.2,
        "baselineRuralF": 76.2,
        "deltaF": 37.1,
        "severity": "Critical",
        "surfaceType": "asphalt",
        "areaName": "Surface Asphalt Parking Expanse (OSM #5944)",
        "censusTract": "OSM Way #39375944 • 17 impervious ways/450m"
      }
    },
    {
      "type": "Feature",
      "geometry": {
        "type": "Point",
        "coordinates": [
          -122.63668,
          45.53201
        ]
      },
      "properties": {
        "id": "portland-osm-39376012",
        "temperatureF": 112.7,
        "temperatureC": 44.8,
        "baselineRuralF": 76.2,
        "deltaF": 36.5,
        "severity": "Critical",
        "surfaceType": "asphalt",
        "areaName": "Surface Asphalt Parking Expanse (OSM #6012)",
        "censusTract": "OSM Way #39376012 • 16 impervious ways/450m"
      }
    },
    {
      "type": "Feature",
      "geometry": {
        "type": "Point",
        "coordinates": [
          -122.63366,
          45.53474
        ]
      },
      "properties": {
        "id": "portland-osm-39376124",
        "temperatureF": 113.8,
        "temperatureC": 45.4,
        "baselineRuralF": 76.2,
        "deltaF": 37.6,
        "severity": "Critical",
        "surfaceType": "asphalt",
        "areaName": "Surface Asphalt Parking Expanse (OSM #6124)",
        "censusTract": "OSM Way #39376124 • 18 impervious ways/450m"
      }
    },
    {
      "type": "Feature",
      "geometry": {
        "type": "Point",
        "coordinates": [
          -122.63463,
          45.53501
        ]
      },
      "properties": {
        "id": "portland-osm-39376125",
        "temperatureF": 114.4,
        "temperatureC": 45.8,
        "baselineRuralF": 76.2,
        "deltaF": 38.2,
        "severity": "Critical",
        "surfaceType": "asphalt",
        "areaName": "Surface Asphalt Parking Expanse (OSM #6125)",
        "censusTract": "OSM Way #39376125 • 19 impervious ways/450m"
      }
    },
    {
      "type": "Feature",
      "geometry": {
        "type": "Point",
        "coordinates": [
          -122.63535,
          45.53488
        ]
      },
      "properties": {
        "id": "portland-osm-39376132",
        "temperatureF": 114.4,
        "temperatureC": 45.8,
        "baselineRuralF": 76.2,
        "deltaF": 38.2,
        "severity": "Critical",
        "surfaceType": "asphalt",
        "areaName": "Surface Asphalt Parking Expanse (OSM #6132)",
        "censusTract": "OSM Way #39376132 • 19 impervious ways/450m"
      }
    },
    {
      "type": "Feature",
      "geometry": {
        "type": "Point",
        "coordinates": [
          -122.63472,
          45.5353
        ]
      },
      "properties": {
        "id": "portland-osm-39376152",
        "temperatureF": 114.4,
        "temperatureC": 45.8,
        "baselineRuralF": 76.2,
        "deltaF": 38.2,
        "severity": "Critical",
        "surfaceType": "asphalt",
        "areaName": "Surface Asphalt Parking Expanse (OSM #6152)",
        "censusTract": "OSM Way #39376152 • 19 impervious ways/450m"
      }
    },
    {
      "type": "Feature",
      "geometry": {
        "type": "Point",
        "coordinates": [
          -122.63773,
          45.53552
        ]
      },
      "properties": {
        "id": "portland-osm-39376166",
        "temperatureF": 114.9,
        "temperatureC": 46.1,
        "baselineRuralF": 76.2,
        "deltaF": 38.7,
        "severity": "Critical",
        "surfaceType": "asphalt",
        "areaName": "Surface Asphalt Parking Expanse (OSM #6166)",
        "censusTract": "OSM Way #39376166 • 20 impervious ways/450m"
      }
    },
    {
      "type": "Feature",
      "geometry": {
        "type": "Point",
        "coordinates": [
          -122.62802,
          45.5348
        ]
      },
      "properties": {
        "id": "portland-osm-39376425",
        "temperatureF": 109.7,
        "temperatureC": 43.2,
        "baselineRuralF": 76.2,
        "deltaF": 33.5,
        "severity": "Critical",
        "surfaceType": "commercial_roof",
        "areaName": "3502-3508 Northeast Broadway (Commercial Retail Complex)",
        "censusTract": "OSM Way #39376425 • 12 impervious ways/450m"
      }
    },
    {
      "type": "Feature",
      "geometry": {
        "type": "Point",
        "coordinates": [
          -122.62784,
          45.53484
        ]
      },
      "properties": {
        "id": "portland-osm-39376820",
        "temperatureF": 111.3,
        "temperatureC": 44.1,
        "baselineRuralF": 76.2,
        "deltaF": 35.1,
        "severity": "Critical",
        "surfaceType": "asphalt",
        "areaName": "Surface Asphalt Parking Expanse (OSM #6820)",
        "censusTract": "OSM Way #39376820 • 12 impervious ways/450m"
      }
    },
    {
      "type": "Feature",
      "geometry": {
        "type": "Point",
        "coordinates": [
          -122.6264,
          45.53494
        ]
      },
      "properties": {
        "id": "portland-osm-39377375",
        "temperatureF": 111.4,
        "temperatureC": 44.1,
        "baselineRuralF": 76.2,
        "deltaF": 35.2,
        "severity": "Critical",
        "surfaceType": "commercial_roof",
        "areaName": "Oregon Screen Impressions",
        "censusTract": "OSM Way #39377375 • 15 impervious ways/450m"
      }
    },
    {
      "type": "Feature",
      "geometry": {
        "type": "Point",
        "coordinates": [
          -122.62634,
          45.53457
        ]
      },
      "properties": {
        "id": "portland-osm-39377381",
        "temperatureF": 111.4,
        "temperatureC": 44.1,
        "baselineRuralF": 76.2,
        "deltaF": 35.2,
        "severity": "Critical",
        "surfaceType": "commercial_roof",
        "areaName": "3580 Northeast Broadway (Commercial Retail Complex)",
        "censusTract": "OSM Way #39377381 • 15 impervious ways/450m"
      }
    },
    {
      "type": "Feature",
      "geometry": {
        "type": "Point",
        "coordinates": [
          -122.62551,
          45.53455
        ]
      },
      "properties": {
        "id": "portland-osm-39377654",
        "temperatureF": 112.4,
        "temperatureC": 44.7,
        "baselineRuralF": 76.2,
        "deltaF": 36.2,
        "severity": "Critical",
        "surfaceType": "asphalt",
        "areaName": "Surface Asphalt Parking Expanse (OSM #7654)",
        "censusTract": "OSM Way #39377654 • 14 impervious ways/450m"
      }
    },
    {
      "type": "Feature",
      "geometry": {
        "type": "Point",
        "coordinates": [
          -122.62681,
          45.53474
        ]
      },
      "properties": {
        "id": "portland-osm-39377827",
        "temperatureF": 112.4,
        "temperatureC": 44.7,
        "baselineRuralF": 76.2,
        "deltaF": 36.2,
        "severity": "Critical",
        "surfaceType": "asphalt",
        "areaName": "Surface Asphalt Parking Expanse (OSM #7827)",
        "censusTract": "OSM Way #39377827 • 14 impervious ways/450m"
      }
    },
    {
      "type": "Feature",
      "geometry": {
        "type": "Point",
        "coordinates": [
          -122.63838,
          45.53431
        ]
      },
      "properties": {
        "id": "portland-osm-39378403",
        "temperatureF": 114.9,
        "temperatureC": 46.1,
        "baselineRuralF": 76.2,
        "deltaF": 38.7,
        "severity": "Critical",
        "surfaceType": "asphalt",
        "areaName": "Surface Asphalt Parking Expanse (OSM #8403)",
        "censusTract": "OSM Way #39378403 • 20 impervious ways/450m"
      }
    },
    {
      "type": "Feature",
      "geometry": {
        "type": "Point",
        "coordinates": [
          -122.63869,
          45.53392
        ]
      },
      "properties": {
        "id": "portland-osm-39378623",
        "temperatureF": 114.9,
        "temperatureC": 46.1,
        "baselineRuralF": 76.2,
        "deltaF": 38.7,
        "severity": "Critical",
        "surfaceType": "asphalt",
        "areaName": "Surface Asphalt Parking Expanse (OSM #8623)",
        "censusTract": "OSM Way #39378623 • 20 impervious ways/450m"
      }
    },
    {
      "type": "Feature",
      "geometry": {
        "type": "Point",
        "coordinates": [
          -122.63771,
          45.53351
        ]
      },
      "properties": {
        "id": "portland-osm-39378638",
        "temperatureF": 114.4,
        "temperatureC": 45.8,
        "baselineRuralF": 76.2,
        "deltaF": 38.2,
        "severity": "Critical",
        "surfaceType": "asphalt",
        "areaName": "Surface Asphalt Parking Expanse (OSM #8638)",
        "censusTract": "OSM Way #39378638 • 19 impervious ways/450m"
      }
    },
    {
      "type": "Feature",
      "geometry": {
        "type": "Point",
        "coordinates": [
          -122.62451,
          45.53485
        ]
      },
      "properties": {
        "id": "portland-osm-39378694",
        "temperatureF": 113.5,
        "temperatureC": 45.3,
        "baselineRuralF": 76.2,
        "deltaF": 37.3,
        "severity": "Critical",
        "surfaceType": "asphalt",
        "areaName": "Surface Asphalt Parking Expanse (OSM #8694)",
        "censusTract": "OSM Way #39378694 • 16 impervious ways/450m"
      }
    },
    {
      "type": "Feature",
      "geometry": {
        "type": "Point",
        "coordinates": [
          -122.62336,
          45.53493
        ]
      },
      "properties": {
        "id": "portland-osm-39378723",
        "temperatureF": 114,
        "temperatureC": 45.6,
        "baselineRuralF": 76.2,
        "deltaF": 37.8,
        "severity": "Critical",
        "surfaceType": "asphalt",
        "areaName": "Starbucks — Surface Asphalt Parking Expanse",
        "censusTract": "OSM Way #39378723 • 17 impervious ways/450m"
      }
    },
    {
      "type": "Feature",
      "geometry": {
        "type": "Point",
        "coordinates": [
          -122.62351,
          45.53572
        ]
      },
      "properties": {
        "id": "portland-osm-39378750",
        "temperatureF": 114,
        "temperatureC": 45.6,
        "baselineRuralF": 76.2,
        "deltaF": 37.8,
        "severity": "Critical",
        "surfaceType": "asphalt",
        "areaName": "Surface Asphalt Parking Expanse (OSM #8750)",
        "censusTract": "OSM Way #39378750 • 17 impervious ways/450m"
      }
    },
    {
      "type": "Feature",
      "geometry": {
        "type": "Point",
        "coordinates": [
          -122.62169,
          45.53596
        ]
      },
      "properties": {
        "id": "portland-osm-39378873",
        "temperatureF": 113.5,
        "temperatureC": 45.3,
        "baselineRuralF": 76.2,
        "deltaF": 37.3,
        "severity": "Critical",
        "surfaceType": "asphalt",
        "areaName": "Surface Asphalt Parking Expanse (OSM #8873)",
        "censusTract": "OSM Way #39378873 • 16 impervious ways/450m"
      }
    },
    {
      "type": "Feature",
      "geometry": {
        "type": "Point",
        "coordinates": [
          -122.62229,
          45.53596
        ]
      },
      "properties": {
        "id": "portland-osm-39378881",
        "temperatureF": 114,
        "temperatureC": 45.6,
        "baselineRuralF": 76.2,
        "deltaF": 37.8,
        "severity": "Critical",
        "surfaceType": "asphalt",
        "areaName": "Surface Asphalt Parking Expanse (OSM #8881)",
        "censusTract": "OSM Way #39378881 • 17 impervious ways/450m"
      }
    },
    {
      "type": "Feature",
      "geometry": {
        "type": "Point",
        "coordinates": [
          -122.62125,
          45.53616
        ]
      },
      "properties": {
        "id": "portland-osm-39378883",
        "temperatureF": 112.9,
        "temperatureC": 44.9,
        "baselineRuralF": 76.2,
        "deltaF": 36.7,
        "severity": "Critical",
        "surfaceType": "asphalt",
        "areaName": "Surface Asphalt Parking Expanse (OSM #8883)",
        "censusTract": "OSM Way #39378883 • 15 impervious ways/450m"
      }
    },
    {
      "type": "Feature",
      "geometry": {
        "type": "Point",
        "coordinates": [
          -122.61715,
          45.53758
        ]
      },
      "properties": {
        "id": "portland-osm-39378979",
        "temperatureF": 109.6,
        "temperatureC": 43.1,
        "baselineRuralF": 76.2,
        "deltaF": 33.4,
        "severity": "Critical",
        "surfaceType": "asphalt",
        "areaName": "Surface Asphalt Parking Expanse (OSM #8979)",
        "censusTract": "OSM Way #39378979 • 9 impervious ways/450m"
      }
    },
    {
      "type": "Feature",
      "geometry": {
        "type": "Point",
        "coordinates": [
          -122.61924,
          45.5374
        ]
      },
      "properties": {
        "id": "portland-osm-39379011",
        "temperatureF": 110.7,
        "temperatureC": 43.7,
        "baselineRuralF": 76.2,
        "deltaF": 34.5,
        "severity": "Critical",
        "surfaceType": "asphalt",
        "areaName": "Surface Asphalt Parking Expanse (OSM #9011)",
        "censusTract": "OSM Way #39379011 • 11 impervious ways/450m"
      }
    },
    {
      "type": "Feature",
      "geometry": {
        "type": "Point",
        "coordinates": [
          -122.62042,
          45.53695
        ]
      },
      "properties": {
        "id": "portland-osm-39379079",
        "temperatureF": 109.7,
        "temperatureC": 43.2,
        "baselineRuralF": 76.2,
        "deltaF": 33.5,
        "severity": "Critical",
        "surfaceType": "commercial_roof",
        "areaName": "Wiggle Room",
        "censusTract": "OSM Way #39379079 • 12 impervious ways/450m"
      }
    },
    {
      "type": "Feature",
      "geometry": {
        "type": "Point",
        "coordinates": [
          -122.62044,
          45.53722
        ]
      },
      "properties": {
        "id": "portland-osm-39379082",
        "temperatureF": 111.3,
        "temperatureC": 44.1,
        "baselineRuralF": 76.2,
        "deltaF": 35.1,
        "severity": "Critical",
        "surfaceType": "asphalt",
        "areaName": "Surface Asphalt Parking Expanse (OSM #9082)",
        "censusTract": "OSM Way #39379082 • 12 impervious ways/450m"
      }
    },
    {
      "type": "Feature",
      "geometry": {
        "type": "Point",
        "coordinates": [
          -122.62126,
          45.5368
        ]
      },
      "properties": {
        "id": "portland-osm-39379139",
        "temperatureF": 110.3,
        "temperatureC": 43.5,
        "baselineRuralF": 76.2,
        "deltaF": 34.1,
        "severity": "Critical",
        "surfaceType": "commercial_roof",
        "areaName": "1905 Northeast 41st Avenue (Commercial Retail Complex)",
        "censusTract": "OSM Way #39379139 • 13 impervious ways/450m"
      }
    },
    {
      "type": "Feature",
      "geometry": {
        "type": "Point",
        "coordinates": [
          -122.62145,
          45.5372
        ]
      },
      "properties": {
        "id": "portland-osm-39379143",
        "temperatureF": 111.8,
        "temperatureC": 44.3,
        "baselineRuralF": 76.2,
        "deltaF": 35.6,
        "severity": "Critical",
        "surfaceType": "asphalt",
        "areaName": "Surface Asphalt Parking Expanse (OSM #9143)",
        "censusTract": "OSM Way #39379143 • 13 impervious ways/450m"
      }
    },
    {
      "type": "Feature",
      "geometry": {
        "type": "Point",
        "coordinates": [
          -122.62247,
          45.53718
        ]
      },
      "properties": {
        "id": "portland-osm-39379219",
        "temperatureF": 113.5,
        "temperatureC": 45.3,
        "baselineRuralF": 76.2,
        "deltaF": 37.3,
        "severity": "Critical",
        "surfaceType": "asphalt",
        "areaName": "Surface Asphalt Parking Expanse (OSM #9219)",
        "censusTract": "OSM Way #39379219 • 16 impervious ways/450m"
      }
    },
    {
      "type": "Feature",
      "geometry": {
        "type": "Point",
        "coordinates": [
          -122.63085,
          45.53698
        ]
      },
      "properties": {
        "id": "portland-osm-39380287",
        "temperatureF": 111.8,
        "temperatureC": 44.3,
        "baselineRuralF": 76.2,
        "deltaF": 35.6,
        "severity": "Critical",
        "surfaceType": "asphalt",
        "areaName": "Surface Asphalt Parking Expanse (OSM #0287)",
        "censusTract": "OSM Way #39380287 • 13 impervious ways/450m"
      }
    },
    {
      "type": "Feature",
      "geometry": {
        "type": "Point",
        "coordinates": [
          -122.66009,
          45.53554
        ]
      },
      "properties": {
        "id": "portland-osm-39380679",
        "temperatureF": 116.2,
        "temperatureC": 46.8,
        "baselineRuralF": 76.2,
        "deltaF": 40,
        "severity": "Critical",
        "surfaceType": "asphalt",
        "areaName": "Surface Asphalt Parking Expanse (OSM #0679)",
        "censusTract": "OSM Way #39380679 • 59 impervious ways/450m"
      }
    },
    {
      "type": "Feature",
      "geometry": {
        "type": "Point",
        "coordinates": [
          -122.66242,
          45.53559
        ]
      },
      "properties": {
        "id": "portland-osm-39380790",
        "temperatureF": 116.2,
        "temperatureC": 46.8,
        "baselineRuralF": 76.2,
        "deltaF": 40,
        "severity": "Critical",
        "surfaceType": "asphalt",
        "areaName": "Surface Asphalt Parking Expanse (OSM #0790)",
        "censusTract": "OSM Way #39380790 • 52 impervious ways/450m"
      }
    },
    {
      "type": "Feature",
      "geometry": {
        "type": "Point",
        "coordinates": [
          -122.66297,
          45.5355
        ]
      },
      "properties": {
        "id": "portland-osm-39380794",
        "temperatureF": 116.2,
        "temperatureC": 46.8,
        "baselineRuralF": 76.2,
        "deltaF": 40,
        "severity": "Critical",
        "surfaceType": "asphalt",
        "areaName": "Surface Asphalt Parking Expanse (OSM #0794)",
        "censusTract": "OSM Way #39380794 • 48 impervious ways/450m"
      }
    },
    {
      "type": "Feature",
      "geometry": {
        "type": "Point",
        "coordinates": [
          -122.66419,
          45.53532
        ]
      },
      "properties": {
        "id": "portland-osm-39380839",
        "temperatureF": 116.2,
        "temperatureC": 46.8,
        "baselineRuralF": 76.2,
        "deltaF": 40,
        "severity": "Critical",
        "surfaceType": "asphalt",
        "areaName": "Surface Asphalt Parking Expanse (OSM #0839)",
        "censusTract": "OSM Way #39380839 • 44 impervious ways/450m"
      }
    },
    {
      "type": "Feature",
      "geometry": {
        "type": "Point",
        "coordinates": [
          -122.66439,
          45.53487
        ]
      },
      "properties": {
        "id": "portland-osm-39380849",
        "temperatureF": 116.2,
        "temperatureC": 46.8,
        "baselineRuralF": 76.2,
        "deltaF": 40,
        "severity": "Critical",
        "surfaceType": "asphalt",
        "areaName": "Surface Asphalt Parking Expanse (OSM #0849)",
        "censusTract": "OSM Way #39380849 • 44 impervious ways/450m"
      }
    },
    {
      "type": "Feature",
      "geometry": {
        "type": "Point",
        "coordinates": [
          -122.6642,
          45.5346
        ]
      },
      "properties": {
        "id": "portland-osm-39380850",
        "temperatureF": 116.2,
        "temperatureC": 46.8,
        "baselineRuralF": 76.2,
        "deltaF": 40,
        "severity": "Critical",
        "surfaceType": "asphalt",
        "areaName": "Surface Asphalt Parking Expanse (OSM #0850)",
        "censusTract": "OSM Way #39380850 • 47 impervious ways/450m"
      }
    },
    {
      "type": "Feature",
      "geometry": {
        "type": "Point",
        "coordinates": [
          -122.66519,
          45.53581
        ]
      },
      "properties": {
        "id": "portland-osm-39380873",
        "temperatureF": 116.2,
        "temperatureC": 46.8,
        "baselineRuralF": 76.2,
        "deltaF": 40,
        "severity": "Critical",
        "surfaceType": "asphalt",
        "areaName": "Surface Asphalt Parking Expanse (OSM #0873)",
        "censusTract": "OSM Way #39380873 • 36 impervious ways/450m"
      }
    },
    {
      "type": "Feature",
      "geometry": {
        "type": "Point",
        "coordinates": [
          -122.66298,
          45.53596
        ]
      },
      "properties": {
        "id": "portland-osm-39380889",
        "temperatureF": 116.2,
        "temperatureC": 46.8,
        "baselineRuralF": 76.2,
        "deltaF": 40,
        "severity": "Critical",
        "surfaceType": "asphalt",
        "areaName": "Surface Asphalt Parking Expanse (OSM #0889)",
        "censusTract": "OSM Way #39380889 • 45 impervious ways/450m"
      }
    },
    {
      "type": "Feature",
      "geometry": {
        "type": "Point",
        "coordinates": [
          -122.66134,
          45.53607
        ]
      },
      "properties": {
        "id": "portland-osm-39380905",
        "temperatureF": 116.2,
        "temperatureC": 46.8,
        "baselineRuralF": 76.2,
        "deltaF": 40,
        "severity": "Critical",
        "surfaceType": "asphalt",
        "areaName": "Surface Asphalt Parking Expanse (OSM #0905)",
        "censusTract": "OSM Way #39380905 • 55 impervious ways/450m"
      }
    },
    {
      "type": "Feature",
      "geometry": {
        "type": "Point",
        "coordinates": [
          -122.66235,
          45.53599
        ]
      },
      "properties": {
        "id": "portland-osm-39380928",
        "temperatureF": 116.2,
        "temperatureC": 46.8,
        "baselineRuralF": 76.2,
        "deltaF": 40,
        "severity": "Critical",
        "surfaceType": "asphalt",
        "areaName": "Surface Asphalt Parking Expanse (OSM #0928)",
        "censusTract": "OSM Way #39380928 • 49 impervious ways/450m"
      }
    },
    {
      "type": "Feature",
      "geometry": {
        "type": "Point",
        "coordinates": [
          -122.66222,
          45.53383
        ]
      },
      "properties": {
        "id": "portland-osm-39381037",
        "temperatureF": 115.4,
        "temperatureC": 46.3,
        "baselineRuralF": 76.2,
        "deltaF": 39.2,
        "severity": "Critical",
        "surfaceType": "asphalt",
        "areaName": "Surface Asphalt Parking Expanse (OSM #1037)",
        "censusTract": "OSM Way #39381037 • 61 impervious ways/450m"
      }
    },
    {
      "type": "Feature",
      "geometry": {
        "type": "Point",
        "coordinates": [
          -122.66233,
          45.5334
        ]
      },
      "properties": {
        "id": "portland-osm-39381079",
        "temperatureF": 115.4,
        "temperatureC": 46.3,
        "baselineRuralF": 76.2,
        "deltaF": 39.2,
        "severity": "Critical",
        "surfaceType": "asphalt",
        "areaName": "Surface Asphalt Parking Expanse (OSM #1079)",
        "censusTract": "OSM Way #39381079 • 62 impervious ways/450m"
      }
    },
    {
      "type": "Feature",
      "geometry": {
        "type": "Point",
        "coordinates": [
          -122.66339,
          45.53272
        ]
      },
      "properties": {
        "id": "portland-osm-39381158",
        "temperatureF": 115.4,
        "temperatureC": 46.3,
        "baselineRuralF": 76.2,
        "deltaF": 39.2,
        "severity": "Critical",
        "surfaceType": "asphalt",
        "areaName": "Surface Asphalt Parking Expanse (OSM #1158)",
        "censusTract": "OSM Way #39381158 • 60 impervious ways/450m"
      }
    },
    {
      "type": "Feature",
      "geometry": {
        "type": "Point",
        "coordinates": [
          -122.62371,
          45.51327
        ]
      },
      "properties": {
        "id": "portland-osm-39403096",
        "temperatureF": 107.4,
        "temperatureC": 41.9,
        "baselineRuralF": 76.2,
        "deltaF": 31.2,
        "severity": "Critical",
        "surfaceType": "asphalt",
        "areaName": "Fred Meyer — Surface Asphalt Parking Expanse",
        "censusTract": "OSM Way #39403096 • 5 impervious ways/450m"
      }
    },
    {
      "type": "Feature",
      "geometry": {
        "type": "Point",
        "coordinates": [
          -122.62399,
          45.51248
        ]
      },
      "properties": {
        "id": "portland-osm-39403097",
        "temperatureF": 107.4,
        "temperatureC": 41.9,
        "baselineRuralF": 76.2,
        "deltaF": 31.2,
        "severity": "Critical",
        "surfaceType": "asphalt",
        "areaName": "Fred Meyer — Surface Asphalt Parking Expanse",
        "censusTract": "OSM Way #39403097 • 5 impervious ways/450m"
      }
    },
    {
      "type": "Feature",
      "geometry": {
        "type": "Point",
        "coordinates": [
          -122.646,
          45.50424
        ]
      },
      "properties": {
        "id": "portland-osm-39403348",
        "temperatureF": 105.2,
        "temperatureC": 40.7,
        "baselineRuralF": 76.2,
        "deltaF": 29,
        "severity": "Critical",
        "surfaceType": "asphalt",
        "areaName": "New Seasons Market — Surface Asphalt Parking Expanse",
        "censusTract": "OSM Way #39403348 • 1 impervious ways/450m"
      }
    },
    {
      "type": "Feature",
      "geometry": {
        "type": "Point",
        "coordinates": [
          -122.6451,
          45.50464
        ]
      },
      "properties": {
        "id": "portland-osm-39403452",
        "temperatureF": 105.2,
        "temperatureC": 40.7,
        "baselineRuralF": 76.2,
        "deltaF": 29,
        "severity": "Critical",
        "surfaceType": "asphalt",
        "areaName": "Surface Asphalt Parking Expanse (OSM #3452)",
        "censusTract": "OSM Way #39403452 • 1 impervious ways/450m"
      }
    },
    {
      "type": "Feature",
      "geometry": {
        "type": "Point",
        "coordinates": [
          -122.66749,
          45.54513
        ]
      },
      "properties": {
        "id": "portland-osm-39412417",
        "temperatureF": 105,
        "temperatureC": 40.6,
        "baselineRuralF": 76.2,
        "deltaF": 28.8,
        "severity": "Critical",
        "surfaceType": "asphalt",
        "areaName": "Surface Asphalt Parking Expanse (OSM #2417)",
        "censusTract": "OSM Way #39412417 • 2 impervious ways/450m"
      }
    },
    {
      "type": "Feature",
      "geometry": {
        "type": "Point",
        "coordinates": [
          -122.62235,
          45.51096
        ]
      },
      "properties": {
        "id": "portland-osm-39413557",
        "temperatureF": 106.3,
        "temperatureC": 41.3,
        "baselineRuralF": 76.2,
        "deltaF": 30.1,
        "severity": "Critical",
        "surfaceType": "asphalt",
        "areaName": "Surface Asphalt Parking Expanse (OSM #3557)",
        "censusTract": "OSM Way #39413557 • 3 impervious ways/450m"
      }
    },
    {
      "type": "Feature",
      "geometry": {
        "type": "Point",
        "coordinates": [
          -122.62242,
          45.51168
        ]
      },
      "properties": {
        "id": "portland-osm-39413593",
        "temperatureF": 106.3,
        "temperatureC": 41.3,
        "baselineRuralF": 76.2,
        "deltaF": 30.1,
        "severity": "Critical",
        "surfaceType": "asphalt",
        "areaName": "Chase — Surface Asphalt Parking Expanse",
        "censusTract": "OSM Way #39413593 • 3 impervious ways/450m"
      }
    },
    {
      "type": "Feature",
      "geometry": {
        "type": "Point",
        "coordinates": [
          -122.62232,
          45.51621
        ]
      },
      "properties": {
        "id": "portland-osm-39414123",
        "temperatureF": 106.3,
        "temperatureC": 41.3,
        "baselineRuralF": 76.2,
        "deltaF": 30.1,
        "severity": "Critical",
        "surfaceType": "asphalt",
        "areaName": "Surface Asphalt Parking Expanse (OSM #4123)",
        "censusTract": "OSM Way #39414123 • 3 impervious ways/450m"
      }
    },
    {
      "type": "Feature",
      "geometry": {
        "type": "Point",
        "coordinates": [
          -122.62331,
          45.51612
        ]
      },
      "properties": {
        "id": "portland-osm-39414145",
        "temperatureF": 106.3,
        "temperatureC": 41.3,
        "baselineRuralF": 76.2,
        "deltaF": 30.1,
        "severity": "Critical",
        "surfaceType": "asphalt",
        "areaName": "Surface Asphalt Parking Expanse (OSM #4145)",
        "censusTract": "OSM Way #39414145 • 3 impervious ways/450m"
      }
    },
    {
      "type": "Feature",
      "geometry": {
        "type": "Point",
        "coordinates": [
          -122.627,
          45.52105
        ]
      },
      "properties": {
        "id": "portland-osm-39415016",
        "temperatureF": 77.9,
        "temperatureC": 25.5,
        "baselineRuralF": 76.2,
        "deltaF": 1.7,
        "severity": "Low",
        "surfaceType": "canopy",
        "areaName": "Laurelhurst Park",
        "censusTract": "OSM Way #39415016 • 0 impervious ways/450m"
      }
    },
    {
      "type": "Feature",
      "geometry": {
        "type": "Point",
        "coordinates": [
          -122.6352,
          45.5279
        ]
      },
      "properties": {
        "id": "portland-osm-39415181",
        "temperatureF": 77.9,
        "temperatureC": 25.5,
        "baselineRuralF": 76.2,
        "deltaF": 1.7,
        "severity": "Low",
        "surfaceType": "canopy",
        "areaName": "Oregon Park",
        "censusTract": "OSM Way #39415181 • 0 impervious ways/450m"
      }
    },
    {
      "type": "Feature",
      "geometry": {
        "type": "Point",
        "coordinates": [
          -122.63756,
          45.52243
        ]
      },
      "properties": {
        "id": "portland-osm-39418179",
        "temperatureF": 106.9,
        "temperatureC": 41.6,
        "baselineRuralF": 76.2,
        "deltaF": 30.7,
        "severity": "Critical",
        "surfaceType": "asphalt",
        "areaName": "Surface Asphalt Parking Expanse (OSM #8179)",
        "censusTract": "OSM Way #39418179 • 4 impervious ways/450m"
      }
    },
    {
      "type": "Feature",
      "geometry": {
        "type": "Point",
        "coordinates": [
          -122.63708,
          45.52194
        ]
      },
      "properties": {
        "id": "portland-osm-39418180",
        "temperatureF": 105.3,
        "temperatureC": 40.7,
        "baselineRuralF": 76.2,
        "deltaF": 29.1,
        "severity": "Critical",
        "surfaceType": "commercial_roof",
        "areaName": "Artemisia",
        "censusTract": "OSM Way #39418180 • 4 impervious ways/450m"
      }
    },
    {
      "type": "Feature",
      "geometry": {
        "type": "Point",
        "coordinates": [
          -122.63701,
          45.52057
        ]
      },
      "properties": {
        "id": "portland-osm-39418186",
        "temperatureF": 105.3,
        "temperatureC": 40.7,
        "baselineRuralF": 76.2,
        "deltaF": 29.1,
        "severity": "Critical",
        "surfaceType": "commercial_roof",
        "areaName": "Commercial Retail Complex (OSM #8186)",
        "censusTract": "OSM Way #39418186 • 4 impervious ways/450m"
      }
    },
    {
      "type": "Feature",
      "geometry": {
        "type": "Point",
        "coordinates": [
          -122.63631,
          45.52326
        ]
      },
      "properties": {
        "id": "portland-osm-39418397",
        "temperatureF": 106.9,
        "temperatureC": 41.6,
        "baselineRuralF": 76.2,
        "deltaF": 30.7,
        "severity": "Critical",
        "surfaceType": "asphalt",
        "areaName": "Surface Asphalt Parking Expanse (OSM #8397)",
        "censusTract": "OSM Way #39418397 • 4 impervious ways/450m"
      }
    },
    {
      "type": "Feature",
      "geometry": {
        "type": "Point",
        "coordinates": [
          -122.63774,
          45.52324
        ]
      },
      "properties": {
        "id": "portland-osm-39418401",
        "temperatureF": 106.9,
        "temperatureC": 41.6,
        "baselineRuralF": 76.2,
        "deltaF": 30.7,
        "severity": "Critical",
        "surfaceType": "asphalt",
        "areaName": "Surface Asphalt Parking Expanse (OSM #8401)",
        "censusTract": "OSM Way #39418401 • 4 impervious ways/450m"
      }
    },
    {
      "type": "Feature",
      "geometry": {
        "type": "Point",
        "coordinates": [
          -122.64939,
          45.55893
        ]
      },
      "properties": {
        "id": "portland-osm-39438801",
        "temperatureF": 103.9,
        "temperatureC": 39.9,
        "baselineRuralF": 76.2,
        "deltaF": 27.7,
        "severity": "Critical",
        "surfaceType": "asphalt",
        "areaName": "Alberta Co-op — Surface Asphalt Parking Expanse",
        "censusTract": "OSM Way #39438801 • 0 impervious ways/450m"
      }
    },
    {
      "type": "Feature",
      "geometry": {
        "type": "Point",
        "coordinates": [
          -122.64729,
          45.5234
        ]
      },
      "properties": {
        "id": "portland-osm-39438944",
        "temperatureF": 89.4,
        "temperatureC": 31.9,
        "baselineRuralF": 76.2,
        "deltaF": 13.2,
        "severity": "Moderate",
        "surfaceType": "canopy",
        "areaName": "Urban Park Canopy Buffer (OSM #8944)",
        "censusTract": "OSM Way #39438944 • 29 impervious ways/450m"
      }
    },
    {
      "type": "Feature",
      "geometry": {
        "type": "Point",
        "coordinates": [
          -122.69243,
          45.53586
        ]
      },
      "properties": {
        "id": "portland-osm-39449799",
        "temperatureF": 105.2,
        "temperatureC": 40.7,
        "baselineRuralF": 76.2,
        "deltaF": 29,
        "severity": "Critical",
        "surfaceType": "asphalt",
        "areaName": "US 30 Highway Corridor (OSM #9799)",
        "censusTract": "OSM Way #39449799 • 1 impervious ways/450m"
      }
    },
    {
      "type": "Feature",
      "geometry": {
        "type": "Point",
        "coordinates": [
          -122.65048,
          45.52454
        ]
      },
      "properties": {
        "id": "portland-osm-39459140",
        "temperatureF": 115.4,
        "temperatureC": 46.3,
        "baselineRuralF": 76.2,
        "deltaF": 39.2,
        "severity": "Critical",
        "surfaceType": "asphalt",
        "areaName": "Surface Asphalt Parking Expanse (OSM #9140)",
        "censusTract": "OSM Way #39459140 • 29 impervious ways/450m"
      }
    },
    {
      "type": "Feature",
      "geometry": {
        "type": "Point",
        "coordinates": [
          -122.65258,
          45.52398
        ]
      },
      "properties": {
        "id": "portland-osm-39459245",
        "temperatureF": 113.9,
        "temperatureC": 45.5,
        "baselineRuralF": 76.2,
        "deltaF": 37.7,
        "severity": "Critical",
        "surfaceType": "commercial_roof",
        "areaName": "110 Northeast 12th Avenue (Industrial Logistics Zone)",
        "censusTract": "OSM Way #39459245 • 26 impervious ways/450m"
      }
    },
    {
      "type": "Feature",
      "geometry": {
        "type": "Point",
        "coordinates": [
          -122.65008,
          45.52722
        ]
      },
      "properties": {
        "id": "portland-osm-39459570",
        "temperatureF": 116.2,
        "temperatureC": 46.8,
        "baselineRuralF": 76.2,
        "deltaF": 40,
        "severity": "Critical",
        "surfaceType": "asphalt",
        "areaName": "Surface Asphalt Parking Expanse (OSM #9570)",
        "censusTract": "OSM Way #39459570 • 33 impervious ways/450m"
      }
    },
    {
      "type": "Feature",
      "geometry": {
        "type": "Point",
        "coordinates": [
          -122.64874,
          45.52529
        ]
      },
      "properties": {
        "id": "portland-osm-39459765",
        "temperatureF": 115.4,
        "temperatureC": 46.3,
        "baselineRuralF": 76.2,
        "deltaF": 39.2,
        "severity": "Critical",
        "surfaceType": "asphalt",
        "areaName": "Surface Asphalt Parking Expanse (OSM #9765)",
        "censusTract": "OSM Way #39459765 • 37 impervious ways/450m"
      }
    },
    {
      "type": "Feature",
      "geometry": {
        "type": "Point",
        "coordinates": [
          -122.64821,
          45.52525
        ]
      },
      "properties": {
        "id": "portland-osm-39459994",
        "temperatureF": 115.4,
        "temperatureC": 46.3,
        "baselineRuralF": 76.2,
        "deltaF": 39.2,
        "severity": "Critical",
        "surfaceType": "asphalt",
        "areaName": "Surface Asphalt Parking Expanse (OSM #9994)",
        "censusTract": "OSM Way #39459994 • 38 impervious ways/450m"
      }
    },
    {
      "type": "Feature",
      "geometry": {
        "type": "Point",
        "coordinates": [
          -122.65162,
          45.52832
        ]
      },
      "properties": {
        "id": "portland-osm-39460053",
        "temperatureF": 113.3,
        "temperatureC": 45.2,
        "baselineRuralF": 76.2,
        "deltaF": 37.1,
        "severity": "Critical",
        "surfaceType": "asphalt",
        "areaName": "Surface Asphalt Parking Expanse (OSM #0053)",
        "censusTract": "OSM Way #39460053 • 17 impervious ways/450m"
      }
    },
    {
      "type": "Feature",
      "geometry": {
        "type": "Point",
        "coordinates": [
          -122.64925,
          45.52895
        ]
      },
      "properties": {
        "id": "portland-osm-39460061",
        "temperatureF": 114.9,
        "temperatureC": 46.1,
        "baselineRuralF": 76.2,
        "deltaF": 38.7,
        "severity": "Critical",
        "surfaceType": "asphalt",
        "areaName": "Surface Asphalt Parking Expanse (OSM #0061)",
        "censusTract": "OSM Way #39460061 • 20 impervious ways/450m"
      }
    },
    {
      "type": "Feature",
      "geometry": {
        "type": "Point",
        "coordinates": [
          -122.64796,
          45.52835
        ]
      },
      "properties": {
        "id": "portland-osm-39460066",
        "temperatureF": 116.2,
        "temperatureC": 46.8,
        "baselineRuralF": 76.2,
        "deltaF": 40,
        "severity": "Critical",
        "surfaceType": "asphalt",
        "areaName": "Surface Asphalt Parking Expanse (OSM #0066)",
        "censusTract": "OSM Way #39460066 • 24 impervious ways/450m"
      }
    },
    {
      "type": "Feature",
      "geometry": {
        "type": "Point",
        "coordinates": [
          -122.64691,
          45.52886
        ]
      },
      "properties": {
        "id": "portland-osm-39460102",
        "temperatureF": 115.1,
        "temperatureC": 46.2,
        "baselineRuralF": 76.2,
        "deltaF": 38.9,
        "severity": "Critical",
        "surfaceType": "asphalt",
        "areaName": "Surface Asphalt Parking Expanse (OSM #0102)",
        "censusTract": "OSM Way #39460102 • 19 impervious ways/450m"
      }
    },
    {
      "type": "Feature",
      "geometry": {
        "type": "Point",
        "coordinates": [
          -122.63108,
          45.53609
        ]
      },
      "properties": {
        "id": "portland-osm-39460455",
        "temperatureF": 111.1,
        "temperatureC": 43.9,
        "baselineRuralF": 76.2,
        "deltaF": 34.9,
        "severity": "Critical",
        "surfaceType": "asphalt",
        "areaName": "Surface Asphalt Parking Expanse (OSM #0455)",
        "censusTract": "OSM Way #39460455 • 13 impervious ways/450m"
      }
    },
    {
      "type": "Feature",
      "geometry": {
        "type": "Point",
        "coordinates": [
          -122.6511,
          45.53462
        ]
      },
      "properties": {
        "id": "portland-osm-39460815",
        "temperatureF": 116.2,
        "temperatureC": 46.8,
        "baselineRuralF": 76.2,
        "deltaF": 40,
        "severity": "Critical",
        "surfaceType": "asphalt",
        "areaName": "Surface Asphalt Parking Expanse (OSM #0815)",
        "censusTract": "OSM Way #39460815 • 32 impervious ways/450m"
      }
    },
    {
      "type": "Feature",
      "geometry": {
        "type": "Point",
        "coordinates": [
          -122.66621,
          45.53592
        ]
      },
      "properties": {
        "id": "portland-osm-39461728",
        "temperatureF": 116.2,
        "temperatureC": 46.8,
        "baselineRuralF": 76.2,
        "deltaF": 40,
        "severity": "Critical",
        "surfaceType": "asphalt",
        "areaName": "Surface Asphalt Parking Expanse (OSM #1728)",
        "censusTract": "OSM Way #39461728 • 30 impervious ways/450m"
      }
    },
    {
      "type": "Feature",
      "geometry": {
        "type": "Point",
        "coordinates": [
          -122.63297,
          45.48202
        ]
      },
      "properties": {
        "id": "portland-osm-39516543",
        "temperatureF": 104.7,
        "temperatureC": 40.4,
        "baselineRuralF": 76.2,
        "deltaF": 28.5,
        "severity": "Critical",
        "surfaceType": "asphalt",
        "areaName": "Surface Asphalt Parking Expanse (OSM #6543)",
        "censusTract": "OSM Way #39516543 • 0 impervious ways/450m"
      }
    },
    {
      "type": "Feature",
      "geometry": {
        "type": "Point",
        "coordinates": [
          -122.66136,
          45.52843
        ]
      },
      "properties": {
        "id": "portland-osm-39563045",
        "temperatureF": 113.9,
        "temperatureC": 45.5,
        "baselineRuralF": 76.2,
        "deltaF": 37.7,
        "severity": "Critical",
        "surfaceType": "commercial_roof",
        "areaName": "736 Northeast Martin Luther King Junior Boulevard (Commercial Retail Complex)",
        "censusTract": "OSM Way #39563045 • 30 impervious ways/450m"
      }
    },
    {
      "type": "Feature",
      "geometry": {
        "type": "Point",
        "coordinates": [
          -122.66113,
          45.52774
        ]
      },
      "properties": {
        "id": "portland-osm-39563046",
        "temperatureF": 114.6,
        "temperatureC": 45.9,
        "baselineRuralF": 76.2,
        "deltaF": 38.4,
        "severity": "Critical",
        "surfaceType": "commercial_roof",
        "areaName": "Commercial Retail Complex (OSM #3046)",
        "censusTract": "OSM Way #39563046 • 28 impervious ways/450m"
      }
    },
    {
      "type": "Feature",
      "geometry": {
        "type": "Point",
        "coordinates": [
          -122.66134,
          45.52954
        ]
      },
      "properties": {
        "id": "portland-osm-39563052",
        "temperatureF": 113.9,
        "temperatureC": 45.5,
        "baselineRuralF": 76.2,
        "deltaF": 37.7,
        "severity": "Critical",
        "surfaceType": "commercial_roof",
        "areaName": "910 Northeast Martin Luther King Junior Boulevard (Commercial Retail Complex)",
        "censusTract": "OSM Way #39563052 • 36 impervious ways/450m"
      }
    },
    {
      "type": "Feature",
      "geometry": {
        "type": "Point",
        "coordinates": [
          -122.66138,
          45.52679
        ]
      },
      "properties": {
        "id": "portland-osm-39563055",
        "temperatureF": 114.6,
        "temperatureC": 45.9,
        "baselineRuralF": 76.2,
        "deltaF": 38.4,
        "severity": "Critical",
        "surfaceType": "commercial_roof",
        "areaName": "Commercial Retail Complex (OSM #3055)",
        "censusTract": "OSM Way #39563055 • 24 impervious ways/450m"
      }
    },
    {
      "type": "Feature",
      "geometry": {
        "type": "Point",
        "coordinates": [
          -122.65939,
          45.52766
        ]
      },
      "properties": {
        "id": "portland-osm-39563066",
        "temperatureF": 116.2,
        "temperatureC": 46.8,
        "baselineRuralF": 76.2,
        "deltaF": 40,
        "severity": "Critical",
        "surfaceType": "asphalt",
        "areaName": "U-Park",
        "censusTract": "OSM Way #39563066 • 25 impervious ways/450m"
      }
    },
    {
      "type": "Feature",
      "geometry": {
        "type": "Point",
        "coordinates": [
          -122.65729,
          45.52899
        ]
      },
      "properties": {
        "id": "portland-osm-39563077",
        "temperatureF": 114.7,
        "temperatureC": 45.9,
        "baselineRuralF": 76.2,
        "deltaF": 38.5,
        "severity": "Critical",
        "surfaceType": "asphalt",
        "areaName": "Surface Asphalt Parking Expanse (OSM #3077)",
        "censusTract": "OSM Way #39563077 • 31 impervious ways/450m"
      }
    },
    {
      "type": "Feature",
      "geometry": {
        "type": "Point",
        "coordinates": [
          -122.66129,
          45.53036
        ]
      },
      "properties": {
        "id": "portland-osm-39563145",
        "temperatureF": 115.4,
        "temperatureC": 46.3,
        "baselineRuralF": 76.2,
        "deltaF": 39.2,
        "severity": "Critical",
        "surfaceType": "asphalt",
        "areaName": "Surface Asphalt Parking Expanse (OSM #3145)",
        "censusTract": "OSM Way #39563145 • 44 impervious ways/450m"
      }
    },
    {
      "type": "Feature",
      "geometry": {
        "type": "Point",
        "coordinates": [
          -122.66135,
          45.53125
        ]
      },
      "properties": {
        "id": "portland-osm-39563152",
        "temperatureF": 115.4,
        "temperatureC": 46.3,
        "baselineRuralF": 76.2,
        "deltaF": 39.2,
        "severity": "Critical",
        "surfaceType": "asphalt",
        "areaName": "Surface Asphalt Parking Expanse (OSM #3152)",
        "censusTract": "OSM Way #39563152 • 54 impervious ways/450m"
      }
    },
    {
      "type": "Feature",
      "geometry": {
        "type": "Point",
        "coordinates": [
          -122.66115,
          45.531
        ]
      },
      "properties": {
        "id": "portland-osm-39563153",
        "temperatureF": 115.4,
        "temperatureC": 46.3,
        "baselineRuralF": 76.2,
        "deltaF": 39.2,
        "severity": "Critical",
        "surfaceType": "asphalt",
        "areaName": "Surface Asphalt Parking Expanse (OSM #3153)",
        "censusTract": "OSM Way #39563153 • 52 impervious ways/450m"
      }
    },
    {
      "type": "Feature",
      "geometry": {
        "type": "Point",
        "coordinates": [
          -122.65026,
          45.5239
        ]
      },
      "properties": {
        "id": "portland-osm-39660118",
        "temperatureF": 113.9,
        "temperatureC": 45.5,
        "baselineRuralF": 76.2,
        "deltaF": 37.7,
        "severity": "Critical",
        "surfaceType": "commercial_roof",
        "areaName": "1500 Northeast Sandy Boulevard (Commercial Retail Complex)",
        "censusTract": "OSM Way #39660118 • 26 impervious ways/450m"
      }
    },
    {
      "type": "Feature",
      "geometry": {
        "type": "Point",
        "coordinates": [
          -122.65086,
          45.52377
        ]
      },
      "properties": {
        "id": "portland-osm-39660134",
        "temperatureF": 113.9,
        "temperatureC": 45.5,
        "baselineRuralF": 76.2,
        "deltaF": 37.7,
        "severity": "Critical",
        "surfaceType": "commercial_roof",
        "areaName": "Sandy Hut",
        "censusTract": "OSM Way #39660134 • 25 impervious ways/450m"
      }
    },
    {
      "type": "Feature",
      "geometry": {
        "type": "Point",
        "coordinates": [
          -122.64822,
          45.52463
        ]
      },
      "properties": {
        "id": "portland-osm-39660190",
        "temperatureF": 113.9,
        "temperatureC": 45.5,
        "baselineRuralF": 76.2,
        "deltaF": 37.7,
        "severity": "Critical",
        "surfaceType": "commercial_roof",
        "areaName": "1712 Northeast Sandy Boulevard (Commercial Retail Complex)",
        "censusTract": "OSM Way #39660190 • 32 impervious ways/450m"
      }
    },
    {
      "type": "Feature",
      "geometry": {
        "type": "Point",
        "coordinates": [
          -122.64721,
          45.52475
        ]
      },
      "properties": {
        "id": "portland-osm-39660219",
        "temperatureF": 113.9,
        "temperatureC": 45.5,
        "baselineRuralF": 76.2,
        "deltaF": 37.7,
        "severity": "Critical",
        "surfaceType": "commercial_roof",
        "areaName": "224 Northeast 18th Avenue (Commercial Retail Complex)",
        "censusTract": "OSM Way #39660219 • 33 impervious ways/450m"
      }
    },
    {
      "type": "Feature",
      "geometry": {
        "type": "Point",
        "coordinates": [
          -122.64396,
          45.52756
        ]
      },
      "properties": {
        "id": "portland-osm-39660289",
        "temperatureF": 114.6,
        "temperatureC": 45.9,
        "baselineRuralF": 76.2,
        "deltaF": 38.4,
        "severity": "Critical",
        "surfaceType": "asphalt",
        "areaName": "Surface Asphalt Parking Expanse (OSM #0289)",
        "censusTract": "OSM Way #39660289 • 18 impervious ways/450m"
      }
    },
    {
      "type": "Feature",
      "geometry": {
        "type": "Point",
        "coordinates": [
          -122.64174,
          45.52811
        ]
      },
      "properties": {
        "id": "portland-osm-39660340",
        "temperatureF": 110.2,
        "temperatureC": 43.4,
        "baselineRuralF": 76.2,
        "deltaF": 34,
        "severity": "Critical",
        "surfaceType": "asphalt",
        "areaName": "Surface Asphalt Parking Expanse (OSM #0340)",
        "censusTract": "OSM Way #39660340 • 10 impervious ways/450m"
      }
    },
    {
      "type": "Feature",
      "geometry": {
        "type": "Point",
        "coordinates": [
          -122.64875,
          45.52452
        ]
      },
      "properties": {
        "id": "portland-osm-39705704",
        "temperatureF": 113.9,
        "temperatureC": 45.5,
        "baselineRuralF": 76.2,
        "deltaF": 37.7,
        "severity": "Critical",
        "surfaceType": "commercial_roof",
        "areaName": "1642 Northeast Sandy Boulevard (Commercial Retail Complex)",
        "censusTract": "OSM Way #39705704 • 31 impervious ways/450m"
      }
    },
    {
      "type": "Feature",
      "geometry": {
        "type": "Point",
        "coordinates": [
          -122.64996,
          45.52402
        ]
      },
      "properties": {
        "id": "portland-osm-39705761",
        "temperatureF": 113.9,
        "temperatureC": 45.5,
        "baselineRuralF": 76.2,
        "deltaF": 37.7,
        "severity": "Critical",
        "surfaceType": "commercial_roof",
        "areaName": "1540 Northeast Sandy Boulevard (Commercial Retail Complex)",
        "censusTract": "OSM Way #39705761 • 28 impervious ways/450m"
      }
    },
    {
      "type": "Feature",
      "geometry": {
        "type": "Point",
        "coordinates": [
          -122.6457,
          45.52559
        ]
      },
      "properties": {
        "id": "portland-osm-39706175",
        "temperatureF": 113.9,
        "temperatureC": 45.5,
        "baselineRuralF": 76.2,
        "deltaF": 37.7,
        "severity": "Critical",
        "surfaceType": "commercial_roof",
        "areaName": "Pho Gia",
        "censusTract": "OSM Way #39706175 • 35 impervious ways/450m"
      }
    },
    {
      "type": "Feature",
      "geometry": {
        "type": "Point",
        "coordinates": [
          -122.64377,
          45.52631
        ]
      },
      "properties": {
        "id": "portland-osm-39706205",
        "temperatureF": 113.9,
        "temperatureC": 45.5,
        "baselineRuralF": 76.2,
        "deltaF": 37.7,
        "severity": "Critical",
        "surfaceType": "commercial_roof",
        "areaName": "Silver Lining Jewerly & Loan",
        "censusTract": "OSM Way #39706205 • 23 impervious ways/450m"
      }
    },
    {
      "type": "Feature",
      "geometry": {
        "type": "Point",
        "coordinates": [
          -122.64416,
          45.52707
        ]
      },
      "properties": {
        "id": "portland-osm-39706227",
        "temperatureF": 116.2,
        "temperatureC": 46.8,
        "baselineRuralF": 76.2,
        "deltaF": 40,
        "severity": "Critical",
        "surfaceType": "asphalt",
        "areaName": "Surface Asphalt Parking Expanse (OSM #6227)",
        "censusTract": "OSM Way #39706227 • 21 impervious ways/450m"
      }
    },
    {
      "type": "Feature",
      "geometry": {
        "type": "Point",
        "coordinates": [
          -122.64699,
          45.52736
        ]
      },
      "properties": {
        "id": "portland-osm-39706236",
        "temperatureF": 115.4,
        "temperatureC": 46.3,
        "baselineRuralF": 76.2,
        "deltaF": 39.2,
        "severity": "Critical",
        "surfaceType": "asphalt",
        "areaName": "Surface Asphalt Parking Expanse (OSM #6236)",
        "censusTract": "OSM Way #39706236 • 29 impervious ways/450m"
      }
    },
    {
      "type": "Feature",
      "geometry": {
        "type": "Point",
        "coordinates": [
          -122.6458,
          45.5277
        ]
      },
      "properties": {
        "id": "portland-osm-39706246",
        "temperatureF": 116.2,
        "temperatureC": 46.8,
        "baselineRuralF": 76.2,
        "deltaF": 40,
        "severity": "Critical",
        "surfaceType": "asphalt",
        "areaName": "Surface Asphalt Parking Expanse (OSM #6246)",
        "censusTract": "OSM Way #39706246 • 23 impervious ways/450m"
      }
    },
    {
      "type": "Feature",
      "geometry": {
        "type": "Point",
        "coordinates": [
          -122.67495,
          45.52416
        ]
      },
      "properties": {
        "id": "portland-osm-39944741",
        "temperatureF": 110.7,
        "temperatureC": 43.7,
        "baselineRuralF": 76.2,
        "deltaF": 34.5,
        "severity": "Critical",
        "surfaceType": "asphalt",
        "areaName": "City Center Parking",
        "censusTract": "OSM Way #39944741 • 11 impervious ways/450m"
      }
    },
    {
      "type": "Feature",
      "geometry": {
        "type": "Point",
        "coordinates": [
          -122.67615,
          45.52414
        ]
      },
      "properties": {
        "id": "portland-osm-39944743",
        "temperatureF": 111.3,
        "temperatureC": 44.1,
        "baselineRuralF": 76.2,
        "deltaF": 35.1,
        "severity": "Critical",
        "surfaceType": "asphalt",
        "areaName": "U-Park",
        "censusTract": "OSM Way #39944743 • 12 impervious ways/450m"
      }
    },
    {
      "type": "Feature",
      "geometry": {
        "type": "Point",
        "coordinates": [
          -122.67587,
          45.52643
        ]
      },
      "properties": {
        "id": "portland-osm-39944758",
        "temperatureF": 110.7,
        "temperatureC": 43.7,
        "baselineRuralF": 76.2,
        "deltaF": 34.5,
        "severity": "Critical",
        "surfaceType": "asphalt",
        "areaName": "Surface Asphalt Parking Expanse (OSM #4758)",
        "censusTract": "OSM Way #39944758 • 11 impervious ways/450m"
      }
    },
    {
      "type": "Feature",
      "geometry": {
        "type": "Point",
        "coordinates": [
          -122.67624,
          45.52622
        ]
      },
      "properties": {
        "id": "portland-osm-39944759",
        "temperatureF": 109.2,
        "temperatureC": 42.9,
        "baselineRuralF": 76.2,
        "deltaF": 33,
        "severity": "Critical",
        "surfaceType": "commercial_roof",
        "areaName": "414 Northwest 6th Avenue (Commercial Retail Complex)",
        "censusTract": "OSM Way #39944759 • 11 impervious ways/450m"
      }
    },
    {
      "type": "Feature",
      "geometry": {
        "type": "Point",
        "coordinates": [
          -122.67624,
          45.52608
        ]
      },
      "properties": {
        "id": "portland-osm-39944762",
        "temperatureF": 110.7,
        "temperatureC": 43.7,
        "baselineRuralF": 76.2,
        "deltaF": 34.5,
        "severity": "Critical",
        "surfaceType": "asphalt",
        "areaName": "Surface Asphalt Parking Expanse (OSM #4762)",
        "censusTract": "OSM Way #39944762 • 11 impervious ways/450m"
      }
    },
    {
      "type": "Feature",
      "geometry": {
        "type": "Point",
        "coordinates": [
          -122.6795,
          45.52609
        ]
      },
      "properties": {
        "id": "portland-osm-39944852",
        "temperatureF": 107.9,
        "temperatureC": 42.2,
        "baselineRuralF": 76.2,
        "deltaF": 31.7,
        "severity": "Critical",
        "surfaceType": "commercial_roof",
        "areaName": "411 Northwest Park Avenue (Commercial Retail Complex)",
        "censusTract": "OSM Way #39944852 • 10 impervious ways/450m"
      }
    },
    {
      "type": "Feature",
      "geometry": {
        "type": "Point",
        "coordinates": [
          -122.67785,
          45.52607
        ]
      },
      "properties": {
        "id": "portland-osm-39944855",
        "temperatureF": 108.6,
        "temperatureC": 42.6,
        "baselineRuralF": 76.2,
        "deltaF": 32.4,
        "severity": "Critical",
        "surfaceType": "commercial_roof",
        "areaName": "419 Northwest Broadway (Commercial Retail Complex)",
        "censusTract": "OSM Way #39944855 • 10 impervious ways/450m"
      }
    },
    {
      "type": "Feature",
      "geometry": {
        "type": "Point",
        "coordinates": [
          -122.6788,
          45.52695
        ]
      },
      "properties": {
        "id": "portland-osm-39944858",
        "temperatureF": 108.9,
        "temperatureC": 42.7,
        "baselineRuralF": 76.2,
        "deltaF": 32.7,
        "severity": "Critical",
        "surfaceType": "asphalt",
        "areaName": "Surface Asphalt Parking Expanse (OSM #4858)",
        "censusTract": "OSM Way #39944858 • 9 impervious ways/450m"
      }
    },
    {
      "type": "Feature",
      "geometry": {
        "type": "Point",
        "coordinates": [
          -122.68363,
          45.52744
        ]
      },
      "properties": {
        "id": "portland-osm-39944882",
        "temperatureF": 106.1,
        "temperatureC": 41.2,
        "baselineRuralF": 76.2,
        "deltaF": 29.9,
        "severity": "Critical",
        "surfaceType": "asphalt",
        "areaName": "Surface Asphalt Parking Expanse (OSM #4882)",
        "censusTract": "OSM Way #39944882 • 4 impervious ways/450m"
      }
    },
    {
      "type": "Feature",
      "geometry": {
        "type": "Point",
        "coordinates": [
          -122.66101,
          45.52844
        ]
      },
      "properties": {
        "id": "portland-osm-39981510",
        "temperatureF": 115.4,
        "temperatureC": 46.3,
        "baselineRuralF": 76.2,
        "deltaF": 39.2,
        "severity": "Critical",
        "surfaceType": "asphalt",
        "areaName": "Surface Asphalt Parking Expanse (OSM #1510)",
        "censusTract": "OSM Way #39981510 • 30 impervious ways/450m"
      }
    },
    {
      "type": "Feature",
      "geometry": {
        "type": "Point",
        "coordinates": [
          -122.66109,
          45.52819
        ]
      },
      "properties": {
        "id": "portland-osm-39981515",
        "temperatureF": 116.2,
        "temperatureC": 46.8,
        "baselineRuralF": 76.2,
        "deltaF": 40,
        "severity": "Critical",
        "surfaceType": "asphalt",
        "areaName": "Surface Asphalt Parking Expanse (OSM #1515)",
        "censusTract": "OSM Way #39981515 • 31 impervious ways/450m"
      }
    },
    {
      "type": "Feature",
      "geometry": {
        "type": "Point",
        "coordinates": [
          -122.66015,
          45.52817
        ]
      },
      "properties": {
        "id": "portland-osm-39981598",
        "temperatureF": 115.4,
        "temperatureC": 46.3,
        "baselineRuralF": 76.2,
        "deltaF": 39.2,
        "severity": "Critical",
        "surfaceType": "asphalt",
        "areaName": "Surface Asphalt Parking Expanse (OSM #1598)",
        "censusTract": "OSM Way #39981598 • 29 impervious ways/450m"
      }
    },
    {
      "type": "Feature",
      "geometry": {
        "type": "Point",
        "coordinates": [
          -122.65937,
          45.52829
        ]
      },
      "properties": {
        "id": "portland-osm-39981618",
        "temperatureF": 115.4,
        "temperatureC": 46.3,
        "baselineRuralF": 76.2,
        "deltaF": 39.2,
        "severity": "Critical",
        "surfaceType": "asphalt",
        "areaName": "Surface Asphalt Parking Expanse (OSM #1618)",
        "censusTract": "OSM Way #39981618 • 30 impervious ways/450m"
      }
    },
    {
      "type": "Feature",
      "geometry": {
        "type": "Point",
        "coordinates": [
          -122.63016,
          45.56211
        ]
      },
      "properties": {
        "id": "portland-osm-39986439",
        "temperatureF": 105.2,
        "temperatureC": 40.7,
        "baselineRuralF": 76.2,
        "deltaF": 29,
        "severity": "Critical",
        "surfaceType": "asphalt",
        "areaName": "Surface Asphalt Parking Expanse (OSM #6439)",
        "censusTract": "OSM Way #39986439 • 1 impervious ways/450m"
      }
    },
    {
      "type": "Feature",
      "geometry": {
        "type": "Point",
        "coordinates": [
          -122.63099,
          45.5629
        ]
      },
      "properties": {
        "id": "portland-osm-39986444",
        "temperatureF": 105.2,
        "temperatureC": 40.7,
        "baselineRuralF": 76.2,
        "deltaF": 29,
        "severity": "Critical",
        "surfaceType": "asphalt",
        "areaName": "Surface Asphalt Parking Expanse (OSM #6444)",
        "censusTract": "OSM Way #39986444 • 1 impervious ways/450m"
      }
    },
    {
      "type": "Feature",
      "geometry": {
        "type": "Point",
        "coordinates": [
          -122.65338,
          45.51244
        ]
      },
      "properties": {
        "id": "portland-osm-40477218",
        "temperatureF": 109.7,
        "temperatureC": 43.2,
        "baselineRuralF": 76.2,
        "deltaF": 33.5,
        "severity": "Critical",
        "surfaceType": "commercial_roof",
        "areaName": "Cartopia Food Carts",
        "censusTract": "OSM Way #40477218 • 12 impervious ways/450m"
      }
    },
    {
      "type": "Feature",
      "geometry": {
        "type": "Point",
        "coordinates": [
          -122.65087,
          45.51202
        ]
      },
      "properties": {
        "id": "portland-osm-40477855",
        "temperatureF": 108.6,
        "temperatureC": 42.6,
        "baselineRuralF": 76.2,
        "deltaF": 32.4,
        "severity": "Critical",
        "surfaceType": "commercial_roof",
        "areaName": "Commercial Retail Complex (OSM #7855)",
        "censusTract": "OSM Way #40477855 • 10 impervious ways/450m"
      }
    },
    {
      "type": "Feature",
      "geometry": {
        "type": "Point",
        "coordinates": [
          -122.65419,
          45.51342
        ]
      },
      "properties": {
        "id": "portland-osm-40477938",
        "temperatureF": 109.2,
        "temperatureC": 42.9,
        "baselineRuralF": 76.2,
        "deltaF": 33,
        "severity": "Critical",
        "surfaceType": "commercial_roof",
        "areaName": "Commercial Retail Complex (OSM #7938)",
        "censusTract": "OSM Way #40477938 • 11 impervious ways/450m"
      }
    },
    {
      "type": "Feature",
      "geometry": {
        "type": "Point",
        "coordinates": [
          -122.65603,
          45.51268
        ]
      },
      "properties": {
        "id": "portland-osm-40477940",
        "temperatureF": 108.6,
        "temperatureC": 42.6,
        "baselineRuralF": 76.2,
        "deltaF": 32.4,
        "severity": "Critical",
        "surfaceType": "commercial_roof",
        "areaName": "940 Southeast Madison Street (Commercial Retail Complex)",
        "censusTract": "OSM Way #40477940 • 10 impervious ways/450m"
      }
    },
    {
      "type": "Feature",
      "geometry": {
        "type": "Point",
        "coordinates": [
          -122.65343,
          45.51263
        ]
      },
      "properties": {
        "id": "portland-osm-40477942",
        "temperatureF": 109.7,
        "temperatureC": 43.2,
        "baselineRuralF": 76.2,
        "deltaF": 33.5,
        "severity": "Critical",
        "surfaceType": "commercial_roof",
        "areaName": "Tiny's Coffee",
        "censusTract": "OSM Way #40477942 • 12 impervious ways/450m"
      }
    },
    {
      "type": "Feature",
      "geometry": {
        "type": "Point",
        "coordinates": [
          -122.66192,
          45.55311
        ]
      },
      "properties": {
        "id": "portland-osm-40478337",
        "temperatureF": 103.5,
        "temperatureC": 39.7,
        "baselineRuralF": 76.2,
        "deltaF": 27.3,
        "severity": "Critical",
        "surfaceType": "commercial_roof",
        "areaName": "4069 Northeast Martin Luther King Junior Boulevard (Commercial Retail Complex)",
        "censusTract": "OSM Way #40478337 • 2 impervious ways/450m"
      }
    },
    {
      "type": "Feature",
      "geometry": {
        "type": "Point",
        "coordinates": [
          -122.66204,
          45.56092
        ]
      },
      "properties": {
        "id": "portland-osm-40478692",
        "temperatureF": 104.6,
        "temperatureC": 40.3,
        "baselineRuralF": 76.2,
        "deltaF": 28.4,
        "severity": "Critical",
        "surfaceType": "commercial_roof",
        "areaName": "5229 Northeast Martin Luther King Junior Boulevard (Commercial Retail Complex)",
        "censusTract": "OSM Way #40478692 • 4 impervious ways/450m"
      }
    },
    {
      "type": "Feature",
      "geometry": {
        "type": "Point",
        "coordinates": [
          -122.66662,
          45.56251
        ]
      },
      "properties": {
        "id": "portland-osm-40478764",
        "temperatureF": 104.8,
        "temperatureC": 40.4,
        "baselineRuralF": 76.2,
        "deltaF": 28.6,
        "severity": "Critical",
        "surfaceType": "commercial_roof",
        "areaName": "8 Northeast Killingsworth Street (Commercial Retail Complex)",
        "censusTract": "OSM Way #40478764 • 3 impervious ways/450m"
      }
    },
    {
      "type": "Feature",
      "geometry": {
        "type": "Point",
        "coordinates": [
          -122.66986,
          45.56295
        ]
      },
      "properties": {
        "id": "portland-osm-40478945",
        "temperatureF": 104.2,
        "temperatureC": 40.1,
        "baselineRuralF": 76.2,
        "deltaF": 28,
        "severity": "Critical",
        "surfaceType": "commercial_roof",
        "areaName": "309 North Killingsworth Street (Commercial Retail Complex)",
        "censusTract": "OSM Way #40478945 • 2 impervious ways/450m"
      }
    },
    {
      "type": "Feature",
      "geometry": {
        "type": "Point",
        "coordinates": [
          -122.68403,
          45.5097
        ]
      },
      "properties": {
        "id": "portland-osm-40487773",
        "temperatureF": 105.9,
        "temperatureC": 41.1,
        "baselineRuralF": 76.2,
        "deltaF": 29.7,
        "severity": "Critical",
        "surfaceType": "commercial_roof",
        "areaName": "Mak's Mini Mart",
        "censusTract": "OSM Way #40487773 • 5 impervious ways/450m"
      }
    },
    {
      "type": "Feature",
      "geometry": {
        "type": "Point",
        "coordinates": [
          -122.67578,
          45.5523
        ]
      },
      "properties": {
        "id": "portland-osm-40539630",
        "temperatureF": 102.9,
        "temperatureC": 39.4,
        "baselineRuralF": 76.2,
        "deltaF": 26.7,
        "severity": "Critical",
        "surfaceType": "commercial_roof",
        "areaName": "4009 North Mississippi Avenue (Commercial Retail Complex)",
        "censusTract": "OSM Way #40539630 • 1 impervious ways/450m"
      }
    },
    {
      "type": "Feature",
      "geometry": {
        "type": "Point",
        "coordinates": [
          -122.64604,
          45.52895
        ]
      },
      "properties": {
        "id": "portland-osm-40774369",
        "temperatureF": 114,
        "temperatureC": 45.6,
        "baselineRuralF": 76.2,
        "deltaF": 37.8,
        "severity": "Critical",
        "surfaceType": "asphalt",
        "areaName": "Surface Asphalt Parking Expanse (OSM #4369)",
        "censusTract": "OSM Way #40774369 • 17 impervious ways/450m"
      }
    },
    {
      "type": "Feature",
      "geometry": {
        "type": "Point",
        "coordinates": [
          -122.64615,
          45.52885
        ]
      },
      "properties": {
        "id": "portland-osm-40774370",
        "temperatureF": 114.6,
        "temperatureC": 45.9,
        "baselineRuralF": 76.2,
        "deltaF": 38.4,
        "severity": "Critical",
        "surfaceType": "asphalt",
        "areaName": "Surface Asphalt Parking Expanse (OSM #4370)",
        "censusTract": "OSM Way #40774370 • 18 impervious ways/450m"
      }
    },
    {
      "type": "Feature",
      "geometry": {
        "type": "Point",
        "coordinates": [
          -122.65236,
          45.51243
        ]
      },
      "properties": {
        "id": "portland-osm-40775353",
        "temperatureF": 109.2,
        "temperatureC": 42.9,
        "baselineRuralF": 76.2,
        "deltaF": 33,
        "severity": "Critical",
        "surfaceType": "commercial_roof",
        "areaName": "1309 Southeast Hawthorne Boulevard (Industrial Logistics Zone)",
        "censusTract": "OSM Way #40775353 • 11 impervious ways/450m"
      }
    },
    {
      "type": "Feature",
      "geometry": {
        "type": "Point",
        "coordinates": [
          -122.65347,
          45.51163
        ]
      },
      "properties": {
        "id": "portland-osm-40775390",
        "temperatureF": 109.7,
        "temperatureC": 43.2,
        "baselineRuralF": 76.2,
        "deltaF": 33.5,
        "severity": "Critical",
        "surfaceType": "commercial_roof",
        "areaName": "Chevron",
        "censusTract": "OSM Way #40775390 • 12 impervious ways/450m"
      }
    },
    {
      "type": "Feature",
      "geometry": {
        "type": "Point",
        "coordinates": [
          -122.65743,
          45.51246
        ]
      },
      "properties": {
        "id": "portland-osm-40775616",
        "temperatureF": 108.1,
        "temperatureC": 42.3,
        "baselineRuralF": 76.2,
        "deltaF": 31.9,
        "severity": "Critical",
        "surfaceType": "commercial_roof",
        "areaName": "Commercial Retail Complex (OSM #5616)",
        "censusTract": "OSM Way #40775616 • 9 impervious ways/450m"
      }
    },
    {
      "type": "Feature",
      "geometry": {
        "type": "Point",
        "coordinates": [
          -122.65908,
          45.51246
        ]
      },
      "properties": {
        "id": "portland-osm-40775672",
        "temperatureF": 108.1,
        "temperatureC": 42.3,
        "baselineRuralF": 76.2,
        "deltaF": 31.9,
        "severity": "Critical",
        "surfaceType": "commercial_roof",
        "areaName": "NW Office Liquidations",
        "censusTract": "OSM Way #40775672 • 9 impervious ways/450m"
      }
    },
    {
      "type": "Feature",
      "geometry": {
        "type": "Point",
        "coordinates": [
          -122.65337,
          45.51342
        ]
      },
      "properties": {
        "id": "portland-osm-40775796",
        "temperatureF": 109.2,
        "temperatureC": 42.9,
        "baselineRuralF": 76.2,
        "deltaF": 33,
        "severity": "Critical",
        "surfaceType": "commercial_roof",
        "areaName": "1316 Southeast 12th Avenue (Industrial Logistics Zone)",
        "censusTract": "OSM Way #40775796 • 11 impervious ways/450m"
      }
    },
    {
      "type": "Feature",
      "geometry": {
        "type": "Point",
        "coordinates": [
          -122.65419,
          45.51315
        ]
      },
      "properties": {
        "id": "portland-osm-40775801",
        "temperatureF": 110.7,
        "temperatureC": 43.7,
        "baselineRuralF": 76.2,
        "deltaF": 34.5,
        "severity": "Critical",
        "surfaceType": "asphalt",
        "areaName": "Surface Asphalt Parking Expanse (OSM #5801)",
        "censusTract": "OSM Way #40775801 • 11 impervious ways/450m"
      }
    },
    {
      "type": "Feature",
      "geometry": {
        "type": "Point",
        "coordinates": [
          -122.64903,
          45.51197
        ]
      },
      "properties": {
        "id": "portland-osm-40776050",
        "temperatureF": 107.3,
        "temperatureC": 41.8,
        "baselineRuralF": 76.2,
        "deltaF": 31.1,
        "severity": "Critical",
        "surfaceType": "commercial_roof",
        "areaName": "Happy Knits",
        "censusTract": "OSM Way #40776050 • 9 impervious ways/450m"
      }
    },
    {
      "type": "Feature",
      "geometry": {
        "type": "Point",
        "coordinates": [
          -122.64807,
          45.51185
        ]
      },
      "properties": {
        "id": "portland-osm-40776127",
        "temperatureF": 106.2,
        "temperatureC": 41.2,
        "baselineRuralF": 76.2,
        "deltaF": 30,
        "severity": "Critical",
        "surfaceType": "commercial_roof",
        "areaName": "Hankins Hardware",
        "censusTract": "OSM Way #40776127 • 7 impervious ways/450m"
      }
    },
    {
      "type": "Feature",
      "geometry": {
        "type": "Point",
        "coordinates": [
          -122.67516,
          45.55673
        ]
      },
      "properties": {
        "id": "portland-osm-40785068",
        "temperatureF": 104.8,
        "temperatureC": 40.4,
        "baselineRuralF": 76.2,
        "deltaF": 28.6,
        "severity": "Critical",
        "surfaceType": "commercial_roof",
        "areaName": "4537 North Albina Avenue (Commercial Retail Complex)",
        "censusTract": "OSM Way #40785068 • 3 impervious ways/450m"
      }
    },
    {
      "type": "Feature",
      "geometry": {
        "type": "Point",
        "coordinates": [
          -122.67473,
          45.55665
        ]
      },
      "properties": {
        "id": "portland-osm-40785071",
        "temperatureF": 104.8,
        "temperatureC": 40.4,
        "baselineRuralF": 76.2,
        "deltaF": 28.6,
        "severity": "Critical",
        "surfaceType": "commercial_roof",
        "areaName": "4636 North Albina Avenue (Commercial Retail Complex)",
        "censusTract": "OSM Way #40785071 • 3 impervious ways/450m"
      }
    },
    {
      "type": "Feature",
      "geometry": {
        "type": "Point",
        "coordinates": [
          -122.67476,
          45.55702
        ]
      },
      "properties": {
        "id": "portland-osm-40785139",
        "temperatureF": 104.8,
        "temperatureC": 40.4,
        "baselineRuralF": 76.2,
        "deltaF": 28.6,
        "severity": "Critical",
        "surfaceType": "commercial_roof",
        "areaName": "4702 North Albina Avenue (Commercial Retail Complex)",
        "censusTract": "OSM Way #40785139 • 3 impervious ways/450m"
      }
    },
    {
      "type": "Feature",
      "geometry": {
        "type": "Point",
        "coordinates": [
          -122.67516,
          45.55702
        ]
      },
      "properties": {
        "id": "portland-osm-40785144",
        "temperatureF": 104.8,
        "temperatureC": 40.4,
        "baselineRuralF": 76.2,
        "deltaF": 28.6,
        "severity": "Critical",
        "surfaceType": "commercial_roof",
        "areaName": "Cardboard Castle",
        "censusTract": "OSM Way #40785144 • 3 impervious ways/450m"
      }
    },
    {
      "type": "Feature",
      "geometry": {
        "type": "Point",
        "coordinates": [
          -122.6452,
          45.52628
        ]
      },
      "properties": {
        "id": "portland-osm-40790302",
        "temperatureF": 115.4,
        "temperatureC": 46.3,
        "baselineRuralF": 76.2,
        "deltaF": 39.2,
        "severity": "Critical",
        "surfaceType": "asphalt",
        "areaName": "Surface Asphalt Parking Expanse (OSM #0302)",
        "censusTract": "OSM Way #40790302 • 30 impervious ways/450m"
      }
    },
    {
      "type": "Feature",
      "geometry": {
        "type": "Point",
        "coordinates": [
          -122.64698,
          45.52525
        ]
      },
      "properties": {
        "id": "portland-osm-40790303",
        "temperatureF": 115.4,
        "temperatureC": 46.3,
        "baselineRuralF": 76.2,
        "deltaF": 39.2,
        "severity": "Critical",
        "surfaceType": "asphalt",
        "areaName": "Surface Asphalt Parking Expanse (OSM #0303)",
        "censusTract": "OSM Way #40790303 • 36 impervious ways/450m"
      }
    },
    {
      "type": "Feature",
      "geometry": {
        "type": "Point",
        "coordinates": [
          -122.64782,
          45.52479
        ]
      },
      "properties": {
        "id": "portland-osm-40790323",
        "temperatureF": 115.4,
        "temperatureC": 46.3,
        "baselineRuralF": 76.2,
        "deltaF": 39.2,
        "severity": "Critical",
        "surfaceType": "asphalt",
        "areaName": "Surface Asphalt Parking Expanse (OSM #0323)",
        "censusTract": "OSM Way #40790323 • 33 impervious ways/450m"
      }
    },
    {
      "type": "Feature",
      "geometry": {
        "type": "Point",
        "coordinates": [
          -122.64914,
          45.52442
        ]
      },
      "properties": {
        "id": "portland-osm-40790324",
        "temperatureF": 115.4,
        "temperatureC": 46.3,
        "baselineRuralF": 76.2,
        "deltaF": 39.2,
        "severity": "Critical",
        "surfaceType": "asphalt",
        "areaName": "Surface Asphalt Parking Expanse (OSM #0324)",
        "censusTract": "OSM Way #40790324 • 30 impervious ways/450m"
      }
    },
    {
      "type": "Feature",
      "geometry": {
        "type": "Point",
        "coordinates": [
          -122.64982,
          45.52411
        ]
      },
      "properties": {
        "id": "portland-osm-40790325",
        "temperatureF": 115.4,
        "temperatureC": 46.3,
        "baselineRuralF": 76.2,
        "deltaF": 39.2,
        "severity": "Critical",
        "surfaceType": "asphalt",
        "areaName": "Surface Asphalt Parking Expanse (OSM #0325)",
        "censusTract": "OSM Way #40790325 • 28 impervious ways/450m"
      }
    },
    {
      "type": "Feature",
      "geometry": {
        "type": "Point",
        "coordinates": [
          -122.64875,
          45.52417
        ]
      },
      "properties": {
        "id": "portland-osm-40790339",
        "temperatureF": 113.9,
        "temperatureC": 45.5,
        "baselineRuralF": 76.2,
        "deltaF": 37.7,
        "severity": "Critical",
        "surfaceType": "commercial_roof",
        "areaName": "1638 Northeast Davis Street (Commercial Retail Complex)",
        "censusTract": "OSM Way #40790339 • 28 impervious ways/450m"
      }
    },
    {
      "type": "Feature",
      "geometry": {
        "type": "Point",
        "coordinates": [
          -122.64669,
          45.52326
        ]
      },
      "properties": {
        "id": "portland-osm-40790356",
        "temperatureF": 113.9,
        "temperatureC": 45.5,
        "baselineRuralF": 76.2,
        "deltaF": 37.7,
        "severity": "Critical",
        "surfaceType": "commercial_roof",
        "areaName": "1847 East Burnside Street (Commercial Retail Complex)",
        "censusTract": "OSM Way #40790356 • 26 impervious ways/450m"
      }
    },
    {
      "type": "Feature",
      "geometry": {
        "type": "Point",
        "coordinates": [
          -122.64794,
          45.52314
        ]
      },
      "properties": {
        "id": "portland-osm-40790361",
        "temperatureF": 115.4,
        "temperatureC": 46.3,
        "baselineRuralF": 76.2,
        "deltaF": 39.2,
        "severity": "Critical",
        "surfaceType": "asphalt",
        "areaName": "Surface Asphalt Parking Expanse (OSM #0361)",
        "censusTract": "OSM Way #40790361 • 26 impervious ways/450m"
      }
    },
    {
      "type": "Feature",
      "geometry": {
        "type": "Point",
        "coordinates": [
          -122.6498,
          45.52339
        ]
      },
      "properties": {
        "id": "portland-osm-40790367",
        "temperatureF": 113.9,
        "temperatureC": 45.5,
        "baselineRuralF": 76.2,
        "deltaF": 37.7,
        "severity": "Critical",
        "surfaceType": "commercial_roof",
        "areaName": "Commercial Retail Complex (OSM #0367)",
        "censusTract": "OSM Way #40790367 • 26 impervious ways/450m"
      }
    },
    {
      "type": "Feature",
      "geometry": {
        "type": "Point",
        "coordinates": [
          -122.65017,
          45.52314
        ]
      },
      "properties": {
        "id": "portland-osm-40790368",
        "temperatureF": 113.9,
        "temperatureC": 45.5,
        "baselineRuralF": 76.2,
        "deltaF": 37.7,
        "severity": "Critical",
        "surfaceType": "commercial_roof",
        "areaName": "1515 East Burnside Street (Commercial Retail Complex)",
        "censusTract": "OSM Way #40790368 • 25 impervious ways/450m"
      }
    },
    {
      "type": "Feature",
      "geometry": {
        "type": "Point",
        "coordinates": [
          -122.64906,
          45.52314
        ]
      },
      "properties": {
        "id": "portland-osm-40790369",
        "temperatureF": 113.9,
        "temperatureC": 45.5,
        "baselineRuralF": 76.2,
        "deltaF": 37.7,
        "severity": "Critical",
        "surfaceType": "commercial_roof",
        "areaName": "1617 East Burnside Street (Commercial Retail Complex)",
        "censusTract": "OSM Way #40790369 • 25 impervious ways/450m"
      }
    },
    {
      "type": "Feature",
      "geometry": {
        "type": "Point",
        "coordinates": [
          -122.65028,
          45.5234
        ]
      },
      "properties": {
        "id": "portland-osm-40790372",
        "temperatureF": 113.9,
        "temperatureC": 45.5,
        "baselineRuralF": 76.2,
        "deltaF": 37.7,
        "severity": "Critical",
        "surfaceType": "commercial_roof",
        "areaName": "1506 Northeast Couch Street (Commercial Retail Complex)",
        "censusTract": "OSM Way #40790372 • 26 impervious ways/450m"
      }
    },
    {
      "type": "Feature",
      "geometry": {
        "type": "Point",
        "coordinates": [
          -122.64711,
          45.52326
        ]
      },
      "properties": {
        "id": "portland-osm-40790377",
        "temperatureF": 115.4,
        "temperatureC": 46.3,
        "baselineRuralF": 76.2,
        "deltaF": 39.2,
        "severity": "Critical",
        "surfaceType": "asphalt",
        "areaName": "Surface Asphalt Parking Expanse (OSM #0377)",
        "censusTract": "OSM Way #40790377 • 27 impervious ways/450m"
      }
    },
    {
      "type": "Feature",
      "geometry": {
        "type": "Point",
        "coordinates": [
          -122.64621,
          45.52474
        ]
      },
      "properties": {
        "id": "portland-osm-40790414",
        "temperatureF": 115.4,
        "temperatureC": 46.3,
        "baselineRuralF": 76.2,
        "deltaF": 39.2,
        "severity": "Critical",
        "surfaceType": "asphalt",
        "areaName": "Surface Asphalt Parking Expanse (OSM #0414)",
        "censusTract": "OSM Way #40790414 • 32 impervious ways/450m"
      }
    },
    {
      "type": "Feature",
      "geometry": {
        "type": "Point",
        "coordinates": [
          -122.64662,
          45.52382
        ]
      },
      "properties": {
        "id": "portland-osm-40790418",
        "temperatureF": 113.9,
        "temperatureC": 45.5,
        "baselineRuralF": 76.2,
        "deltaF": 37.7,
        "severity": "Critical",
        "surfaceType": "commercial_roof",
        "areaName": "Commercial Retail Complex (OSM #0418)",
        "censusTract": "OSM Way #40790418 • 29 impervious ways/450m"
      }
    },
    {
      "type": "Feature",
      "geometry": {
        "type": "Point",
        "coordinates": [
          -122.64725,
          45.52375
        ]
      },
      "properties": {
        "id": "portland-osm-40790420",
        "temperatureF": 113.9,
        "temperatureC": 45.5,
        "baselineRuralF": 76.2,
        "deltaF": 37.7,
        "severity": "Critical",
        "surfaceType": "commercial_roof",
        "areaName": "1801 Northeast Couch Street (Commercial Retail Complex)",
        "censusTract": "OSM Way #40790420 • 30 impervious ways/450m"
      }
    },
    {
      "type": "Feature",
      "geometry": {
        "type": "Point",
        "coordinates": [
          -122.65389,
          45.52756
        ]
      },
      "properties": {
        "id": "portland-osm-40790447",
        "temperatureF": 112.2,
        "temperatureC": 44.6,
        "baselineRuralF": 76.2,
        "deltaF": 36,
        "severity": "Critical",
        "surfaceType": "asphalt",
        "areaName": "Surface Asphalt Parking Expanse (OSM #0447)",
        "censusTract": "OSM Way #40790447 • 15 impervious ways/450m"
      }
    },
    {
      "type": "Feature",
      "geometry": {
        "type": "Point",
        "coordinates": [
          -122.65516,
          45.52748
        ]
      },
      "properties": {
        "id": "portland-osm-40790449",
        "temperatureF": 113.3,
        "temperatureC": 45.2,
        "baselineRuralF": 76.2,
        "deltaF": 37.1,
        "severity": "Critical",
        "surfaceType": "asphalt",
        "areaName": "Surface Asphalt Parking Expanse (OSM #0449)",
        "censusTract": "OSM Way #40790449 • 17 impervious ways/450m"
      }
    },
    {
      "type": "Feature",
      "geometry": {
        "type": "Point",
        "coordinates": [
          -122.65603,
          45.52695
        ]
      },
      "properties": {
        "id": "portland-osm-40790450",
        "temperatureF": 116.2,
        "temperatureC": 46.8,
        "baselineRuralF": 76.2,
        "deltaF": 40,
        "severity": "Critical",
        "surfaceType": "asphalt",
        "areaName": "Surface Asphalt Parking Expanse (OSM #0450)",
        "censusTract": "OSM Way #40790450 • 21 impervious ways/450m"
      }
    },
    {
      "type": "Feature",
      "geometry": {
        "type": "Point",
        "coordinates": [
          -122.65815,
          45.52617
        ]
      },
      "properties": {
        "id": "portland-osm-40790459",
        "temperatureF": 116.2,
        "temperatureC": 46.8,
        "baselineRuralF": 76.2,
        "deltaF": 40,
        "severity": "Critical",
        "surfaceType": "asphalt",
        "areaName": "Surface Asphalt Parking Expanse (OSM #0459)",
        "censusTract": "OSM Way #40790459 • 22 impervious ways/450m"
      }
    },
    {
      "type": "Feature",
      "geometry": {
        "type": "Point",
        "coordinates": [
          -122.65712,
          45.52542
        ]
      },
      "properties": {
        "id": "portland-osm-40790460",
        "temperatureF": 111.9,
        "temperatureC": 44.4,
        "baselineRuralF": 76.2,
        "deltaF": 35.7,
        "severity": "Critical",
        "surfaceType": "commercial_roof",
        "areaName": "Willamette Valley Meat Company",
        "censusTract": "OSM Way #40790460 • 16 impervious ways/450m"
      }
    },
    {
      "type": "Feature",
      "geometry": {
        "type": "Point",
        "coordinates": [
          -122.65714,
          45.52485
        ]
      },
      "properties": {
        "id": "portland-osm-40790496",
        "temperatureF": 112.4,
        "temperatureC": 44.7,
        "baselineRuralF": 76.2,
        "deltaF": 36.2,
        "severity": "Critical",
        "surfaceType": "asphalt",
        "areaName": "Surface Asphalt Parking Expanse (OSM #0496)",
        "censusTract": "OSM Way #40790496 • 14 impervious ways/450m"
      }
    },
    {
      "type": "Feature",
      "geometry": {
        "type": "Point",
        "coordinates": [
          -122.66647,
          45.55122
        ]
      },
      "properties": {
        "id": "portland-osm-40790645",
        "temperatureF": 103.5,
        "temperatureC": 39.7,
        "baselineRuralF": 76.2,
        "deltaF": 27.3,
        "severity": "Critical",
        "surfaceType": "commercial_roof",
        "areaName": "3928 North Williams Avenue (Commercial Retail Complex)",
        "censusTract": "OSM Way #40790645 • 2 impervious ways/450m"
      }
    },
    {
      "type": "Feature",
      "geometry": {
        "type": "Point",
        "coordinates": [
          -122.66888,
          45.54163
        ]
      },
      "properties": {
        "id": "portland-osm-40941293",
        "temperatureF": 105.6,
        "temperatureC": 40.9,
        "baselineRuralF": 76.2,
        "deltaF": 29.4,
        "severity": "Critical",
        "surfaceType": "asphalt",
        "areaName": "Surface Asphalt Parking Expanse (OSM #1293)",
        "censusTract": "OSM Way #40941293 • 3 impervious ways/450m"
      }
    },
    {
      "type": "Feature",
      "geometry": {
        "type": "Point",
        "coordinates": [
          -122.66882,
          45.54239
        ]
      },
      "properties": {
        "id": "portland-osm-40941295",
        "temperatureF": 105.6,
        "temperatureC": 40.9,
        "baselineRuralF": 76.2,
        "deltaF": 29.4,
        "severity": "Critical",
        "surfaceType": "asphalt",
        "areaName": "Parking 3",
        "censusTract": "OSM Way #40941295 • 3 impervious ways/450m"
      }
    },
    {
      "type": "Feature",
      "geometry": {
        "type": "Point",
        "coordinates": [
          -122.69282,
          45.52395
        ]
      },
      "properties": {
        "id": "portland-osm-40943797",
        "temperatureF": 104.6,
        "temperatureC": 40.3,
        "baselineRuralF": 76.2,
        "deltaF": 28.4,
        "severity": "Critical",
        "surfaceType": "commercial_roof",
        "areaName": "Fred Meyer",
        "censusTract": "OSM Way #40943797 • 4 impervious ways/450m"
      }
    },
    {
      "type": "Feature",
      "geometry": {
        "type": "Point",
        "coordinates": [
          -122.69109,
          45.52328
        ]
      },
      "properties": {
        "id": "portland-osm-40943801",
        "temperatureF": 103.5,
        "temperatureC": 39.7,
        "baselineRuralF": 76.2,
        "deltaF": 27.3,
        "severity": "Critical",
        "surfaceType": "commercial_roof",
        "areaName": "1933 West Burnside Street (Commercial Retail Complex)",
        "censusTract": "OSM Way #40943801 • 2 impervious ways/450m"
      }
    },
    {
      "type": "Feature",
      "geometry": {
        "type": "Point",
        "coordinates": [
          -122.6981,
          45.5243
        ]
      },
      "properties": {
        "id": "portland-osm-40944140",
        "temperatureF": 105.9,
        "temperatureC": 41.1,
        "baselineRuralF": 76.2,
        "deltaF": 29.7,
        "severity": "Critical",
        "surfaceType": "commercial_roof",
        "areaName": "206 Northwest 23rd Avenue (Commercial Retail Complex)",
        "censusTract": "OSM Way #40944140 • 5 impervious ways/450m"
      }
    },
    {
      "type": "Feature",
      "geometry": {
        "type": "Point",
        "coordinates": [
          -122.69819,
          45.52404
        ]
      },
      "properties": {
        "id": "portland-osm-40944142",
        "temperatureF": 105.9,
        "temperatureC": 41.1,
        "baselineRuralF": 76.2,
        "deltaF": 29.7,
        "severity": "Critical",
        "surfaceType": "commercial_roof",
        "areaName": "110 Northwest 23rd Avenue (Commercial Retail Complex)",
        "censusTract": "OSM Way #40944142 • 5 impervious ways/450m"
      }
    },
    {
      "type": "Feature",
      "geometry": {
        "type": "Point",
        "coordinates": [
          -122.69902,
          45.52436
        ]
      },
      "properties": {
        "id": "portland-osm-40944146",
        "temperatureF": 105.3,
        "temperatureC": 40.7,
        "baselineRuralF": 76.2,
        "deltaF": 29.1,
        "severity": "Critical",
        "surfaceType": "commercial_roof",
        "areaName": "Commercial Retail Complex (OSM #4146)",
        "censusTract": "OSM Way #40944146 • 4 impervious ways/450m"
      }
    },
    {
      "type": "Feature",
      "geometry": {
        "type": "Point",
        "coordinates": [
          -122.69879,
          45.52422
        ]
      },
      "properties": {
        "id": "portland-osm-40944150",
        "temperatureF": 105.3,
        "temperatureC": 40.7,
        "baselineRuralF": 76.2,
        "deltaF": 29.1,
        "severity": "Critical",
        "surfaceType": "commercial_roof",
        "areaName": "Packard Service Building",
        "censusTract": "OSM Way #40944150 • 4 impervious ways/450m"
      }
    },
    {
      "type": "Feature",
      "geometry": {
        "type": "Point",
        "coordinates": [
          -122.69684,
          45.52357
        ]
      },
      "properties": {
        "id": "portland-osm-40944154",
        "temperatureF": 106.4,
        "temperatureC": 41.3,
        "baselineRuralF": 76.2,
        "deltaF": 30.2,
        "severity": "Critical",
        "surfaceType": "commercial_roof",
        "areaName": "2215 West Burnside Street (Commercial Retail Complex)",
        "censusTract": "OSM Way #40944154 • 6 impervious ways/450m"
      }
    },
    {
      "type": "Feature",
      "geometry": {
        "type": "Point",
        "coordinates": [
          -122.67684,
          45.52542
        ]
      },
      "properties": {
        "id": "portland-osm-40944329",
        "temperatureF": 109.2,
        "temperatureC": 42.9,
        "baselineRuralF": 76.2,
        "deltaF": 33,
        "severity": "Critical",
        "surfaceType": "commercial_roof",
        "areaName": "Everett Station Lofts",
        "censusTract": "OSM Way #40944329 • 11 impervious ways/450m"
      }
    },
    {
      "type": "Feature",
      "geometry": {
        "type": "Point",
        "coordinates": [
          -122.6652,
          45.53473
        ]
      },
      "properties": {
        "id": "portland-osm-40980094",
        "temperatureF": 116.2,
        "temperatureC": 46.8,
        "baselineRuralF": 76.2,
        "deltaF": 40,
        "severity": "Critical",
        "surfaceType": "asphalt",
        "areaName": "Broadway Toyota",
        "censusTract": "OSM Way #40980094 • 38 impervious ways/450m"
      }
    },
    {
      "type": "Feature",
      "geometry": {
        "type": "Point",
        "coordinates": [
          -122.6661,
          45.53495
        ]
      },
      "properties": {
        "id": "portland-osm-40980096",
        "temperatureF": 116.2,
        "temperatureC": 46.8,
        "baselineRuralF": 76.2,
        "deltaF": 40,
        "severity": "Critical",
        "surfaceType": "asphalt",
        "areaName": "Surface Asphalt Parking Expanse (OSM #0096)",
        "censusTract": "OSM Way #40980096 • 33 impervious ways/450m"
      }
    },
    {
      "type": "Feature",
      "geometry": {
        "type": "Point",
        "coordinates": [
          -122.66596,
          45.53455
        ]
      },
      "properties": {
        "id": "portland-osm-40980097",
        "temperatureF": 116.2,
        "temperatureC": 46.8,
        "baselineRuralF": 76.2,
        "deltaF": 40,
        "severity": "Critical",
        "surfaceType": "asphalt",
        "areaName": "Surface Asphalt Parking Expanse (OSM #0097)",
        "censusTract": "OSM Way #40980097 • 34 impervious ways/450m"
      }
    },
    {
      "type": "Feature",
      "geometry": {
        "type": "Point",
        "coordinates": [
          -122.66131,
          45.54057
        ]
      },
      "properties": {
        "id": "portland-osm-40994466",
        "temperatureF": 110.3,
        "temperatureC": 43.5,
        "baselineRuralF": 76.2,
        "deltaF": 34.1,
        "severity": "Critical",
        "surfaceType": "commercial_roof",
        "areaName": "2500 Northeast Martin Luther King Junior Boulevard (Commercial Retail Complex)",
        "censusTract": "OSM Way #40994466 • 13 impervious ways/450m"
      }
    },
    {
      "type": "Feature",
      "geometry": {
        "type": "Point",
        "coordinates": [
          -122.66211,
          45.53959
        ]
      },
      "properties": {
        "id": "portland-osm-40994467",
        "temperatureF": 113.6,
        "temperatureC": 45.3,
        "baselineRuralF": 76.2,
        "deltaF": 37.4,
        "severity": "Critical",
        "surfaceType": "commercial_roof",
        "areaName": "2313 Northeast Martin Luther King Junior Boulevard (Commercial Retail Complex)",
        "censusTract": "OSM Way #40994467 • 19 impervious ways/450m"
      }
    },
    {
      "type": "Feature",
      "geometry": {
        "type": "Point",
        "coordinates": [
          -122.66129,
          45.54092
        ]
      },
      "properties": {
        "id": "portland-osm-40994489",
        "temperatureF": 110.3,
        "temperatureC": 43.5,
        "baselineRuralF": 76.2,
        "deltaF": 34.1,
        "severity": "Critical",
        "surfaceType": "commercial_roof",
        "areaName": "2526 Northeast Martin Luther King Junior Boulevard (Commercial Retail Complex)",
        "censusTract": "OSM Way #40994489 • 13 impervious ways/450m"
      }
    },
    {
      "type": "Feature",
      "geometry": {
        "type": "Point",
        "coordinates": [
          -122.66127,
          45.54109
        ]
      },
      "properties": {
        "id": "portland-osm-40994490",
        "temperatureF": 110.3,
        "temperatureC": 43.5,
        "baselineRuralF": 76.2,
        "deltaF": 34.1,
        "severity": "Critical",
        "surfaceType": "commercial_roof",
        "areaName": "2540 Northeast Martin Luther King Junior Boulevard (Commercial Retail Complex)",
        "censusTract": "OSM Way #40994490 • 13 impervious ways/450m"
      }
    },
    {
      "type": "Feature",
      "geometry": {
        "type": "Point",
        "coordinates": [
          -122.66125,
          45.54184
        ]
      },
      "properties": {
        "id": "portland-osm-40994611",
        "temperatureF": 110.8,
        "temperatureC": 43.8,
        "baselineRuralF": 76.2,
        "deltaF": 34.6,
        "severity": "Critical",
        "surfaceType": "commercial_roof",
        "areaName": "Planet Fitness",
        "censusTract": "OSM Way #40994611 • 14 impervious ways/450m"
      }
    },
    {
      "type": "Feature",
      "geometry": {
        "type": "Point",
        "coordinates": [
          -122.66083,
          45.54191
        ]
      },
      "properties": {
        "id": "portland-osm-40994612",
        "temperatureF": 110.8,
        "temperatureC": 43.8,
        "baselineRuralF": 76.2,
        "deltaF": 34.6,
        "severity": "Critical",
        "surfaceType": "commercial_roof",
        "areaName": "430 Northeast Knott Street (Commercial Retail Complex)",
        "censusTract": "OSM Way #40994612 • 14 impervious ways/450m"
      }
    },
    {
      "type": "Feature",
      "geometry": {
        "type": "Point",
        "coordinates": [
          -122.66096,
          45.5415
        ]
      },
      "properties": {
        "id": "portland-osm-40994614",
        "temperatureF": 111.8,
        "temperatureC": 44.3,
        "baselineRuralF": 76.2,
        "deltaF": 35.6,
        "severity": "Critical",
        "surfaceType": "asphalt",
        "areaName": "Surface Asphalt Parking Expanse (OSM #4614)",
        "censusTract": "OSM Way #40994614 • 13 impervious ways/450m"
      }
    },
    {
      "type": "Feature",
      "geometry": {
        "type": "Point",
        "coordinates": [
          -122.66188,
          45.54163
        ]
      },
      "properties": {
        "id": "portland-osm-40994618",
        "temperatureF": 110.3,
        "temperatureC": 43.5,
        "baselineRuralF": 76.2,
        "deltaF": 34.1,
        "severity": "Critical",
        "surfaceType": "commercial_roof",
        "areaName": "Comfort Auto Body & Repair",
        "censusTract": "OSM Way #40994618 • 13 impervious ways/450m"
      }
    },
    {
      "type": "Feature",
      "geometry": {
        "type": "Point",
        "coordinates": [
          -122.66128,
          45.54263
        ]
      },
      "properties": {
        "id": "portland-osm-40994715",
        "temperatureF": 111.4,
        "temperatureC": 44.1,
        "baselineRuralF": 76.2,
        "deltaF": 35.2,
        "severity": "Critical",
        "surfaceType": "commercial_roof",
        "areaName": "2746 Northeast Martin Luther King Junior Boulevard (Commercial Retail Complex)",
        "censusTract": "OSM Way #40994715 • 15 impervious ways/450m"
      }
    },
    {
      "type": "Feature",
      "geometry": {
        "type": "Point",
        "coordinates": [
          -122.66115,
          45.5428
        ]
      },
      "properties": {
        "id": "portland-osm-40994717",
        "temperatureF": 111.4,
        "temperatureC": 44.1,
        "baselineRuralF": 76.2,
        "deltaF": 35.2,
        "severity": "Critical",
        "surfaceType": "commercial_roof",
        "areaName": "2766 Northeast Martin Luther King Junior Boulevard (Commercial Retail Complex)",
        "censusTract": "OSM Way #40994717 • 15 impervious ways/450m"
      }
    },
    {
      "type": "Feature",
      "geometry": {
        "type": "Point",
        "coordinates": [
          -122.661,
          45.5424
        ]
      },
      "properties": {
        "id": "portland-osm-40994802",
        "temperatureF": 111.4,
        "temperatureC": 44.1,
        "baselineRuralF": 76.2,
        "deltaF": 35.2,
        "severity": "Critical",
        "surfaceType": "commercial_roof",
        "areaName": "Commercial Retail Complex (OSM #4802)",
        "censusTract": "OSM Way #40994802 • 15 impervious ways/450m"
      }
    },
    {
      "type": "Feature",
      "geometry": {
        "type": "Point",
        "coordinates": [
          -122.66226,
          45.54235
        ]
      },
      "properties": {
        "id": "portland-osm-40994808",
        "temperatureF": 112.9,
        "temperatureC": 44.9,
        "baselineRuralF": 76.2,
        "deltaF": 36.7,
        "severity": "Critical",
        "surfaceType": "asphalt",
        "areaName": "Surface Asphalt Parking Expanse (OSM #4808)",
        "censusTract": "OSM Way #40994808 • 15 impervious ways/450m"
      }
    },
    {
      "type": "Feature",
      "geometry": {
        "type": "Point",
        "coordinates": [
          -122.66233,
          45.5414
        ]
      },
      "properties": {
        "id": "portland-osm-40995115",
        "temperatureF": 111.8,
        "temperatureC": 44.3,
        "baselineRuralF": 76.2,
        "deltaF": 35.6,
        "severity": "Critical",
        "surfaceType": "asphalt",
        "areaName": "Surface Asphalt Parking Expanse (OSM #5115)",
        "censusTract": "OSM Way #40995115 • 13 impervious ways/450m"
      }
    },
    {
      "type": "Feature",
      "geometry": {
        "type": "Point",
        "coordinates": [
          -122.66063,
          45.5411
        ]
      },
      "properties": {
        "id": "portland-osm-40995129",
        "temperatureF": 110.3,
        "temperatureC": 43.5,
        "baselineRuralF": 76.2,
        "deltaF": 34.1,
        "severity": "Critical",
        "surfaceType": "commercial_roof",
        "areaName": "Charles E. Johnson Building",
        "censusTract": "OSM Way #40995129 • 13 impervious ways/450m"
      }
    },
    {
      "type": "Feature",
      "geometry": {
        "type": "Point",
        "coordinates": [
          -122.66132,
          45.54577
        ]
      },
      "properties": {
        "id": "portland-osm-40995300",
        "temperatureF": 106.8,
        "temperatureC": 41.6,
        "baselineRuralF": 76.2,
        "deltaF": 30.6,
        "severity": "Critical",
        "surfaceType": "commercial_roof",
        "areaName": "Popeyes",
        "censusTract": "OSM Way #40995300 • 8 impervious ways/450m"
      }
    },
    {
      "type": "Feature",
      "geometry": {
        "type": "Point",
        "coordinates": [
          -122.66124,
          45.54612
        ]
      },
      "properties": {
        "id": "portland-osm-40995301",
        "temperatureF": 105.7,
        "temperatureC": 40.9,
        "baselineRuralF": 76.2,
        "deltaF": 29.5,
        "severity": "Critical",
        "surfaceType": "commercial_roof",
        "areaName": "Splash-n-Dash Car Wash",
        "censusTract": "OSM Way #40995301 • 6 impervious ways/450m"
      }
    }
  ]
}